model,params_b,device,platform,memory_gb,quant,ctx,kv,verdict,used_gb,free_gb,max_context,measured_peak_gb,measured_source
GLM-4.7-Flash,30,RTX 5090,gpu,32,Q4_K_M,8192,F16,yes,21.87,10.13,105186,,
GLM-4.7-Flash,30,RTX 5090,gpu,32,Q5_K_M,8192,F16,yes,25.03,6.97,69213,,
GLM-4.7-Flash,30,RTX 5090,gpu,32,Q6_K,8192,F16,yes,28.39,3.61,30995,,
GLM-4.7-Flash,30,RTX 5090,gpu,32,Q8_0,8192,F16,no,35.97,-3.97,0,,
GLM-4.7-Flash,30,RTX 5090,gpu,32,FP16,8192,F16,no,65.31,-33.31,0,,
GLM-4.7-Flash,30,RTX 5080,gpu,16,Q4_K_M,8192,F16,no,21.87,-5.87,0,,
GLM-4.7-Flash,30,RTX 5080,gpu,16,Q5_K_M,8192,F16,no,25.03,-9.03,0,,
GLM-4.7-Flash,30,RTX 5080,gpu,16,Q6_K,8192,F16,no,28.39,-12.39,0,,
GLM-4.7-Flash,30,RTX 5080,gpu,16,Q8_0,8192,F16,no,35.97,-19.97,0,,
GLM-4.7-Flash,30,RTX 5080,gpu,16,FP16,8192,F16,no,65.31,-49.31,0,,
GLM-4.7-Flash,30,RTX 5070 Ti,gpu,16,Q4_K_M,8192,F16,no,21.87,-5.87,0,,
GLM-4.7-Flash,30,RTX 5070 Ti,gpu,16,Q5_K_M,8192,F16,no,25.03,-9.03,0,,
GLM-4.7-Flash,30,RTX 5070 Ti,gpu,16,Q6_K,8192,F16,no,28.39,-12.39,0,,
GLM-4.7-Flash,30,RTX 5070 Ti,gpu,16,Q8_0,8192,F16,no,35.97,-19.97,0,,
GLM-4.7-Flash,30,RTX 5070 Ti,gpu,16,FP16,8192,F16,no,65.31,-49.31,0,,
GLM-4.7-Flash,30,RTX 5070,gpu,12,Q4_K_M,8192,F16,no,21.87,-9.87,0,,
GLM-4.7-Flash,30,RTX 5070,gpu,12,Q5_K_M,8192,F16,no,25.03,-13.03,0,,
GLM-4.7-Flash,30,RTX 5070,gpu,12,Q6_K,8192,F16,no,28.39,-16.39,0,,
GLM-4.7-Flash,30,RTX 5070,gpu,12,Q8_0,8192,F16,no,35.97,-23.97,0,,
GLM-4.7-Flash,30,RTX 5070,gpu,12,FP16,8192,F16,no,65.31,-53.31,0,,
GLM-4.7-Flash,30,RTX 4090,gpu,24,Q4_K_M,8192,F16,yes,21.87,2.13,18812,,
GLM-4.7-Flash,30,RTX 4090,gpu,24,Q5_K_M,8192,F16,no,25.03,-1.03,0,,
GLM-4.7-Flash,30,RTX 4090,gpu,24,Q6_K,8192,F16,no,28.39,-4.39,0,,
GLM-4.7-Flash,30,RTX 4090,gpu,24,Q8_0,8192,F16,no,35.97,-11.97,0,,
GLM-4.7-Flash,30,RTX 4090,gpu,24,FP16,8192,F16,no,65.31,-41.31,0,,
GLM-4.7-Flash,30,RTX 4080 SUPER,gpu,16,Q4_K_M,8192,F16,no,21.87,-5.87,0,,
GLM-4.7-Flash,30,RTX 4080 SUPER,gpu,16,Q5_K_M,8192,F16,no,25.03,-9.03,0,,
GLM-4.7-Flash,30,RTX 4080 SUPER,gpu,16,Q6_K,8192,F16,no,28.39,-12.39,0,,
GLM-4.7-Flash,30,RTX 4080 SUPER,gpu,16,Q8_0,8192,F16,no,35.97,-19.97,0,,
GLM-4.7-Flash,30,RTX 4080 SUPER,gpu,16,FP16,8192,F16,no,65.31,-49.31,0,,
GLM-4.7-Flash,30,RTX 4070 Ti SUPER,gpu,16,Q4_K_M,8192,F16,no,21.87,-5.87,0,,
GLM-4.7-Flash,30,RTX 4070 Ti SUPER,gpu,16,Q5_K_M,8192,F16,no,25.03,-9.03,0,,
GLM-4.7-Flash,30,RTX 4070 Ti SUPER,gpu,16,Q6_K,8192,F16,no,28.39,-12.39,0,,
GLM-4.7-Flash,30,RTX 4070 Ti SUPER,gpu,16,Q8_0,8192,F16,no,35.97,-19.97,0,,
GLM-4.7-Flash,30,RTX 4070 Ti SUPER,gpu,16,FP16,8192,F16,no,65.31,-49.31,0,,
GLM-4.7-Flash,30,RTX 4070,gpu,12,Q4_K_M,8192,F16,no,21.87,-9.87,0,,
GLM-4.7-Flash,30,RTX 4070,gpu,12,Q5_K_M,8192,F16,no,25.03,-13.03,0,,
GLM-4.7-Flash,30,RTX 4070,gpu,12,Q6_K,8192,F16,no,28.39,-16.39,0,,
GLM-4.7-Flash,30,RTX 4070,gpu,12,Q8_0,8192,F16,no,35.97,-23.97,0,,
GLM-4.7-Flash,30,RTX 4070,gpu,12,FP16,8192,F16,no,65.31,-53.31,0,,
GLM-4.7-Flash,30,RTX 4060 Ti 16GB,gpu,16,Q4_K_M,8192,F16,no,21.87,-5.87,0,,
GLM-4.7-Flash,30,RTX 4060 Ti 16GB,gpu,16,Q5_K_M,8192,F16,no,25.03,-9.03,0,,
GLM-4.7-Flash,30,RTX 4060 Ti 16GB,gpu,16,Q6_K,8192,F16,no,28.39,-12.39,0,,
GLM-4.7-Flash,30,RTX 4060 Ti 16GB,gpu,16,Q8_0,8192,F16,no,35.97,-19.97,0,,
GLM-4.7-Flash,30,RTX 4060 Ti 16GB,gpu,16,FP16,8192,F16,no,65.31,-49.31,0,,
GLM-4.7-Flash,30,RTX 3090,gpu,24,Q4_K_M,8192,F16,yes,21.87,2.13,18812,,
GLM-4.7-Flash,30,RTX 3090,gpu,24,Q5_K_M,8192,F16,no,25.03,-1.03,0,,
GLM-4.7-Flash,30,RTX 3090,gpu,24,Q6_K,8192,F16,no,28.39,-4.39,0,,
GLM-4.7-Flash,30,RTX 3090,gpu,24,Q8_0,8192,F16,no,35.97,-11.97,0,,
GLM-4.7-Flash,30,RTX 3090,gpu,24,FP16,8192,F16,no,65.31,-41.31,0,,
GLM-4.7-Flash,30,RTX 3090 Ti,gpu,24,Q4_K_M,8192,F16,yes,21.87,2.13,18812,,
GLM-4.7-Flash,30,RTX 3090 Ti,gpu,24,Q5_K_M,8192,F16,no,25.03,-1.03,0,,
GLM-4.7-Flash,30,RTX 3090 Ti,gpu,24,Q6_K,8192,F16,no,28.39,-4.39,0,,
GLM-4.7-Flash,30,RTX 3090 Ti,gpu,24,Q8_0,8192,F16,no,35.97,-11.97,0,,
GLM-4.7-Flash,30,RTX 3090 Ti,gpu,24,FP16,8192,F16,no,65.31,-41.31,0,,
GLM-4.7-Flash,30,RTX 3080 10GB,gpu,10,Q4_K_M,8192,F16,no,21.87,-11.87,0,,
GLM-4.7-Flash,30,RTX 3080 10GB,gpu,10,Q5_K_M,8192,F16,no,25.03,-15.03,0,,
GLM-4.7-Flash,30,RTX 3080 10GB,gpu,10,Q6_K,8192,F16,no,28.39,-18.39,0,,
GLM-4.7-Flash,30,RTX 3080 10GB,gpu,10,Q8_0,8192,F16,no,35.97,-25.97,0,,
GLM-4.7-Flash,30,RTX 3080 10GB,gpu,10,FP16,8192,F16,no,65.31,-55.31,0,,
GLM-4.7-Flash,30,RTX 3080 12GB,gpu,12,Q4_K_M,8192,F16,no,21.87,-9.87,0,,
GLM-4.7-Flash,30,RTX 3080 12GB,gpu,12,Q5_K_M,8192,F16,no,25.03,-13.03,0,,
GLM-4.7-Flash,30,RTX 3080 12GB,gpu,12,Q6_K,8192,F16,no,28.39,-16.39,0,,
GLM-4.7-Flash,30,RTX 3080 12GB,gpu,12,Q8_0,8192,F16,no,35.97,-23.97,0,,
GLM-4.7-Flash,30,RTX 3080 12GB,gpu,12,FP16,8192,F16,no,65.31,-53.31,0,,
GLM-4.7-Flash,30,RTX 3060 12GB,gpu,12,Q4_K_M,8192,F16,no,21.87,-9.87,0,,
GLM-4.7-Flash,30,RTX 3060 12GB,gpu,12,Q5_K_M,8192,F16,no,25.03,-13.03,0,,
GLM-4.7-Flash,30,RTX 3060 12GB,gpu,12,Q6_K,8192,F16,no,28.39,-16.39,0,,
GLM-4.7-Flash,30,RTX 3060 12GB,gpu,12,Q8_0,8192,F16,no,35.97,-23.97,0,,
GLM-4.7-Flash,30,RTX 3060 12GB,gpu,12,FP16,8192,F16,no,65.31,-53.31,0,,
GLM-4.7-Flash,30,RTX 5060 Ti 16GB,gpu,16,Q4_K_M,8192,F16,no,21.87,-5.87,0,,
GLM-4.7-Flash,30,RTX 5060 Ti 16GB,gpu,16,Q5_K_M,8192,F16,no,25.03,-9.03,0,,
GLM-4.7-Flash,30,RTX 5060 Ti 16GB,gpu,16,Q6_K,8192,F16,no,28.39,-12.39,0,,
GLM-4.7-Flash,30,RTX 5060 Ti 16GB,gpu,16,Q8_0,8192,F16,no,35.97,-19.97,0,,
GLM-4.7-Flash,30,RTX 5060 Ti 16GB,gpu,16,FP16,8192,F16,no,65.31,-49.31,0,,
GLM-4.7-Flash,30,RTX 4070 Ti,gpu,12,Q4_K_M,8192,F16,no,21.87,-9.87,0,,
GLM-4.7-Flash,30,RTX 4070 Ti,gpu,12,Q5_K_M,8192,F16,no,25.03,-13.03,0,,
GLM-4.7-Flash,30,RTX 4070 Ti,gpu,12,Q6_K,8192,F16,no,28.39,-16.39,0,,
GLM-4.7-Flash,30,RTX 4070 Ti,gpu,12,Q8_0,8192,F16,no,35.97,-23.97,0,,
GLM-4.7-Flash,30,RTX 4070 Ti,gpu,12,FP16,8192,F16,no,65.31,-53.31,0,,
GLM-4.7-Flash,30,RTX 4080,gpu,16,Q4_K_M,8192,F16,no,21.87,-5.87,0,,
GLM-4.7-Flash,30,RTX 4080,gpu,16,Q5_K_M,8192,F16,no,25.03,-9.03,0,,
GLM-4.7-Flash,30,RTX 4080,gpu,16,Q6_K,8192,F16,no,28.39,-12.39,0,,
GLM-4.7-Flash,30,RTX 4080,gpu,16,Q8_0,8192,F16,no,35.97,-19.97,0,,
GLM-4.7-Flash,30,RTX 4080,gpu,16,FP16,8192,F16,no,65.31,-49.31,0,,
GLM-4.7-Flash,30,RTX 4060 Ti 8GB,gpu,8,Q4_K_M,8192,F16,no,21.87,-13.87,0,,
GLM-4.7-Flash,30,RTX 4060 Ti 8GB,gpu,8,Q5_K_M,8192,F16,no,25.03,-17.03,0,,
GLM-4.7-Flash,30,RTX 4060 Ti 8GB,gpu,8,Q6_K,8192,F16,no,28.39,-20.39,0,,
GLM-4.7-Flash,30,RTX 4060 Ti 8GB,gpu,8,Q8_0,8192,F16,no,35.97,-27.97,0,,
GLM-4.7-Flash,30,RTX 4060 Ti 8GB,gpu,8,FP16,8192,F16,no,65.31,-57.31,0,,
GLM-4.7-Flash,30,RTX 3060 8GB,gpu,8,Q4_K_M,8192,F16,no,21.87,-13.87,0,,
GLM-4.7-Flash,30,RTX 3060 8GB,gpu,8,Q5_K_M,8192,F16,no,25.03,-17.03,0,,
GLM-4.7-Flash,30,RTX 3060 8GB,gpu,8,Q6_K,8192,F16,no,28.39,-20.39,0,,
GLM-4.7-Flash,30,RTX 3060 8GB,gpu,8,Q8_0,8192,F16,no,35.97,-27.97,0,,
GLM-4.7-Flash,30,RTX 3060 8GB,gpu,8,FP16,8192,F16,no,65.31,-57.31,0,,
GLM-4.7-Flash,30,RTX 2080 Ti,gpu,11,Q4_K_M,8192,F16,no,21.87,-10.87,0,,
GLM-4.7-Flash,30,RTX 2080 Ti,gpu,11,Q5_K_M,8192,F16,no,25.03,-14.03,0,,
GLM-4.7-Flash,30,RTX 2080 Ti,gpu,11,Q6_K,8192,F16,no,28.39,-17.39,0,,
GLM-4.7-Flash,30,RTX 2080 Ti,gpu,11,Q8_0,8192,F16,no,35.97,-24.97,0,,
GLM-4.7-Flash,30,RTX 2080 Ti,gpu,11,FP16,8192,F16,no,65.31,-54.31,0,,
GLM-4.7-Flash,30,RTX 6000 Ada,gpu,48,Q4_K_M,8192,F16,yes,21.87,26.13,202752,,
GLM-4.7-Flash,30,RTX 6000 Ada,gpu,48,Q5_K_M,8192,F16,yes,25.03,22.97,202752,,
GLM-4.7-Flash,30,RTX 6000 Ada,gpu,48,Q6_K,8192,F16,yes,28.39,19.61,202752,,
GLM-4.7-Flash,30,RTX 6000 Ada,gpu,48,Q8_0,8192,F16,yes,35.97,12.03,117612,,
GLM-4.7-Flash,30,RTX 6000 Ada,gpu,48,FP16,8192,F16,no,65.31,-17.31,0,,
GLM-4.7-Flash,30,RTX PRO 6000 Blackwell,gpu,96,Q4_K_M,8192,F16,yes,21.87,74.13,202752,,
GLM-4.7-Flash,30,RTX PRO 6000 Blackwell,gpu,96,Q5_K_M,8192,F16,yes,25.03,70.97,202752,,
GLM-4.7-Flash,30,RTX PRO 6000 Blackwell,gpu,96,Q6_K,8192,F16,yes,28.39,67.61,202752,,
GLM-4.7-Flash,30,RTX PRO 6000 Blackwell,gpu,96,Q8_0,8192,F16,yes,35.97,60.03,202752,,
GLM-4.7-Flash,30,RTX PRO 6000 Blackwell,gpu,96,FP16,8192,F16,yes,65.31,30.69,202752,,
GLM-4.7-Flash,30,RX 7900 XTX,gpu,24,Q4_K_M,8192,F16,yes,21.87,2.13,18812,,
GLM-4.7-Flash,30,RX 7900 XTX,gpu,24,Q5_K_M,8192,F16,no,25.03,-1.03,0,,
GLM-4.7-Flash,30,RX 7900 XTX,gpu,24,Q6_K,8192,F16,no,28.39,-4.39,0,,
GLM-4.7-Flash,30,RX 7900 XTX,gpu,24,Q8_0,8192,F16,no,35.97,-11.97,0,,
GLM-4.7-Flash,30,RX 7900 XTX,gpu,24,FP16,8192,F16,no,65.31,-41.31,0,,
GLM-4.7-Flash,30,RX 7900 XT,gpu,20,Q4_K_M,8192,F16,no,21.87,-1.87,0,,
GLM-4.7-Flash,30,RX 7900 XT,gpu,20,Q5_K_M,8192,F16,no,25.03,-5.03,0,,
GLM-4.7-Flash,30,RX 7900 XT,gpu,20,Q6_K,8192,F16,no,28.39,-8.39,0,,
GLM-4.7-Flash,30,RX 7900 XT,gpu,20,Q8_0,8192,F16,no,35.97,-15.97,0,,
GLM-4.7-Flash,30,RX 7900 XT,gpu,20,FP16,8192,F16,no,65.31,-45.31,0,,
GLM-4.7-Flash,30,RX 7800 XT,gpu,16,Q4_K_M,8192,F16,no,21.87,-5.87,0,,
GLM-4.7-Flash,30,RX 7800 XT,gpu,16,Q5_K_M,8192,F16,no,25.03,-9.03,0,,
GLM-4.7-Flash,30,RX 7800 XT,gpu,16,Q6_K,8192,F16,no,28.39,-12.39,0,,
GLM-4.7-Flash,30,RX 7800 XT,gpu,16,Q8_0,8192,F16,no,35.97,-19.97,0,,
GLM-4.7-Flash,30,RX 7800 XT,gpu,16,FP16,8192,F16,no,65.31,-49.31,0,,
GLM-4.7-Flash,30,RX 9070 XT,gpu,16,Q4_K_M,8192,F16,no,21.87,-5.87,0,,
GLM-4.7-Flash,30,RX 9070 XT,gpu,16,Q5_K_M,8192,F16,no,25.03,-9.03,0,,
GLM-4.7-Flash,30,RX 9070 XT,gpu,16,Q6_K,8192,F16,no,28.39,-12.39,0,,
GLM-4.7-Flash,30,RX 9070 XT,gpu,16,Q8_0,8192,F16,no,35.97,-19.97,0,,
GLM-4.7-Flash,30,RX 9070 XT,gpu,16,FP16,8192,F16,no,65.31,-49.31,0,,
GLM-4.7-Flash,30,RX 9070,gpu,16,Q4_K_M,8192,F16,no,21.87,-5.87,0,,
GLM-4.7-Flash,30,RX 9070,gpu,16,Q5_K_M,8192,F16,no,25.03,-9.03,0,,
GLM-4.7-Flash,30,RX 9070,gpu,16,Q6_K,8192,F16,no,28.39,-12.39,0,,
GLM-4.7-Flash,30,RX 9070,gpu,16,Q8_0,8192,F16,no,35.97,-19.97,0,,
GLM-4.7-Flash,30,RX 9070,gpu,16,FP16,8192,F16,no,65.31,-49.31,0,,
GLM-4.7-Flash,30,Radeon PRO W7900,gpu,48,Q4_K_M,8192,F16,yes,21.87,26.13,202752,,
GLM-4.7-Flash,30,Radeon PRO W7900,gpu,48,Q5_K_M,8192,F16,yes,25.03,22.97,202752,,
GLM-4.7-Flash,30,Radeon PRO W7900,gpu,48,Q6_K,8192,F16,yes,28.39,19.61,202752,,
GLM-4.7-Flash,30,Radeon PRO W7900,gpu,48,Q8_0,8192,F16,yes,35.97,12.03,117612,,
GLM-4.7-Flash,30,Radeon PRO W7900,gpu,48,FP16,8192,F16,no,65.31,-17.31,0,,
GLM-4.7-Flash,30,2× RTX 3090,gpu,48,Q4_K_M,8192,F16,yes,23.87,24.13,202752,,
GLM-4.7-Flash,30,2× RTX 3090,gpu,48,Q5_K_M,8192,F16,yes,27.03,20.97,202752,,
GLM-4.7-Flash,30,2× RTX 3090,gpu,48,Q6_K,8192,F16,yes,30.39,17.61,181013,,
GLM-4.7-Flash,30,2× RTX 3090,gpu,48,Q8_0,8192,F16,yes,37.97,10.03,94882,,
GLM-4.7-Flash,30,2× RTX 3090,gpu,48,FP16,8192,F16,no,67.31,-19.31,0,,
GLM-4.7-Flash,30,2× RTX 4090,gpu,48,Q4_K_M,8192,F16,yes,23.87,24.13,202752,,
GLM-4.7-Flash,30,2× RTX 4090,gpu,48,Q5_K_M,8192,F16,yes,27.03,20.97,202752,,
GLM-4.7-Flash,30,2× RTX 4090,gpu,48,Q6_K,8192,F16,yes,30.39,17.61,181013,,
GLM-4.7-Flash,30,2× RTX 4090,gpu,48,Q8_0,8192,F16,yes,37.97,10.03,94882,,
GLM-4.7-Flash,30,2× RTX 4090,gpu,48,FP16,8192,F16,no,67.31,-19.31,0,,
GLM-4.7-Flash,30,4× RTX 3090,gpu,96,Q4_K_M,8192,F16,yes,27.87,68.13,202752,,
GLM-4.7-Flash,30,4× RTX 3090,gpu,96,Q5_K_M,8192,F16,yes,31.03,64.97,202752,,
GLM-4.7-Flash,30,4× RTX 3090,gpu,96,Q6_K,8192,F16,yes,34.39,61.61,202752,,
GLM-4.7-Flash,30,4× RTX 3090,gpu,96,Q8_0,8192,F16,yes,41.97,54.03,202752,,
GLM-4.7-Flash,30,4× RTX 3090,gpu,96,FP16,8192,F16,yes,71.31,24.69,202752,,
GLM-4.7-Flash,30,A100 40GB,gpu,40,Q4_K_M,8192,F16,yes,21.87,18.13,191560,,
GLM-4.7-Flash,30,A100 40GB,gpu,40,Q5_K_M,8192,F16,yes,25.03,14.97,155587,,
GLM-4.7-Flash,30,A100 40GB,gpu,40,Q6_K,8192,F16,yes,28.39,11.61,117369,,
GLM-4.7-Flash,30,A100 40GB,gpu,40,Q8_0,8192,F16,yes,35.97,4.03,31238,,
GLM-4.7-Flash,30,A100 40GB,gpu,40,FP16,8192,F16,no,65.31,-25.31,0,,
GLM-4.7-Flash,30,A100 80GB,gpu,80,Q4_K_M,8192,F16,yes,21.87,58.13,202752,,
GLM-4.7-Flash,30,A100 80GB,gpu,80,Q5_K_M,8192,F16,yes,25.03,54.97,202752,,
GLM-4.7-Flash,30,A100 80GB,gpu,80,Q6_K,8192,F16,yes,28.39,51.61,202752,,
GLM-4.7-Flash,30,A100 80GB,gpu,80,Q8_0,8192,F16,yes,35.97,44.03,202752,,
GLM-4.7-Flash,30,A100 80GB,gpu,80,FP16,8192,F16,yes,65.31,14.69,129710,,
GLM-4.7-Flash,30,H100 80GB,gpu,80,Q4_K_M,8192,F16,yes,21.87,58.13,202752,,
GLM-4.7-Flash,30,H100 80GB,gpu,80,Q5_K_M,8192,F16,yes,25.03,54.97,202752,,
GLM-4.7-Flash,30,H100 80GB,gpu,80,Q6_K,8192,F16,yes,28.39,51.61,202752,,
GLM-4.7-Flash,30,H100 80GB,gpu,80,Q8_0,8192,F16,yes,35.97,44.03,202752,,
GLM-4.7-Flash,30,H100 80GB,gpu,80,FP16,8192,F16,yes,65.31,14.69,129710,,
GLM-4.7-Flash,30,H200 141GB,gpu,141,Q4_K_M,8192,F16,yes,21.87,119.13,202752,,
GLM-4.7-Flash,30,H200 141GB,gpu,141,Q5_K_M,8192,F16,yes,25.03,115.97,202752,,
GLM-4.7-Flash,30,H200 141GB,gpu,141,Q6_K,8192,F16,yes,28.39,112.61,202752,,
GLM-4.7-Flash,30,H200 141GB,gpu,141,Q8_0,8192,F16,yes,35.97,105.03,202752,,
GLM-4.7-Flash,30,H200 141GB,gpu,141,FP16,8192,F16,yes,65.31,75.69,202752,,
GLM-4.7-Flash,30,B200,gpu,192,Q4_K_M,8192,F16,yes,21.87,170.13,202752,,
GLM-4.7-Flash,30,B200,gpu,192,Q5_K_M,8192,F16,yes,25.03,166.97,202752,,
GLM-4.7-Flash,30,B200,gpu,192,Q6_K,8192,F16,yes,28.39,163.61,202752,,
GLM-4.7-Flash,30,B200,gpu,192,Q8_0,8192,F16,yes,35.97,156.03,202752,,
GLM-4.7-Flash,30,B200,gpu,192,FP16,8192,F16,yes,65.31,126.69,202752,,
GLM-4.7-Flash,30,M5 16GB,mac,16,4bit,8192,F16,no,25.37,-9.37,0,,
GLM-4.7-Flash,30,M5 16GB,mac,16,8bit,8192,F16,no,41.01,-25.01,0,,
GLM-4.7-Flash,30,M5 16GB,mac,16,16bit,8192,F16,no,72.31,-56.31,0,,
GLM-4.7-Flash,30,M5 24GB,mac,24,4bit,8192,F16,no,25.37,-1.37,0,,
GLM-4.7-Flash,30,M5 24GB,mac,24,8bit,8192,F16,no,41.01,-17.01,0,,
GLM-4.7-Flash,30,M5 24GB,mac,24,16bit,8192,F16,no,72.31,-48.31,0,,
GLM-4.7-Flash,30,M5 32GB,mac,32,4bit,8192,F16,yes,24.87,7.13,16522,,
GLM-4.7-Flash,30,M5 32GB,mac,32,8bit,8192,F16,no,40.51,-8.51,0,,
GLM-4.7-Flash,30,M5 32GB,mac,32,16bit,8192,F16,no,71.81,-39.81,0,,
GLM-4.7-Flash,30,M5 Pro 24GB,mac,24,4bit,8192,F16,no,25.37,-1.37,0,,
GLM-4.7-Flash,30,M5 Pro 24GB,mac,24,8bit,8192,F16,no,41.01,-17.01,0,,
GLM-4.7-Flash,30,M5 Pro 24GB,mac,24,16bit,8192,F16,no,72.31,-48.31,0,,
GLM-4.7-Flash,30,M5 Pro 48GB,mac,48,4bit,8192,F16,yes,24.37,23.63,167676,,
GLM-4.7-Flash,30,M5 Pro 48GB,mac,48,8bit,8192,F16,tight,40.01,7.99,0,,
GLM-4.7-Flash,30,M5 Pro 48GB,mac,48,16bit,8192,F16,no,71.31,-23.31,0,,
GLM-4.7-Flash,30,M5 Pro 64GB,mac,64,4bit,8192,F16,yes,24.37,39.63,202752,,
GLM-4.7-Flash,30,M5 Pro 64GB,mac,64,8bit,8192,F16,yes,40.01,23.99,135329,,
GLM-4.7-Flash,30,M5 Pro 64GB,mac,64,16bit,8192,F16,no,71.31,-7.31,0,,
GLM-4.7-Flash,30,M5 Max 36GB,mac,36,4bit,8192,F16,yes,24.87,11.13,52890,,
GLM-4.7-Flash,30,M5 Max 36GB,mac,36,8bit,8192,F16,no,40.51,-4.51,0,,
GLM-4.7-Flash,30,M5 Max 36GB,mac,36,16bit,8192,F16,no,71.81,-35.81,0,,
GLM-4.7-Flash,30,M5 Max 48GB,mac,48,4bit,8192,F16,yes,24.37,23.63,167676,,
GLM-4.7-Flash,30,M5 Max 48GB,mac,48,8bit,8192,F16,tight,40.01,7.99,0,,
GLM-4.7-Flash,30,M5 Max 48GB,mac,48,16bit,8192,F16,no,71.31,-23.31,0,,
GLM-4.7-Flash,30,M5 Max 64GB,mac,64,4bit,8192,F16,yes,24.37,39.63,202752,,
GLM-4.7-Flash,30,M5 Max 64GB,mac,64,8bit,8192,F16,yes,40.01,23.99,135329,,
GLM-4.7-Flash,30,M5 Max 64GB,mac,64,16bit,8192,F16,no,71.31,-7.31,0,,
GLM-4.7-Flash,30,M5 Max 128GB,mac,128,4bit,8192,F16,yes,24.37,103.63,202752,,
GLM-4.7-Flash,30,M5 Max 128GB,mac,128,8bit,8192,F16,yes,40.01,87.99,202752,,
GLM-4.7-Flash,30,M5 Max 128GB,mac,128,16bit,8192,F16,yes,71.31,56.69,202752,,
GLM-4.7-Flash,30,M4 16GB,mac,16,4bit,8192,F16,no,25.37,-9.37,0,,
GLM-4.7-Flash,30,M4 16GB,mac,16,8bit,8192,F16,no,41.01,-25.01,0,,
GLM-4.7-Flash,30,M4 16GB,mac,16,16bit,8192,F16,no,72.31,-56.31,0,,
GLM-4.7-Flash,30,M4 24GB,mac,24,4bit,8192,F16,no,25.37,-1.37,0,,
GLM-4.7-Flash,30,M4 24GB,mac,24,8bit,8192,F16,no,41.01,-17.01,0,,
GLM-4.7-Flash,30,M4 24GB,mac,24,16bit,8192,F16,no,72.31,-48.31,0,,
GLM-4.7-Flash,30,M4 32GB,mac,32,4bit,8192,F16,yes,24.87,7.13,16522,,
GLM-4.7-Flash,30,M4 32GB,mac,32,8bit,8192,F16,no,40.51,-8.51,0,,
GLM-4.7-Flash,30,M4 32GB,mac,32,16bit,8192,F16,no,71.81,-39.81,0,,
GLM-4.7-Flash,30,M4 Pro 24GB,mac,24,4bit,8192,F16,no,25.37,-1.37,0,,
GLM-4.7-Flash,30,M4 Pro 24GB,mac,24,8bit,8192,F16,no,41.01,-17.01,0,,
GLM-4.7-Flash,30,M4 Pro 24GB,mac,24,16bit,8192,F16,no,72.31,-48.31,0,,
GLM-4.7-Flash,30,M4 Pro 48GB,mac,48,4bit,8192,F16,yes,24.37,23.63,167676,,
GLM-4.7-Flash,30,M4 Pro 48GB,mac,48,8bit,8192,F16,tight,40.01,7.99,0,,
GLM-4.7-Flash,30,M4 Pro 48GB,mac,48,16bit,8192,F16,no,71.31,-23.31,0,,
GLM-4.7-Flash,30,M4 Pro 64GB,mac,64,4bit,8192,F16,yes,24.37,39.63,202752,,
GLM-4.7-Flash,30,M4 Pro 64GB,mac,64,8bit,8192,F16,yes,40.01,23.99,135329,,
GLM-4.7-Flash,30,M4 Pro 64GB,mac,64,16bit,8192,F16,no,71.31,-7.31,0,,
GLM-4.7-Flash,30,M4 Max 36GB,mac,36,4bit,8192,F16,yes,24.87,11.13,52890,,
GLM-4.7-Flash,30,M4 Max 36GB,mac,36,8bit,8192,F16,no,40.51,-4.51,0,,
GLM-4.7-Flash,30,M4 Max 36GB,mac,36,16bit,8192,F16,no,71.81,-35.81,0,,
GLM-4.7-Flash,30,M4 Max 48GB,mac,48,4bit,8192,F16,yes,24.37,23.63,167676,,
GLM-4.7-Flash,30,M4 Max 48GB,mac,48,8bit,8192,F16,tight,40.01,7.99,0,,
GLM-4.7-Flash,30,M4 Max 48GB,mac,48,16bit,8192,F16,no,71.31,-23.31,0,,
GLM-4.7-Flash,30,M4 Max 64GB,mac,64,4bit,8192,F16,yes,24.37,39.63,202752,,
GLM-4.7-Flash,30,M4 Max 64GB,mac,64,8bit,8192,F16,yes,40.01,23.99,135329,,
GLM-4.7-Flash,30,M4 Max 64GB,mac,64,16bit,8192,F16,no,71.31,-7.31,0,,
GLM-4.7-Flash,30,M4 Max 128GB,mac,128,4bit,8192,F16,yes,24.37,103.63,202752,,
GLM-4.7-Flash,30,M4 Max 128GB,mac,128,8bit,8192,F16,yes,40.01,87.99,202752,,
GLM-4.7-Flash,30,M4 Max 128GB,mac,128,16bit,8192,F16,yes,71.31,56.69,202752,,
GLM-4.7-Flash,30,M3 8GB,mac,8,4bit,8192,F16,no,25.37,-17.37,0,,
GLM-4.7-Flash,30,M3 8GB,mac,8,8bit,8192,F16,no,41.01,-33.01,0,,
GLM-4.7-Flash,30,M3 8GB,mac,8,16bit,8192,F16,no,72.31,-64.31,0,,
GLM-4.7-Flash,30,M3 16GB,mac,16,4bit,8192,F16,no,25.37,-9.37,0,,
GLM-4.7-Flash,30,M3 16GB,mac,16,8bit,8192,F16,no,41.01,-25.01,0,,
GLM-4.7-Flash,30,M3 16GB,mac,16,16bit,8192,F16,no,72.31,-56.31,0,,
GLM-4.7-Flash,30,M3 24GB,mac,24,4bit,8192,F16,no,25.37,-1.37,0,,
GLM-4.7-Flash,30,M3 24GB,mac,24,8bit,8192,F16,no,41.01,-17.01,0,,
GLM-4.7-Flash,30,M3 24GB,mac,24,16bit,8192,F16,no,72.31,-48.31,0,,
GLM-4.7-Flash,30,M3 Pro 18GB,mac,18,4bit,8192,F16,no,25.37,-7.37,0,,
GLM-4.7-Flash,30,M3 Pro 18GB,mac,18,8bit,8192,F16,no,41.01,-23.01,0,,
GLM-4.7-Flash,30,M3 Pro 18GB,mac,18,16bit,8192,F16,no,72.31,-54.31,0,,
GLM-4.7-Flash,30,M3 Pro 36GB,mac,36,4bit,8192,F16,yes,24.87,11.13,52890,,
GLM-4.7-Flash,30,M3 Pro 36GB,mac,36,8bit,8192,F16,no,40.51,-4.51,0,,
GLM-4.7-Flash,30,M3 Pro 36GB,mac,36,16bit,8192,F16,no,71.81,-35.81,0,,
GLM-4.7-Flash,30,M3 Max 36GB,mac,36,4bit,8192,F16,yes,24.87,11.13,52890,,
GLM-4.7-Flash,30,M3 Max 36GB,mac,36,8bit,8192,F16,no,40.51,-4.51,0,,
GLM-4.7-Flash,30,M3 Max 36GB,mac,36,16bit,8192,F16,no,71.81,-35.81,0,,
GLM-4.7-Flash,30,M3 Max 48GB,mac,48,4bit,8192,F16,yes,24.37,23.63,167676,,
GLM-4.7-Flash,30,M3 Max 48GB,mac,48,8bit,8192,F16,tight,40.01,7.99,0,,
GLM-4.7-Flash,30,M3 Max 48GB,mac,48,16bit,8192,F16,no,71.31,-23.31,0,,
GLM-4.7-Flash,30,M3 Max 64GB,mac,64,4bit,8192,F16,yes,24.37,39.63,202752,,
GLM-4.7-Flash,30,M3 Max 64GB,mac,64,8bit,8192,F16,yes,40.01,23.99,135329,,
GLM-4.7-Flash,30,M3 Max 64GB,mac,64,16bit,8192,F16,no,71.31,-7.31,0,,
GLM-4.7-Flash,30,M3 Max 96GB,mac,96,4bit,8192,F16,yes,24.37,71.63,202752,,
GLM-4.7-Flash,30,M3 Max 96GB,mac,96,8bit,8192,F16,yes,40.01,55.99,202752,,
GLM-4.7-Flash,30,M3 Max 96GB,mac,96,16bit,8192,F16,yes,71.31,24.69,70634,,
GLM-4.7-Flash,30,M3 Max 128GB,mac,128,4bit,8192,F16,yes,24.37,103.63,202752,,
GLM-4.7-Flash,30,M3 Max 128GB,mac,128,8bit,8192,F16,yes,40.01,87.99,202752,,
GLM-4.7-Flash,30,M3 Max 128GB,mac,128,16bit,8192,F16,yes,71.31,56.69,202752,,
GLM-4.7-Flash,30,M3 Ultra 96GB,mac,96,4bit,8192,F16,yes,24.37,71.63,202752,,
GLM-4.7-Flash,30,M3 Ultra 96GB,mac,96,8bit,8192,F16,yes,40.01,55.99,202752,,
GLM-4.7-Flash,30,M3 Ultra 96GB,mac,96,16bit,8192,F16,yes,71.31,24.69,70634,,
GLM-4.7-Flash,30,M3 Ultra 256GB,mac,256,4bit,8192,F16,yes,24.37,231.63,202752,,
GLM-4.7-Flash,30,M3 Ultra 256GB,mac,256,8bit,8192,F16,yes,40.01,215.99,202752,,
GLM-4.7-Flash,30,M3 Ultra 256GB,mac,256,16bit,8192,F16,yes,71.31,184.69,202752,,
GLM-4.7-Flash,30,M3 Ultra 512GB,mac,512,4bit,8192,F16,yes,24.37,487.63,202752,,
GLM-4.7-Flash,30,M3 Ultra 512GB,mac,512,8bit,8192,F16,yes,40.01,471.99,202752,,
GLM-4.7-Flash,30,M3 Ultra 512GB,mac,512,16bit,8192,F16,yes,71.31,440.69,202752,,
GLM-4.7-Flash,30,M2 8GB,mac,8,4bit,8192,F16,no,25.37,-17.37,0,,
GLM-4.7-Flash,30,M2 8GB,mac,8,8bit,8192,F16,no,41.01,-33.01,0,,
GLM-4.7-Flash,30,M2 8GB,mac,8,16bit,8192,F16,no,72.31,-64.31,0,,
GLM-4.7-Flash,30,M2 16GB,mac,16,4bit,8192,F16,no,25.37,-9.37,0,,
GLM-4.7-Flash,30,M2 16GB,mac,16,8bit,8192,F16,no,41.01,-25.01,0,,
GLM-4.7-Flash,30,M2 16GB,mac,16,16bit,8192,F16,no,72.31,-56.31,0,,
GLM-4.7-Flash,30,M2 24GB,mac,24,4bit,8192,F16,no,25.37,-1.37,0,,
GLM-4.7-Flash,30,M2 24GB,mac,24,8bit,8192,F16,no,41.01,-17.01,0,,
GLM-4.7-Flash,30,M2 24GB,mac,24,16bit,8192,F16,no,72.31,-48.31,0,,
GLM-4.7-Flash,30,M2 Pro 16GB,mac,16,4bit,8192,F16,no,25.37,-9.37,0,,
GLM-4.7-Flash,30,M2 Pro 16GB,mac,16,8bit,8192,F16,no,41.01,-25.01,0,,
GLM-4.7-Flash,30,M2 Pro 16GB,mac,16,16bit,8192,F16,no,72.31,-56.31,0,,
GLM-4.7-Flash,30,M2 Pro 32GB,mac,32,4bit,8192,F16,yes,24.87,7.13,16522,,
GLM-4.7-Flash,30,M2 Pro 32GB,mac,32,8bit,8192,F16,no,40.51,-8.51,0,,
GLM-4.7-Flash,30,M2 Pro 32GB,mac,32,16bit,8192,F16,no,71.81,-39.81,0,,
GLM-4.7-Flash,30,M2 Max 32GB,mac,32,4bit,8192,F16,yes,24.87,7.13,16522,,
GLM-4.7-Flash,30,M2 Max 32GB,mac,32,8bit,8192,F16,no,40.51,-8.51,0,,
GLM-4.7-Flash,30,M2 Max 32GB,mac,32,16bit,8192,F16,no,71.81,-39.81,0,,
GLM-4.7-Flash,30,M2 Max 64GB,mac,64,4bit,8192,F16,yes,24.37,39.63,202752,,
GLM-4.7-Flash,30,M2 Max 64GB,mac,64,8bit,8192,F16,yes,40.01,23.99,135329,,
GLM-4.7-Flash,30,M2 Max 64GB,mac,64,16bit,8192,F16,no,71.31,-7.31,0,,
GLM-4.7-Flash,30,M2 Max 96GB,mac,96,4bit,8192,F16,yes,24.37,71.63,202752,,
GLM-4.7-Flash,30,M2 Max 96GB,mac,96,8bit,8192,F16,yes,40.01,55.99,202752,,
GLM-4.7-Flash,30,M2 Max 96GB,mac,96,16bit,8192,F16,yes,71.31,24.69,70634,,
GLM-4.7-Flash,30,M2 Ultra 64GB,mac,64,4bit,8192,F16,yes,24.37,39.63,202752,,
GLM-4.7-Flash,30,M2 Ultra 64GB,mac,64,8bit,8192,F16,yes,40.01,23.99,135329,,
GLM-4.7-Flash,30,M2 Ultra 64GB,mac,64,16bit,8192,F16,no,71.31,-7.31,0,,
GLM-4.7-Flash,30,M2 Ultra 128GB,mac,128,4bit,8192,F16,yes,24.37,103.63,202752,,
GLM-4.7-Flash,30,M2 Ultra 128GB,mac,128,8bit,8192,F16,yes,40.01,87.99,202752,,
GLM-4.7-Flash,30,M2 Ultra 128GB,mac,128,16bit,8192,F16,yes,71.31,56.69,202752,,
GLM-4.7-Flash,30,M2 Ultra 192GB,mac,192,4bit,8192,F16,yes,24.37,167.63,202752,,
GLM-4.7-Flash,30,M2 Ultra 192GB,mac,192,8bit,8192,F16,yes,40.01,151.99,202752,,
GLM-4.7-Flash,30,M2 Ultra 192GB,mac,192,16bit,8192,F16,yes,71.31,120.69,202752,,
GLM-4.7-Flash,30,M1 8GB,mac,8,4bit,8192,F16,no,25.37,-17.37,0,,
GLM-4.7-Flash,30,M1 8GB,mac,8,8bit,8192,F16,no,41.01,-33.01,0,,
GLM-4.7-Flash,30,M1 8GB,mac,8,16bit,8192,F16,no,72.31,-64.31,0,,
GLM-4.7-Flash,30,M1 16GB,mac,16,4bit,8192,F16,no,25.37,-9.37,0,,
GLM-4.7-Flash,30,M1 16GB,mac,16,8bit,8192,F16,no,41.01,-25.01,0,,
GLM-4.7-Flash,30,M1 16GB,mac,16,16bit,8192,F16,no,72.31,-56.31,0,,
GLM-4.7-Flash,30,M1 Pro 16GB,mac,16,4bit,8192,F16,no,25.37,-9.37,0,,
GLM-4.7-Flash,30,M1 Pro 16GB,mac,16,8bit,8192,F16,no,41.01,-25.01,0,,
GLM-4.7-Flash,30,M1 Pro 16GB,mac,16,16bit,8192,F16,no,72.31,-56.31,0,,
GLM-4.7-Flash,30,M1 Pro 32GB,mac,32,4bit,8192,F16,yes,24.87,7.13,16522,,
GLM-4.7-Flash,30,M1 Pro 32GB,mac,32,8bit,8192,F16,no,40.51,-8.51,0,,
GLM-4.7-Flash,30,M1 Pro 32GB,mac,32,16bit,8192,F16,no,71.81,-39.81,0,,
GLM-4.7-Flash,30,M1 Max 32GB,mac,32,4bit,8192,F16,yes,24.87,7.13,16522,,
GLM-4.7-Flash,30,M1 Max 32GB,mac,32,8bit,8192,F16,no,40.51,-8.51,0,,
GLM-4.7-Flash,30,M1 Max 32GB,mac,32,16bit,8192,F16,no,71.81,-39.81,0,,
GLM-4.7-Flash,30,M1 Max 64GB,mac,64,4bit,8192,F16,yes,24.37,39.63,202752,,
GLM-4.7-Flash,30,M1 Max 64GB,mac,64,8bit,8192,F16,yes,40.01,23.99,135329,,
GLM-4.7-Flash,30,M1 Max 64GB,mac,64,16bit,8192,F16,no,71.31,-7.31,0,,
GLM-4.7-Flash,30,M1 Ultra 64GB,mac,64,4bit,8192,F16,yes,24.37,39.63,202752,,
GLM-4.7-Flash,30,M1 Ultra 64GB,mac,64,8bit,8192,F16,yes,40.01,23.99,135329,,
GLM-4.7-Flash,30,M1 Ultra 64GB,mac,64,16bit,8192,F16,no,71.31,-7.31,0,,
GLM-4.7-Flash,30,M1 Ultra 128GB,mac,128,4bit,8192,F16,yes,24.37,103.63,202752,,
GLM-4.7-Flash,30,M1 Ultra 128GB,mac,128,8bit,8192,F16,yes,40.01,87.99,202752,,
GLM-4.7-Flash,30,M1 Ultra 128GB,mac,128,16bit,8192,F16,yes,71.31,56.69,202752,,
GLM-5.2,753,RTX 5090,gpu,32,Q4_K_M,8192,F16,no,483.57,-451.57,0,,
GLM-5.2,753,RTX 5090,gpu,32,Q5_K_M,8192,F16,no,563.01,-531.01,0,,
GLM-5.2,753,RTX 5090,gpu,32,Q6_K,8192,F16,no,647.42,-615.42,0,,
GLM-5.2,753,RTX 5090,gpu,32,Q8_0,8192,F16,no,837.64,-805.64,0,,
GLM-5.2,753,RTX 5090,gpu,32,FP16,8192,F16,no,1573.96,-1541.96,0,,
GLM-5.2,753,RTX 5080,gpu,16,Q4_K_M,8192,F16,no,483.57,-467.57,0,,
GLM-5.2,753,RTX 5080,gpu,16,Q5_K_M,8192,F16,no,563.01,-547.01,0,,
GLM-5.2,753,RTX 5080,gpu,16,Q6_K,8192,F16,no,647.42,-631.42,0,,
GLM-5.2,753,RTX 5080,gpu,16,Q8_0,8192,F16,no,837.64,-821.64,0,,
GLM-5.2,753,RTX 5080,gpu,16,FP16,8192,F16,no,1573.96,-1557.96,0,,
GLM-5.2,753,RTX 5070 Ti,gpu,16,Q4_K_M,8192,F16,no,483.57,-467.57,0,,
GLM-5.2,753,RTX 5070 Ti,gpu,16,Q5_K_M,8192,F16,no,563.01,-547.01,0,,
GLM-5.2,753,RTX 5070 Ti,gpu,16,Q6_K,8192,F16,no,647.42,-631.42,0,,
GLM-5.2,753,RTX 5070 Ti,gpu,16,Q8_0,8192,F16,no,837.64,-821.64,0,,
GLM-5.2,753,RTX 5070 Ti,gpu,16,FP16,8192,F16,no,1573.96,-1557.96,0,,
GLM-5.2,753,RTX 5070,gpu,12,Q4_K_M,8192,F16,no,483.57,-471.57,0,,
GLM-5.2,753,RTX 5070,gpu,12,Q5_K_M,8192,F16,no,563.01,-551.01,0,,
GLM-5.2,753,RTX 5070,gpu,12,Q6_K,8192,F16,no,647.42,-635.42,0,,
GLM-5.2,753,RTX 5070,gpu,12,Q8_0,8192,F16,no,837.64,-825.64,0,,
GLM-5.2,753,RTX 5070,gpu,12,FP16,8192,F16,no,1573.96,-1561.96,0,,
GLM-5.2,753,RTX 4090,gpu,24,Q4_K_M,8192,F16,no,483.57,-459.57,0,,
GLM-5.2,753,RTX 4090,gpu,24,Q5_K_M,8192,F16,no,563.01,-539.01,0,,
GLM-5.2,753,RTX 4090,gpu,24,Q6_K,8192,F16,no,647.42,-623.42,0,,
GLM-5.2,753,RTX 4090,gpu,24,Q8_0,8192,F16,no,837.64,-813.64,0,,
GLM-5.2,753,RTX 4090,gpu,24,FP16,8192,F16,no,1573.96,-1549.96,0,,
GLM-5.2,753,RTX 4080 SUPER,gpu,16,Q4_K_M,8192,F16,no,483.57,-467.57,0,,
GLM-5.2,753,RTX 4080 SUPER,gpu,16,Q5_K_M,8192,F16,no,563.01,-547.01,0,,
GLM-5.2,753,RTX 4080 SUPER,gpu,16,Q6_K,8192,F16,no,647.42,-631.42,0,,
GLM-5.2,753,RTX 4080 SUPER,gpu,16,Q8_0,8192,F16,no,837.64,-821.64,0,,
GLM-5.2,753,RTX 4080 SUPER,gpu,16,FP16,8192,F16,no,1573.96,-1557.96,0,,
GLM-5.2,753,RTX 4070 Ti SUPER,gpu,16,Q4_K_M,8192,F16,no,483.57,-467.57,0,,
GLM-5.2,753,RTX 4070 Ti SUPER,gpu,16,Q5_K_M,8192,F16,no,563.01,-547.01,0,,
GLM-5.2,753,RTX 4070 Ti SUPER,gpu,16,Q6_K,8192,F16,no,647.42,-631.42,0,,
GLM-5.2,753,RTX 4070 Ti SUPER,gpu,16,Q8_0,8192,F16,no,837.64,-821.64,0,,
GLM-5.2,753,RTX 4070 Ti SUPER,gpu,16,FP16,8192,F16,no,1573.96,-1557.96,0,,
GLM-5.2,753,RTX 4070,gpu,12,Q4_K_M,8192,F16,no,483.57,-471.57,0,,
GLM-5.2,753,RTX 4070,gpu,12,Q5_K_M,8192,F16,no,563.01,-551.01,0,,
GLM-5.2,753,RTX 4070,gpu,12,Q6_K,8192,F16,no,647.42,-635.42,0,,
GLM-5.2,753,RTX 4070,gpu,12,Q8_0,8192,F16,no,837.64,-825.64,0,,
GLM-5.2,753,RTX 4070,gpu,12,FP16,8192,F16,no,1573.96,-1561.96,0,,
GLM-5.2,753,RTX 4060 Ti 16GB,gpu,16,Q4_K_M,8192,F16,no,483.57,-467.57,0,,
GLM-5.2,753,RTX 4060 Ti 16GB,gpu,16,Q5_K_M,8192,F16,no,563.01,-547.01,0,,
GLM-5.2,753,RTX 4060 Ti 16GB,gpu,16,Q6_K,8192,F16,no,647.42,-631.42,0,,
GLM-5.2,753,RTX 4060 Ti 16GB,gpu,16,Q8_0,8192,F16,no,837.64,-821.64,0,,
GLM-5.2,753,RTX 4060 Ti 16GB,gpu,16,FP16,8192,F16,no,1573.96,-1557.96,0,,
GLM-5.2,753,RTX 3090,gpu,24,Q4_K_M,8192,F16,no,483.57,-459.57,0,,
GLM-5.2,753,RTX 3090,gpu,24,Q5_K_M,8192,F16,no,563.01,-539.01,0,,
GLM-5.2,753,RTX 3090,gpu,24,Q6_K,8192,F16,no,647.42,-623.42,0,,
GLM-5.2,753,RTX 3090,gpu,24,Q8_0,8192,F16,no,837.64,-813.64,0,,
GLM-5.2,753,RTX 3090,gpu,24,FP16,8192,F16,no,1573.96,-1549.96,0,,
GLM-5.2,753,RTX 3090 Ti,gpu,24,Q4_K_M,8192,F16,no,483.57,-459.57,0,,
GLM-5.2,753,RTX 3090 Ti,gpu,24,Q5_K_M,8192,F16,no,563.01,-539.01,0,,
GLM-5.2,753,RTX 3090 Ti,gpu,24,Q6_K,8192,F16,no,647.42,-623.42,0,,
GLM-5.2,753,RTX 3090 Ti,gpu,24,Q8_0,8192,F16,no,837.64,-813.64,0,,
GLM-5.2,753,RTX 3090 Ti,gpu,24,FP16,8192,F16,no,1573.96,-1549.96,0,,
GLM-5.2,753,RTX 3080 10GB,gpu,10,Q4_K_M,8192,F16,no,483.57,-473.57,0,,
GLM-5.2,753,RTX 3080 10GB,gpu,10,Q5_K_M,8192,F16,no,563.01,-553.01,0,,
GLM-5.2,753,RTX 3080 10GB,gpu,10,Q6_K,8192,F16,no,647.42,-637.42,0,,
GLM-5.2,753,RTX 3080 10GB,gpu,10,Q8_0,8192,F16,no,837.64,-827.64,0,,
GLM-5.2,753,RTX 3080 10GB,gpu,10,FP16,8192,F16,no,1573.96,-1563.96,0,,
GLM-5.2,753,RTX 3080 12GB,gpu,12,Q4_K_M,8192,F16,no,483.57,-471.57,0,,
GLM-5.2,753,RTX 3080 12GB,gpu,12,Q5_K_M,8192,F16,no,563.01,-551.01,0,,
GLM-5.2,753,RTX 3080 12GB,gpu,12,Q6_K,8192,F16,no,647.42,-635.42,0,,
GLM-5.2,753,RTX 3080 12GB,gpu,12,Q8_0,8192,F16,no,837.64,-825.64,0,,
GLM-5.2,753,RTX 3080 12GB,gpu,12,FP16,8192,F16,no,1573.96,-1561.96,0,,
GLM-5.2,753,RTX 3060 12GB,gpu,12,Q4_K_M,8192,F16,no,483.57,-471.57,0,,
GLM-5.2,753,RTX 3060 12GB,gpu,12,Q5_K_M,8192,F16,no,563.01,-551.01,0,,
GLM-5.2,753,RTX 3060 12GB,gpu,12,Q6_K,8192,F16,no,647.42,-635.42,0,,
GLM-5.2,753,RTX 3060 12GB,gpu,12,Q8_0,8192,F16,no,837.64,-825.64,0,,
GLM-5.2,753,RTX 3060 12GB,gpu,12,FP16,8192,F16,no,1573.96,-1561.96,0,,
GLM-5.2,753,RTX 5060 Ti 16GB,gpu,16,Q4_K_M,8192,F16,no,483.57,-467.57,0,,
GLM-5.2,753,RTX 5060 Ti 16GB,gpu,16,Q5_K_M,8192,F16,no,563.01,-547.01,0,,
GLM-5.2,753,RTX 5060 Ti 16GB,gpu,16,Q6_K,8192,F16,no,647.42,-631.42,0,,
GLM-5.2,753,RTX 5060 Ti 16GB,gpu,16,Q8_0,8192,F16,no,837.64,-821.64,0,,
GLM-5.2,753,RTX 5060 Ti 16GB,gpu,16,FP16,8192,F16,no,1573.96,-1557.96,0,,
GLM-5.2,753,RTX 4070 Ti,gpu,12,Q4_K_M,8192,F16,no,483.57,-471.57,0,,
GLM-5.2,753,RTX 4070 Ti,gpu,12,Q5_K_M,8192,F16,no,563.01,-551.01,0,,
GLM-5.2,753,RTX 4070 Ti,gpu,12,Q6_K,8192,F16,no,647.42,-635.42,0,,
GLM-5.2,753,RTX 4070 Ti,gpu,12,Q8_0,8192,F16,no,837.64,-825.64,0,,
GLM-5.2,753,RTX 4070 Ti,gpu,12,FP16,8192,F16,no,1573.96,-1561.96,0,,
GLM-5.2,753,RTX 4080,gpu,16,Q4_K_M,8192,F16,no,483.57,-467.57,0,,
GLM-5.2,753,RTX 4080,gpu,16,Q5_K_M,8192,F16,no,563.01,-547.01,0,,
GLM-5.2,753,RTX 4080,gpu,16,Q6_K,8192,F16,no,647.42,-631.42,0,,
GLM-5.2,753,RTX 4080,gpu,16,Q8_0,8192,F16,no,837.64,-821.64,0,,
GLM-5.2,753,RTX 4080,gpu,16,FP16,8192,F16,no,1573.96,-1557.96,0,,
GLM-5.2,753,RTX 4060 Ti 8GB,gpu,8,Q4_K_M,8192,F16,no,483.57,-475.57,0,,
GLM-5.2,753,RTX 4060 Ti 8GB,gpu,8,Q5_K_M,8192,F16,no,563.01,-555.01,0,,
GLM-5.2,753,RTX 4060 Ti 8GB,gpu,8,Q6_K,8192,F16,no,647.42,-639.42,0,,
GLM-5.2,753,RTX 4060 Ti 8GB,gpu,8,Q8_0,8192,F16,no,837.64,-829.64,0,,
GLM-5.2,753,RTX 4060 Ti 8GB,gpu,8,FP16,8192,F16,no,1573.96,-1565.96,0,,
GLM-5.2,753,RTX 3060 8GB,gpu,8,Q4_K_M,8192,F16,no,483.57,-475.57,0,,
GLM-5.2,753,RTX 3060 8GB,gpu,8,Q5_K_M,8192,F16,no,563.01,-555.01,0,,
GLM-5.2,753,RTX 3060 8GB,gpu,8,Q6_K,8192,F16,no,647.42,-639.42,0,,
GLM-5.2,753,RTX 3060 8GB,gpu,8,Q8_0,8192,F16,no,837.64,-829.64,0,,
GLM-5.2,753,RTX 3060 8GB,gpu,8,FP16,8192,F16,no,1573.96,-1565.96,0,,
GLM-5.2,753,RTX 2080 Ti,gpu,11,Q4_K_M,8192,F16,no,483.57,-472.57,0,,
GLM-5.2,753,RTX 2080 Ti,gpu,11,Q5_K_M,8192,F16,no,563.01,-552.01,0,,
GLM-5.2,753,RTX 2080 Ti,gpu,11,Q6_K,8192,F16,no,647.42,-636.42,0,,
GLM-5.2,753,RTX 2080 Ti,gpu,11,Q8_0,8192,F16,no,837.64,-826.64,0,,
GLM-5.2,753,RTX 2080 Ti,gpu,11,FP16,8192,F16,no,1573.96,-1562.96,0,,
GLM-5.2,753,RTX 6000 Ada,gpu,48,Q4_K_M,8192,F16,no,483.57,-435.57,0,,
GLM-5.2,753,RTX 6000 Ada,gpu,48,Q5_K_M,8192,F16,no,563.01,-515.01,0,,
GLM-5.2,753,RTX 6000 Ada,gpu,48,Q6_K,8192,F16,no,647.42,-599.42,0,,
GLM-5.2,753,RTX 6000 Ada,gpu,48,Q8_0,8192,F16,no,837.64,-789.64,0,,
GLM-5.2,753,RTX 6000 Ada,gpu,48,FP16,8192,F16,no,1573.96,-1525.96,0,,
GLM-5.2,753,RTX PRO 6000 Blackwell,gpu,96,Q4_K_M,8192,F16,no,483.57,-387.57,0,,
GLM-5.2,753,RTX PRO 6000 Blackwell,gpu,96,Q5_K_M,8192,F16,no,563.01,-467.01,0,,
GLM-5.2,753,RTX PRO 6000 Blackwell,gpu,96,Q6_K,8192,F16,no,647.42,-551.42,0,,
GLM-5.2,753,RTX PRO 6000 Blackwell,gpu,96,Q8_0,8192,F16,no,837.64,-741.64,0,,
GLM-5.2,753,RTX PRO 6000 Blackwell,gpu,96,FP16,8192,F16,no,1573.96,-1477.96,0,,
GLM-5.2,753,RX 7900 XTX,gpu,24,Q4_K_M,8192,F16,no,483.57,-459.57,0,,
GLM-5.2,753,RX 7900 XTX,gpu,24,Q5_K_M,8192,F16,no,563.01,-539.01,0,,
GLM-5.2,753,RX 7900 XTX,gpu,24,Q6_K,8192,F16,no,647.42,-623.42,0,,
GLM-5.2,753,RX 7900 XTX,gpu,24,Q8_0,8192,F16,no,837.64,-813.64,0,,
GLM-5.2,753,RX 7900 XTX,gpu,24,FP16,8192,F16,no,1573.96,-1549.96,0,,
GLM-5.2,753,RX 7900 XT,gpu,20,Q4_K_M,8192,F16,no,483.57,-463.57,0,,
GLM-5.2,753,RX 7900 XT,gpu,20,Q5_K_M,8192,F16,no,563.01,-543.01,0,,
GLM-5.2,753,RX 7900 XT,gpu,20,Q6_K,8192,F16,no,647.42,-627.42,0,,
GLM-5.2,753,RX 7900 XT,gpu,20,Q8_0,8192,F16,no,837.64,-817.64,0,,
GLM-5.2,753,RX 7900 XT,gpu,20,FP16,8192,F16,no,1573.96,-1553.96,0,,
GLM-5.2,753,RX 7800 XT,gpu,16,Q4_K_M,8192,F16,no,483.57,-467.57,0,,
GLM-5.2,753,RX 7800 XT,gpu,16,Q5_K_M,8192,F16,no,563.01,-547.01,0,,
GLM-5.2,753,RX 7800 XT,gpu,16,Q6_K,8192,F16,no,647.42,-631.42,0,,
GLM-5.2,753,RX 7800 XT,gpu,16,Q8_0,8192,F16,no,837.64,-821.64,0,,
GLM-5.2,753,RX 7800 XT,gpu,16,FP16,8192,F16,no,1573.96,-1557.96,0,,
GLM-5.2,753,RX 9070 XT,gpu,16,Q4_K_M,8192,F16,no,483.57,-467.57,0,,
GLM-5.2,753,RX 9070 XT,gpu,16,Q5_K_M,8192,F16,no,563.01,-547.01,0,,
GLM-5.2,753,RX 9070 XT,gpu,16,Q6_K,8192,F16,no,647.42,-631.42,0,,
GLM-5.2,753,RX 9070 XT,gpu,16,Q8_0,8192,F16,no,837.64,-821.64,0,,
GLM-5.2,753,RX 9070 XT,gpu,16,FP16,8192,F16,no,1573.96,-1557.96,0,,
GLM-5.2,753,RX 9070,gpu,16,Q4_K_M,8192,F16,no,483.57,-467.57,0,,
GLM-5.2,753,RX 9070,gpu,16,Q5_K_M,8192,F16,no,563.01,-547.01,0,,
GLM-5.2,753,RX 9070,gpu,16,Q6_K,8192,F16,no,647.42,-631.42,0,,
GLM-5.2,753,RX 9070,gpu,16,Q8_0,8192,F16,no,837.64,-821.64,0,,
GLM-5.2,753,RX 9070,gpu,16,FP16,8192,F16,no,1573.96,-1557.96,0,,
GLM-5.2,753,Radeon PRO W7900,gpu,48,Q4_K_M,8192,F16,no,483.57,-435.57,0,,
GLM-5.2,753,Radeon PRO W7900,gpu,48,Q5_K_M,8192,F16,no,563.01,-515.01,0,,
GLM-5.2,753,Radeon PRO W7900,gpu,48,Q6_K,8192,F16,no,647.42,-599.42,0,,
GLM-5.2,753,Radeon PRO W7900,gpu,48,Q8_0,8192,F16,no,837.64,-789.64,0,,
GLM-5.2,753,Radeon PRO W7900,gpu,48,FP16,8192,F16,no,1573.96,-1525.96,0,,
GLM-5.2,753,2× RTX 3090,gpu,48,Q4_K_M,8192,F16,no,485.57,-437.57,0,,
GLM-5.2,753,2× RTX 3090,gpu,48,Q5_K_M,8192,F16,no,565.01,-517.01,0,,
GLM-5.2,753,2× RTX 3090,gpu,48,Q6_K,8192,F16,no,649.42,-601.42,0,,
GLM-5.2,753,2× RTX 3090,gpu,48,Q8_0,8192,F16,no,839.64,-791.64,0,,
GLM-5.2,753,2× RTX 3090,gpu,48,FP16,8192,F16,no,1575.96,-1527.96,0,,
GLM-5.2,753,2× RTX 4090,gpu,48,Q4_K_M,8192,F16,no,485.57,-437.57,0,,
GLM-5.2,753,2× RTX 4090,gpu,48,Q5_K_M,8192,F16,no,565.01,-517.01,0,,
GLM-5.2,753,2× RTX 4090,gpu,48,Q6_K,8192,F16,no,649.42,-601.42,0,,
GLM-5.2,753,2× RTX 4090,gpu,48,Q8_0,8192,F16,no,839.64,-791.64,0,,
GLM-5.2,753,2× RTX 4090,gpu,48,FP16,8192,F16,no,1575.96,-1527.96,0,,
GLM-5.2,753,4× RTX 3090,gpu,96,Q4_K_M,8192,F16,no,489.57,-393.57,0,,
GLM-5.2,753,4× RTX 3090,gpu,96,Q5_K_M,8192,F16,no,569.01,-473.01,0,,
GLM-5.2,753,4× RTX 3090,gpu,96,Q6_K,8192,F16,no,653.42,-557.42,0,,
GLM-5.2,753,4× RTX 3090,gpu,96,Q8_0,8192,F16,no,843.64,-747.64,0,,
GLM-5.2,753,4× RTX 3090,gpu,96,FP16,8192,F16,no,1579.96,-1483.96,0,,
GLM-5.2,753,A100 40GB,gpu,40,Q4_K_M,8192,F16,no,483.57,-443.57,0,,
GLM-5.2,753,A100 40GB,gpu,40,Q5_K_M,8192,F16,no,563.01,-523.01,0,,
GLM-5.2,753,A100 40GB,gpu,40,Q6_K,8192,F16,no,647.42,-607.42,0,,
GLM-5.2,753,A100 40GB,gpu,40,Q8_0,8192,F16,no,837.64,-797.64,0,,
GLM-5.2,753,A100 40GB,gpu,40,FP16,8192,F16,no,1573.96,-1533.96,0,,
GLM-5.2,753,A100 80GB,gpu,80,Q4_K_M,8192,F16,no,483.57,-403.57,0,,
GLM-5.2,753,A100 80GB,gpu,80,Q5_K_M,8192,F16,no,563.01,-483.01,0,,
GLM-5.2,753,A100 80GB,gpu,80,Q6_K,8192,F16,no,647.42,-567.42,0,,
GLM-5.2,753,A100 80GB,gpu,80,Q8_0,8192,F16,no,837.64,-757.64,0,,
GLM-5.2,753,A100 80GB,gpu,80,FP16,8192,F16,no,1573.96,-1493.96,0,,
GLM-5.2,753,H100 80GB,gpu,80,Q4_K_M,8192,F16,no,483.57,-403.57,0,,
GLM-5.2,753,H100 80GB,gpu,80,Q5_K_M,8192,F16,no,563.01,-483.01,0,,
GLM-5.2,753,H100 80GB,gpu,80,Q6_K,8192,F16,no,647.42,-567.42,0,,
GLM-5.2,753,H100 80GB,gpu,80,Q8_0,8192,F16,no,837.64,-757.64,0,,
GLM-5.2,753,H100 80GB,gpu,80,FP16,8192,F16,no,1573.96,-1493.96,0,,
GLM-5.2,753,H200 141GB,gpu,141,Q4_K_M,8192,F16,no,483.57,-342.57,0,,
GLM-5.2,753,H200 141GB,gpu,141,Q5_K_M,8192,F16,no,563.01,-422.01,0,,
GLM-5.2,753,H200 141GB,gpu,141,Q6_K,8192,F16,no,647.42,-506.42,0,,
GLM-5.2,753,H200 141GB,gpu,141,Q8_0,8192,F16,no,837.64,-696.64,0,,
GLM-5.2,753,H200 141GB,gpu,141,FP16,8192,F16,no,1573.96,-1432.96,0,,
GLM-5.2,753,B200,gpu,192,Q4_K_M,8192,F16,no,483.57,-291.57,0,,
GLM-5.2,753,B200,gpu,192,Q5_K_M,8192,F16,no,563.01,-371.01,0,,
GLM-5.2,753,B200,gpu,192,Q6_K,8192,F16,no,647.42,-455.42,0,,
GLM-5.2,753,B200,gpu,192,Q8_0,8192,F16,no,837.64,-645.64,0,,
GLM-5.2,753,B200,gpu,192,FP16,8192,F16,no,1573.96,-1381.96,0,,
GLM-5.2,753,M5 16GB,mac,16,4bit,8192,F16,no,402.75,-386.75,0,,
GLM-5.2,753,M5 16GB,mac,16,8bit,8192,F16,no,795.47,-779.47,0,,
GLM-5.2,753,M5 16GB,mac,16,16bit,8192,F16,no,1580.91,-1564.91,0,,
GLM-5.2,753,M5 24GB,mac,24,4bit,8192,F16,no,402.75,-378.75,0,,
GLM-5.2,753,M5 24GB,mac,24,8bit,8192,F16,no,795.47,-771.47,0,,
GLM-5.2,753,M5 24GB,mac,24,16bit,8192,F16,no,1580.91,-1556.91,0,,
GLM-5.2,753,M5 32GB,mac,32,4bit,8192,F16,no,402.25,-370.25,0,,
GLM-5.2,753,M5 32GB,mac,32,8bit,8192,F16,no,794.97,-762.97,0,,
GLM-5.2,753,M5 32GB,mac,32,16bit,8192,F16,no,1580.41,-1548.41,0,,
GLM-5.2,753,M5 Pro 24GB,mac,24,4bit,8192,F16,no,402.75,-378.75,0,,
GLM-5.2,753,M5 Pro 24GB,mac,24,8bit,8192,F16,no,795.47,-771.47,0,,
GLM-5.2,753,M5 Pro 24GB,mac,24,16bit,8192,F16,no,1580.91,-1556.91,0,,
GLM-5.2,753,M5 Pro 48GB,mac,48,4bit,8192,F16,no,401.75,-353.75,0,,
GLM-5.2,753,M5 Pro 48GB,mac,48,8bit,8192,F16,no,794.47,-746.47,0,,
GLM-5.2,753,M5 Pro 48GB,mac,48,16bit,8192,F16,no,1579.91,-1531.91,0,,
GLM-5.2,753,M5 Pro 64GB,mac,64,4bit,8192,F16,no,401.75,-337.75,0,,
GLM-5.2,753,M5 Pro 64GB,mac,64,8bit,8192,F16,no,794.47,-730.47,0,,
GLM-5.2,753,M5 Pro 64GB,mac,64,16bit,8192,F16,no,1579.91,-1515.91,0,,
GLM-5.2,753,M5 Max 36GB,mac,36,4bit,8192,F16,no,402.25,-366.25,0,,
GLM-5.2,753,M5 Max 36GB,mac,36,8bit,8192,F16,no,794.97,-758.97,0,,
GLM-5.2,753,M5 Max 36GB,mac,36,16bit,8192,F16,no,1580.41,-1544.41,0,,
GLM-5.2,753,M5 Max 48GB,mac,48,4bit,8192,F16,no,401.75,-353.75,0,,
GLM-5.2,753,M5 Max 48GB,mac,48,8bit,8192,F16,no,794.47,-746.47,0,,
GLM-5.2,753,M5 Max 48GB,mac,48,16bit,8192,F16,no,1579.91,-1531.91,0,,
GLM-5.2,753,M5 Max 64GB,mac,64,4bit,8192,F16,no,401.75,-337.75,0,,
GLM-5.2,753,M5 Max 64GB,mac,64,8bit,8192,F16,no,794.47,-730.47,0,,
GLM-5.2,753,M5 Max 64GB,mac,64,16bit,8192,F16,no,1579.91,-1515.91,0,,
GLM-5.2,753,M5 Max 128GB,mac,128,4bit,8192,F16,no,401.75,-273.75,0,,
GLM-5.2,753,M5 Max 128GB,mac,128,8bit,8192,F16,no,794.47,-666.47,0,,
GLM-5.2,753,M5 Max 128GB,mac,128,16bit,8192,F16,no,1579.91,-1451.91,0,,
GLM-5.2,753,M4 16GB,mac,16,4bit,8192,F16,no,402.75,-386.75,0,,
GLM-5.2,753,M4 16GB,mac,16,8bit,8192,F16,no,795.47,-779.47,0,,
GLM-5.2,753,M4 16GB,mac,16,16bit,8192,F16,no,1580.91,-1564.91,0,,
GLM-5.2,753,M4 24GB,mac,24,4bit,8192,F16,no,402.75,-378.75,0,,
GLM-5.2,753,M4 24GB,mac,24,8bit,8192,F16,no,795.47,-771.47,0,,
GLM-5.2,753,M4 24GB,mac,24,16bit,8192,F16,no,1580.91,-1556.91,0,,
GLM-5.2,753,M4 32GB,mac,32,4bit,8192,F16,no,402.25,-370.25,0,,
GLM-5.2,753,M4 32GB,mac,32,8bit,8192,F16,no,794.97,-762.97,0,,
GLM-5.2,753,M4 32GB,mac,32,16bit,8192,F16,no,1580.41,-1548.41,0,,
GLM-5.2,753,M4 Pro 24GB,mac,24,4bit,8192,F16,no,402.75,-378.75,0,,
GLM-5.2,753,M4 Pro 24GB,mac,24,8bit,8192,F16,no,795.47,-771.47,0,,
GLM-5.2,753,M4 Pro 24GB,mac,24,16bit,8192,F16,no,1580.91,-1556.91,0,,
GLM-5.2,753,M4 Pro 48GB,mac,48,4bit,8192,F16,no,401.75,-353.75,0,,
GLM-5.2,753,M4 Pro 48GB,mac,48,8bit,8192,F16,no,794.47,-746.47,0,,
GLM-5.2,753,M4 Pro 48GB,mac,48,16bit,8192,F16,no,1579.91,-1531.91,0,,
GLM-5.2,753,M4 Pro 64GB,mac,64,4bit,8192,F16,no,401.75,-337.75,0,,
GLM-5.2,753,M4 Pro 64GB,mac,64,8bit,8192,F16,no,794.47,-730.47,0,,
GLM-5.2,753,M4 Pro 64GB,mac,64,16bit,8192,F16,no,1579.91,-1515.91,0,,
GLM-5.2,753,M4 Max 36GB,mac,36,4bit,8192,F16,no,402.25,-366.25,0,,
GLM-5.2,753,M4 Max 36GB,mac,36,8bit,8192,F16,no,794.97,-758.97,0,,
GLM-5.2,753,M4 Max 36GB,mac,36,16bit,8192,F16,no,1580.41,-1544.41,0,,
GLM-5.2,753,M4 Max 48GB,mac,48,4bit,8192,F16,no,401.75,-353.75,0,,
GLM-5.2,753,M4 Max 48GB,mac,48,8bit,8192,F16,no,794.47,-746.47,0,,
GLM-5.2,753,M4 Max 48GB,mac,48,16bit,8192,F16,no,1579.91,-1531.91,0,,
GLM-5.2,753,M4 Max 64GB,mac,64,4bit,8192,F16,no,401.75,-337.75,0,,
GLM-5.2,753,M4 Max 64GB,mac,64,8bit,8192,F16,no,794.47,-730.47,0,,
GLM-5.2,753,M4 Max 64GB,mac,64,16bit,8192,F16,no,1579.91,-1515.91,0,,
GLM-5.2,753,M4 Max 128GB,mac,128,4bit,8192,F16,no,401.75,-273.75,0,,
GLM-5.2,753,M4 Max 128GB,mac,128,8bit,8192,F16,no,794.47,-666.47,0,,
GLM-5.2,753,M4 Max 128GB,mac,128,16bit,8192,F16,no,1579.91,-1451.91,0,,
GLM-5.2,753,M3 8GB,mac,8,4bit,8192,F16,no,402.75,-394.75,0,,
GLM-5.2,753,M3 8GB,mac,8,8bit,8192,F16,no,795.47,-787.47,0,,
GLM-5.2,753,M3 8GB,mac,8,16bit,8192,F16,no,1580.91,-1572.91,0,,
GLM-5.2,753,M3 16GB,mac,16,4bit,8192,F16,no,402.75,-386.75,0,,
GLM-5.2,753,M3 16GB,mac,16,8bit,8192,F16,no,795.47,-779.47,0,,
GLM-5.2,753,M3 16GB,mac,16,16bit,8192,F16,no,1580.91,-1564.91,0,,
GLM-5.2,753,M3 24GB,mac,24,4bit,8192,F16,no,402.75,-378.75,0,,
GLM-5.2,753,M3 24GB,mac,24,8bit,8192,F16,no,795.47,-771.47,0,,
GLM-5.2,753,M3 24GB,mac,24,16bit,8192,F16,no,1580.91,-1556.91,0,,
GLM-5.2,753,M3 Pro 18GB,mac,18,4bit,8192,F16,no,402.75,-384.75,0,,
GLM-5.2,753,M3 Pro 18GB,mac,18,8bit,8192,F16,no,795.47,-777.47,0,,
GLM-5.2,753,M3 Pro 18GB,mac,18,16bit,8192,F16,no,1580.91,-1562.91,0,,
GLM-5.2,753,M3 Pro 36GB,mac,36,4bit,8192,F16,no,402.25,-366.25,0,,
GLM-5.2,753,M3 Pro 36GB,mac,36,8bit,8192,F16,no,794.97,-758.97,0,,
GLM-5.2,753,M3 Pro 36GB,mac,36,16bit,8192,F16,no,1580.41,-1544.41,0,,
GLM-5.2,753,M3 Max 36GB,mac,36,4bit,8192,F16,no,402.25,-366.25,0,,
GLM-5.2,753,M3 Max 36GB,mac,36,8bit,8192,F16,no,794.97,-758.97,0,,
GLM-5.2,753,M3 Max 36GB,mac,36,16bit,8192,F16,no,1580.41,-1544.41,0,,
GLM-5.2,753,M3 Max 48GB,mac,48,4bit,8192,F16,no,401.75,-353.75,0,,
GLM-5.2,753,M3 Max 48GB,mac,48,8bit,8192,F16,no,794.47,-746.47,0,,
GLM-5.2,753,M3 Max 48GB,mac,48,16bit,8192,F16,no,1579.91,-1531.91,0,,
GLM-5.2,753,M3 Max 64GB,mac,64,4bit,8192,F16,no,401.75,-337.75,0,,
GLM-5.2,753,M3 Max 64GB,mac,64,8bit,8192,F16,no,794.47,-730.47,0,,
GLM-5.2,753,M3 Max 64GB,mac,64,16bit,8192,F16,no,1579.91,-1515.91,0,,
GLM-5.2,753,M3 Max 96GB,mac,96,4bit,8192,F16,no,401.75,-305.75,0,,
GLM-5.2,753,M3 Max 96GB,mac,96,8bit,8192,F16,no,794.47,-698.47,0,,
GLM-5.2,753,M3 Max 96GB,mac,96,16bit,8192,F16,no,1579.91,-1483.91,0,,
GLM-5.2,753,M3 Max 128GB,mac,128,4bit,8192,F16,no,401.75,-273.75,0,,
GLM-5.2,753,M3 Max 128GB,mac,128,8bit,8192,F16,no,794.47,-666.47,0,,
GLM-5.2,753,M3 Max 128GB,mac,128,16bit,8192,F16,no,1579.91,-1451.91,0,,
GLM-5.2,753,M3 Ultra 96GB,mac,96,4bit,8192,F16,no,401.75,-305.75,0,,
GLM-5.2,753,M3 Ultra 96GB,mac,96,8bit,8192,F16,no,794.47,-698.47,0,,
GLM-5.2,753,M3 Ultra 96GB,mac,96,16bit,8192,F16,no,1579.91,-1483.91,0,,
GLM-5.2,753,M3 Ultra 256GB,mac,256,4bit,8192,F16,no,401.75,-145.75,0,,
GLM-5.2,753,M3 Ultra 256GB,mac,256,8bit,8192,F16,no,794.47,-538.47,0,,
GLM-5.2,753,M3 Ultra 256GB,mac,256,16bit,8192,F16,no,1579.91,-1323.91,0,,
GLM-5.2,753,M3 Ultra 512GB,mac,512,4bit,8192,F16,yes,401.75,110.25,70342,,
GLM-5.2,753,M3 Ultra 512GB,mac,512,8bit,8192,F16,no,794.47,-282.47,0,,
GLM-5.2,753,M3 Ultra 512GB,mac,512,16bit,8192,F16,no,1579.91,-1067.91,0,,
GLM-5.2,753,M2 8GB,mac,8,4bit,8192,F16,no,402.75,-394.75,0,,
GLM-5.2,753,M2 8GB,mac,8,8bit,8192,F16,no,795.47,-787.47,0,,
GLM-5.2,753,M2 8GB,mac,8,16bit,8192,F16,no,1580.91,-1572.91,0,,
GLM-5.2,753,M2 16GB,mac,16,4bit,8192,F16,no,402.75,-386.75,0,,
GLM-5.2,753,M2 16GB,mac,16,8bit,8192,F16,no,795.47,-779.47,0,,
GLM-5.2,753,M2 16GB,mac,16,16bit,8192,F16,no,1580.91,-1564.91,0,,
GLM-5.2,753,M2 24GB,mac,24,4bit,8192,F16,no,402.75,-378.75,0,,
GLM-5.2,753,M2 24GB,mac,24,8bit,8192,F16,no,795.47,-771.47,0,,
GLM-5.2,753,M2 24GB,mac,24,16bit,8192,F16,no,1580.91,-1556.91,0,,
GLM-5.2,753,M2 Pro 16GB,mac,16,4bit,8192,F16,no,402.75,-386.75,0,,
GLM-5.2,753,M2 Pro 16GB,mac,16,8bit,8192,F16,no,795.47,-779.47,0,,
GLM-5.2,753,M2 Pro 16GB,mac,16,16bit,8192,F16,no,1580.91,-1564.91,0,,
GLM-5.2,753,M2 Pro 32GB,mac,32,4bit,8192,F16,no,402.25,-370.25,0,,
GLM-5.2,753,M2 Pro 32GB,mac,32,8bit,8192,F16,no,794.97,-762.97,0,,
GLM-5.2,753,M2 Pro 32GB,mac,32,16bit,8192,F16,no,1580.41,-1548.41,0,,
GLM-5.2,753,M2 Max 32GB,mac,32,4bit,8192,F16,no,402.25,-370.25,0,,
GLM-5.2,753,M2 Max 32GB,mac,32,8bit,8192,F16,no,794.97,-762.97,0,,
GLM-5.2,753,M2 Max 32GB,mac,32,16bit,8192,F16,no,1580.41,-1548.41,0,,
GLM-5.2,753,M2 Max 64GB,mac,64,4bit,8192,F16,no,401.75,-337.75,0,,
GLM-5.2,753,M2 Max 64GB,mac,64,8bit,8192,F16,no,794.47,-730.47,0,,
GLM-5.2,753,M2 Max 64GB,mac,64,16bit,8192,F16,no,1579.91,-1515.91,0,,
GLM-5.2,753,M2 Max 96GB,mac,96,4bit,8192,F16,no,401.75,-305.75,0,,
GLM-5.2,753,M2 Max 96GB,mac,96,8bit,8192,F16,no,794.47,-698.47,0,,
GLM-5.2,753,M2 Max 96GB,mac,96,16bit,8192,F16,no,1579.91,-1483.91,0,,
GLM-5.2,753,M2 Ultra 64GB,mac,64,4bit,8192,F16,no,401.75,-337.75,0,,
GLM-5.2,753,M2 Ultra 64GB,mac,64,8bit,8192,F16,no,794.47,-730.47,0,,
GLM-5.2,753,M2 Ultra 64GB,mac,64,16bit,8192,F16,no,1579.91,-1515.91,0,,
GLM-5.2,753,M2 Ultra 128GB,mac,128,4bit,8192,F16,no,401.75,-273.75,0,,
GLM-5.2,753,M2 Ultra 128GB,mac,128,8bit,8192,F16,no,794.47,-666.47,0,,
GLM-5.2,753,M2 Ultra 128GB,mac,128,16bit,8192,F16,no,1579.91,-1451.91,0,,
GLM-5.2,753,M2 Ultra 192GB,mac,192,4bit,8192,F16,no,401.75,-209.75,0,,
GLM-5.2,753,M2 Ultra 192GB,mac,192,8bit,8192,F16,no,794.47,-602.47,0,,
GLM-5.2,753,M2 Ultra 192GB,mac,192,16bit,8192,F16,no,1579.91,-1387.91,0,,
GLM-5.2,753,M1 8GB,mac,8,4bit,8192,F16,no,402.75,-394.75,0,,
GLM-5.2,753,M1 8GB,mac,8,8bit,8192,F16,no,795.47,-787.47,0,,
GLM-5.2,753,M1 8GB,mac,8,16bit,8192,F16,no,1580.91,-1572.91,0,,
GLM-5.2,753,M1 16GB,mac,16,4bit,8192,F16,no,402.75,-386.75,0,,
GLM-5.2,753,M1 16GB,mac,16,8bit,8192,F16,no,795.47,-779.47,0,,
GLM-5.2,753,M1 16GB,mac,16,16bit,8192,F16,no,1580.91,-1564.91,0,,
GLM-5.2,753,M1 Pro 16GB,mac,16,4bit,8192,F16,no,402.75,-386.75,0,,
GLM-5.2,753,M1 Pro 16GB,mac,16,8bit,8192,F16,no,795.47,-779.47,0,,
GLM-5.2,753,M1 Pro 16GB,mac,16,16bit,8192,F16,no,1580.91,-1564.91,0,,
GLM-5.2,753,M1 Pro 32GB,mac,32,4bit,8192,F16,no,402.25,-370.25,0,,
GLM-5.2,753,M1 Pro 32GB,mac,32,8bit,8192,F16,no,794.97,-762.97,0,,
GLM-5.2,753,M1 Pro 32GB,mac,32,16bit,8192,F16,no,1580.41,-1548.41,0,,
GLM-5.2,753,M1 Max 32GB,mac,32,4bit,8192,F16,no,402.25,-370.25,0,,
GLM-5.2,753,M1 Max 32GB,mac,32,8bit,8192,F16,no,794.97,-762.97,0,,
GLM-5.2,753,M1 Max 32GB,mac,32,16bit,8192,F16,no,1580.41,-1548.41,0,,
GLM-5.2,753,M1 Max 64GB,mac,64,4bit,8192,F16,no,401.75,-337.75,0,,
GLM-5.2,753,M1 Max 64GB,mac,64,8bit,8192,F16,no,794.47,-730.47,0,,
GLM-5.2,753,M1 Max 64GB,mac,64,16bit,8192,F16,no,1579.91,-1515.91,0,,
GLM-5.2,753,M1 Ultra 64GB,mac,64,4bit,8192,F16,no,401.75,-337.75,0,,
GLM-5.2,753,M1 Ultra 64GB,mac,64,8bit,8192,F16,no,794.47,-730.47,0,,
GLM-5.2,753,M1 Ultra 64GB,mac,64,16bit,8192,F16,no,1579.91,-1515.91,0,,
GLM-5.2,753,M1 Ultra 128GB,mac,128,4bit,8192,F16,no,401.75,-273.75,0,,
GLM-5.2,753,M1 Ultra 128GB,mac,128,8bit,8192,F16,no,794.47,-666.47,0,,
GLM-5.2,753,M1 Ultra 128GB,mac,128,16bit,8192,F16,no,1579.91,-1451.91,0,,
gpt-oss-20b,21,RTX 5090,gpu,32,Q4_K_M,8192,F16,yes,15.87,16.13,131072,,
gpt-oss-20b,21,RTX 5090,gpu,32,Q5_K_M,8192,F16,yes,18.08,13.92,131072,,
gpt-oss-20b,21,RTX 5090,gpu,32,Q6_K,8192,F16,yes,20.44,11.56,131072,,
gpt-oss-20b,21,RTX 5090,gpu,32,Q8_0,8192,F16,yes,25.74,6.26,90919,,
gpt-oss-20b,21,RTX 5090,gpu,32,FP16,8192,F16,no,46.28,-14.28,0,,
gpt-oss-20b,21,RTX 5080,gpu,16,Q4_K_M,8192,F16,tight,15.87,0.13,0,,
gpt-oss-20b,21,RTX 5080,gpu,16,Q5_K_M,8192,F16,no,18.08,-2.08,0,,
gpt-oss-20b,21,RTX 5080,gpu,16,Q6_K,8192,F16,no,20.44,-4.44,0,,
gpt-oss-20b,21,RTX 5080,gpu,16,Q8_0,8192,F16,no,25.74,-9.74,0,,
gpt-oss-20b,21,RTX 5080,gpu,16,FP16,8192,F16,no,46.28,-30.28,0,,
gpt-oss-20b,21,RTX 5070 Ti,gpu,16,Q4_K_M,8192,F16,tight,15.87,0.13,0,,
gpt-oss-20b,21,RTX 5070 Ti,gpu,16,Q5_K_M,8192,F16,no,18.08,-2.08,0,,
gpt-oss-20b,21,RTX 5070 Ti,gpu,16,Q6_K,8192,F16,no,20.44,-4.44,0,,
gpt-oss-20b,21,RTX 5070 Ti,gpu,16,Q8_0,8192,F16,no,25.74,-9.74,0,,
gpt-oss-20b,21,RTX 5070 Ti,gpu,16,FP16,8192,F16,no,46.28,-30.28,0,,
gpt-oss-20b,21,RTX 5070,gpu,12,Q4_K_M,8192,F16,no,15.87,-3.87,0,,
gpt-oss-20b,21,RTX 5070,gpu,12,Q5_K_M,8192,F16,no,18.08,-6.08,0,,
gpt-oss-20b,21,RTX 5070,gpu,12,Q6_K,8192,F16,no,20.44,-8.44,0,,
gpt-oss-20b,21,RTX 5070,gpu,12,Q8_0,8192,F16,no,25.74,-13.74,0,,
gpt-oss-20b,21,RTX 5070,gpu,12,FP16,8192,F16,no,46.28,-34.28,0,,
gpt-oss-20b,21,RTX 4090,gpu,24,Q4_K_M,8192,F16,yes,15.87,8.13,131072,,
gpt-oss-20b,21,RTX 4090,gpu,24,Q5_K_M,8192,F16,yes,18.08,5.92,91966,,
gpt-oss-20b,21,RTX 4090,gpu,24,Q6_K,8192,F16,yes,20.44,3.56,50171,,
gpt-oss-20b,21,RTX 4090,gpu,24,Q8_0,8192,F16,no,25.74,-1.74,0,,
gpt-oss-20b,21,RTX 4090,gpu,24,FP16,8192,F16,no,46.28,-22.28,0,,
gpt-oss-20b,21,RTX 4080 SUPER,gpu,16,Q4_K_M,8192,F16,tight,15.87,0.13,0,,
gpt-oss-20b,21,RTX 4080 SUPER,gpu,16,Q5_K_M,8192,F16,no,18.08,-2.08,0,,
gpt-oss-20b,21,RTX 4080 SUPER,gpu,16,Q6_K,8192,F16,no,20.44,-4.44,0,,
gpt-oss-20b,21,RTX 4080 SUPER,gpu,16,Q8_0,8192,F16,no,25.74,-9.74,0,,
gpt-oss-20b,21,RTX 4080 SUPER,gpu,16,FP16,8192,F16,no,46.28,-30.28,0,,
gpt-oss-20b,21,RTX 4070 Ti SUPER,gpu,16,Q4_K_M,8192,F16,tight,15.87,0.13,0,,
gpt-oss-20b,21,RTX 4070 Ti SUPER,gpu,16,Q5_K_M,8192,F16,no,18.08,-2.08,0,,
gpt-oss-20b,21,RTX 4070 Ti SUPER,gpu,16,Q6_K,8192,F16,no,20.44,-4.44,0,,
gpt-oss-20b,21,RTX 4070 Ti SUPER,gpu,16,Q8_0,8192,F16,no,25.74,-9.74,0,,
gpt-oss-20b,21,RTX 4070 Ti SUPER,gpu,16,FP16,8192,F16,no,46.28,-30.28,0,,
gpt-oss-20b,21,RTX 4070,gpu,12,Q4_K_M,8192,F16,no,15.87,-3.87,0,,
gpt-oss-20b,21,RTX 4070,gpu,12,Q5_K_M,8192,F16,no,18.08,-6.08,0,,
gpt-oss-20b,21,RTX 4070,gpu,12,Q6_K,8192,F16,no,20.44,-8.44,0,,
gpt-oss-20b,21,RTX 4070,gpu,12,Q8_0,8192,F16,no,25.74,-13.74,0,,
gpt-oss-20b,21,RTX 4070,gpu,12,FP16,8192,F16,no,46.28,-34.28,0,,
gpt-oss-20b,21,RTX 4060 Ti 16GB,gpu,16,Q4_K_M,8192,F16,tight,15.87,0.13,0,,
gpt-oss-20b,21,RTX 4060 Ti 16GB,gpu,16,Q5_K_M,8192,F16,no,18.08,-2.08,0,,
gpt-oss-20b,21,RTX 4060 Ti 16GB,gpu,16,Q6_K,8192,F16,no,20.44,-4.44,0,,
gpt-oss-20b,21,RTX 4060 Ti 16GB,gpu,16,Q8_0,8192,F16,no,25.74,-9.74,0,,
gpt-oss-20b,21,RTX 4060 Ti 16GB,gpu,16,FP16,8192,F16,no,46.28,-30.28,0,,
gpt-oss-20b,21,RTX 3090,gpu,24,Q4_K_M,8192,F16,yes,15.87,8.13,131072,,
gpt-oss-20b,21,RTX 3090,gpu,24,Q5_K_M,8192,F16,yes,18.08,5.92,91966,,
gpt-oss-20b,21,RTX 3090,gpu,24,Q6_K,8192,F16,yes,20.44,3.56,50171,,
gpt-oss-20b,21,RTX 3090,gpu,24,Q8_0,8192,F16,no,25.74,-1.74,0,,
gpt-oss-20b,21,RTX 3090,gpu,24,FP16,8192,F16,no,46.28,-22.28,0,,
gpt-oss-20b,21,RTX 3090 Ti,gpu,24,Q4_K_M,8192,F16,yes,15.87,8.13,131072,,
gpt-oss-20b,21,RTX 3090 Ti,gpu,24,Q5_K_M,8192,F16,yes,18.08,5.92,91966,,
gpt-oss-20b,21,RTX 3090 Ti,gpu,24,Q6_K,8192,F16,yes,20.44,3.56,50171,,
gpt-oss-20b,21,RTX 3090 Ti,gpu,24,Q8_0,8192,F16,no,25.74,-1.74,0,,
gpt-oss-20b,21,RTX 3090 Ti,gpu,24,FP16,8192,F16,no,46.28,-22.28,0,,
gpt-oss-20b,21,RTX 3080 10GB,gpu,10,Q4_K_M,8192,F16,no,15.87,-5.87,0,,
gpt-oss-20b,21,RTX 3080 10GB,gpu,10,Q5_K_M,8192,F16,no,18.08,-8.08,0,,
gpt-oss-20b,21,RTX 3080 10GB,gpu,10,Q6_K,8192,F16,no,20.44,-10.44,0,,
gpt-oss-20b,21,RTX 3080 10GB,gpu,10,Q8_0,8192,F16,no,25.74,-15.74,0,,
gpt-oss-20b,21,RTX 3080 10GB,gpu,10,FP16,8192,F16,no,46.28,-36.28,0,,
gpt-oss-20b,21,RTX 3080 12GB,gpu,12,Q4_K_M,8192,F16,no,15.87,-3.87,0,,
gpt-oss-20b,21,RTX 3080 12GB,gpu,12,Q5_K_M,8192,F16,no,18.08,-6.08,0,,
gpt-oss-20b,21,RTX 3080 12GB,gpu,12,Q6_K,8192,F16,no,20.44,-8.44,0,,
gpt-oss-20b,21,RTX 3080 12GB,gpu,12,Q8_0,8192,F16,no,25.74,-13.74,0,,
gpt-oss-20b,21,RTX 3080 12GB,gpu,12,FP16,8192,F16,no,46.28,-34.28,0,,
gpt-oss-20b,21,RTX 3060 12GB,gpu,12,Q4_K_M,8192,F16,no,15.87,-3.87,0,,
gpt-oss-20b,21,RTX 3060 12GB,gpu,12,Q5_K_M,8192,F16,no,18.08,-6.08,0,,
gpt-oss-20b,21,RTX 3060 12GB,gpu,12,Q6_K,8192,F16,no,20.44,-8.44,0,,
gpt-oss-20b,21,RTX 3060 12GB,gpu,12,Q8_0,8192,F16,no,25.74,-13.74,0,,
gpt-oss-20b,21,RTX 3060 12GB,gpu,12,FP16,8192,F16,no,46.28,-34.28,0,,
gpt-oss-20b,21,RTX 5060 Ti 16GB,gpu,16,Q4_K_M,8192,F16,tight,15.87,0.13,0,,
gpt-oss-20b,21,RTX 5060 Ti 16GB,gpu,16,Q5_K_M,8192,F16,no,18.08,-2.08,0,,
gpt-oss-20b,21,RTX 5060 Ti 16GB,gpu,16,Q6_K,8192,F16,no,20.44,-4.44,0,,
gpt-oss-20b,21,RTX 5060 Ti 16GB,gpu,16,Q8_0,8192,F16,no,25.74,-9.74,0,,
gpt-oss-20b,21,RTX 5060 Ti 16GB,gpu,16,FP16,8192,F16,no,46.28,-30.28,0,,
gpt-oss-20b,21,RTX 4070 Ti,gpu,12,Q4_K_M,8192,F16,no,15.87,-3.87,0,,
gpt-oss-20b,21,RTX 4070 Ti,gpu,12,Q5_K_M,8192,F16,no,18.08,-6.08,0,,
gpt-oss-20b,21,RTX 4070 Ti,gpu,12,Q6_K,8192,F16,no,20.44,-8.44,0,,
gpt-oss-20b,21,RTX 4070 Ti,gpu,12,Q8_0,8192,F16,no,25.74,-13.74,0,,
gpt-oss-20b,21,RTX 4070 Ti,gpu,12,FP16,8192,F16,no,46.28,-34.28,0,,
gpt-oss-20b,21,RTX 4080,gpu,16,Q4_K_M,8192,F16,tight,15.87,0.13,0,,
gpt-oss-20b,21,RTX 4080,gpu,16,Q5_K_M,8192,F16,no,18.08,-2.08,0,,
gpt-oss-20b,21,RTX 4080,gpu,16,Q6_K,8192,F16,no,20.44,-4.44,0,,
gpt-oss-20b,21,RTX 4080,gpu,16,Q8_0,8192,F16,no,25.74,-9.74,0,,
gpt-oss-20b,21,RTX 4080,gpu,16,FP16,8192,F16,no,46.28,-30.28,0,,
gpt-oss-20b,21,RTX 4060 Ti 8GB,gpu,8,Q4_K_M,8192,F16,no,15.87,-7.87,0,,
gpt-oss-20b,21,RTX 4060 Ti 8GB,gpu,8,Q5_K_M,8192,F16,no,18.08,-10.08,0,,
gpt-oss-20b,21,RTX 4060 Ti 8GB,gpu,8,Q6_K,8192,F16,no,20.44,-12.44,0,,
gpt-oss-20b,21,RTX 4060 Ti 8GB,gpu,8,Q8_0,8192,F16,no,25.74,-17.74,0,,
gpt-oss-20b,21,RTX 4060 Ti 8GB,gpu,8,FP16,8192,F16,no,46.28,-38.28,0,,
gpt-oss-20b,21,RTX 3060 8GB,gpu,8,Q4_K_M,8192,F16,no,15.87,-7.87,0,,
gpt-oss-20b,21,RTX 3060 8GB,gpu,8,Q5_K_M,8192,F16,no,18.08,-10.08,0,,
gpt-oss-20b,21,RTX 3060 8GB,gpu,8,Q6_K,8192,F16,no,20.44,-12.44,0,,
gpt-oss-20b,21,RTX 3060 8GB,gpu,8,Q8_0,8192,F16,no,25.74,-17.74,0,,
gpt-oss-20b,21,RTX 3060 8GB,gpu,8,FP16,8192,F16,no,46.28,-38.28,0,,
gpt-oss-20b,21,RTX 2080 Ti,gpu,11,Q4_K_M,8192,F16,no,15.87,-4.87,0,,
gpt-oss-20b,21,RTX 2080 Ti,gpu,11,Q5_K_M,8192,F16,no,18.08,-7.08,0,,
gpt-oss-20b,21,RTX 2080 Ti,gpu,11,Q6_K,8192,F16,no,20.44,-9.44,0,,
gpt-oss-20b,21,RTX 2080 Ti,gpu,11,Q8_0,8192,F16,no,25.74,-14.74,0,,
gpt-oss-20b,21,RTX 2080 Ti,gpu,11,FP16,8192,F16,no,46.28,-35.28,0,,
gpt-oss-20b,21,RTX 6000 Ada,gpu,48,Q4_K_M,8192,F16,yes,15.87,32.13,131072,,
gpt-oss-20b,21,RTX 6000 Ada,gpu,48,Q5_K_M,8192,F16,yes,18.08,29.92,131072,,
gpt-oss-20b,21,RTX 6000 Ada,gpu,48,Q6_K,8192,F16,yes,20.44,27.56,131072,,
gpt-oss-20b,21,RTX 6000 Ada,gpu,48,Q8_0,8192,F16,yes,25.74,22.26,131072,,
gpt-oss-20b,21,RTX 6000 Ada,gpu,48,FP16,8192,F16,tight,46.28,1.72,0,,
gpt-oss-20b,21,RTX PRO 6000 Blackwell,gpu,96,Q4_K_M,8192,F16,yes,15.87,80.13,131072,,
gpt-oss-20b,21,RTX PRO 6000 Blackwell,gpu,96,Q5_K_M,8192,F16,yes,18.08,77.92,131072,,
gpt-oss-20b,21,RTX PRO 6000 Blackwell,gpu,96,Q6_K,8192,F16,yes,20.44,75.56,131072,,
gpt-oss-20b,21,RTX PRO 6000 Blackwell,gpu,96,Q8_0,8192,F16,yes,25.74,70.26,131072,,
gpt-oss-20b,21,RTX PRO 6000 Blackwell,gpu,96,FP16,8192,F16,yes,46.28,49.72,131072,,
gpt-oss-20b,21,RX 7900 XTX,gpu,24,Q4_K_M,8192,F16,yes,15.87,8.13,131072,,
gpt-oss-20b,21,RX 7900 XTX,gpu,24,Q5_K_M,8192,F16,yes,18.08,5.92,91966,,
gpt-oss-20b,21,RX 7900 XTX,gpu,24,Q6_K,8192,F16,yes,20.44,3.56,50171,,
gpt-oss-20b,21,RX 7900 XTX,gpu,24,Q8_0,8192,F16,no,25.74,-1.74,0,,
gpt-oss-20b,21,RX 7900 XTX,gpu,24,FP16,8192,F16,no,46.28,-22.28,0,,
gpt-oss-20b,21,RX 7900 XT,gpu,20,Q4_K_M,8192,F16,yes,15.87,4.13,63835,,
gpt-oss-20b,21,RX 7900 XT,gpu,20,Q5_K_M,8192,F16,yes,18.08,1.92,24496,,
gpt-oss-20b,21,RX 7900 XT,gpu,20,Q6_K,8192,F16,no,20.44,-0.44,0,,
gpt-oss-20b,21,RX 7900 XT,gpu,20,Q8_0,8192,F16,no,25.74,-5.74,0,,
gpt-oss-20b,21,RX 7900 XT,gpu,20,FP16,8192,F16,no,46.28,-26.28,0,,
gpt-oss-20b,21,RX 7800 XT,gpu,16,Q4_K_M,8192,F16,tight,15.87,0.13,0,,
gpt-oss-20b,21,RX 7800 XT,gpu,16,Q5_K_M,8192,F16,no,18.08,-2.08,0,,
gpt-oss-20b,21,RX 7800 XT,gpu,16,Q6_K,8192,F16,no,20.44,-4.44,0,,
gpt-oss-20b,21,RX 7800 XT,gpu,16,Q8_0,8192,F16,no,25.74,-9.74,0,,
gpt-oss-20b,21,RX 7800 XT,gpu,16,FP16,8192,F16,no,46.28,-30.28,0,,
gpt-oss-20b,21,RX 9070 XT,gpu,16,Q4_K_M,8192,F16,tight,15.87,0.13,0,,
gpt-oss-20b,21,RX 9070 XT,gpu,16,Q5_K_M,8192,F16,no,18.08,-2.08,0,,
gpt-oss-20b,21,RX 9070 XT,gpu,16,Q6_K,8192,F16,no,20.44,-4.44,0,,
gpt-oss-20b,21,RX 9070 XT,gpu,16,Q8_0,8192,F16,no,25.74,-9.74,0,,
gpt-oss-20b,21,RX 9070 XT,gpu,16,FP16,8192,F16,no,46.28,-30.28,0,,
gpt-oss-20b,21,RX 9070,gpu,16,Q4_K_M,8192,F16,tight,15.87,0.13,0,,
gpt-oss-20b,21,RX 9070,gpu,16,Q5_K_M,8192,F16,no,18.08,-2.08,0,,
gpt-oss-20b,21,RX 9070,gpu,16,Q6_K,8192,F16,no,20.44,-4.44,0,,
gpt-oss-20b,21,RX 9070,gpu,16,Q8_0,8192,F16,no,25.74,-9.74,0,,
gpt-oss-20b,21,RX 9070,gpu,16,FP16,8192,F16,no,46.28,-30.28,0,,
gpt-oss-20b,21,Radeon PRO W7900,gpu,48,Q4_K_M,8192,F16,yes,15.87,32.13,131072,,
gpt-oss-20b,21,Radeon PRO W7900,gpu,48,Q5_K_M,8192,F16,yes,18.08,29.92,131072,,
gpt-oss-20b,21,Radeon PRO W7900,gpu,48,Q6_K,8192,F16,yes,20.44,27.56,131072,,
gpt-oss-20b,21,Radeon PRO W7900,gpu,48,Q8_0,8192,F16,yes,25.74,22.26,131072,,
gpt-oss-20b,21,Radeon PRO W7900,gpu,48,FP16,8192,F16,tight,46.28,1.72,0,,
gpt-oss-20b,21,2× RTX 3090,gpu,48,Q4_K_M,8192,F16,yes,17.87,30.13,131072,,
gpt-oss-20b,21,2× RTX 3090,gpu,48,Q5_K_M,8192,F16,yes,20.08,27.92,131072,,
gpt-oss-20b,21,2× RTX 3090,gpu,48,Q6_K,8192,F16,yes,22.44,25.56,131072,,
gpt-oss-20b,21,2× RTX 3090,gpu,48,Q8_0,8192,F16,yes,27.74,20.26,131072,,
gpt-oss-20b,21,2× RTX 3090,gpu,48,FP16,8192,F16,no,48.28,-0.28,0,,
gpt-oss-20b,21,2× RTX 4090,gpu,48,Q4_K_M,8192,F16,yes,17.87,30.13,131072,,
gpt-oss-20b,21,2× RTX 4090,gpu,48,Q5_K_M,8192,F16,yes,20.08,27.92,131072,,
gpt-oss-20b,21,2× RTX 4090,gpu,48,Q6_K,8192,F16,yes,22.44,25.56,131072,,
gpt-oss-20b,21,2× RTX 4090,gpu,48,Q8_0,8192,F16,yes,27.74,20.26,131072,,
gpt-oss-20b,21,2× RTX 4090,gpu,48,FP16,8192,F16,no,48.28,-0.28,0,,
gpt-oss-20b,21,4× RTX 3090,gpu,96,Q4_K_M,8192,F16,yes,21.87,74.13,131072,,
gpt-oss-20b,21,4× RTX 3090,gpu,96,Q5_K_M,8192,F16,yes,24.08,71.92,131072,,
gpt-oss-20b,21,4× RTX 3090,gpu,96,Q6_K,8192,F16,yes,26.44,69.56,131072,,
gpt-oss-20b,21,4× RTX 3090,gpu,96,Q8_0,8192,F16,yes,31.74,64.26,131072,,
gpt-oss-20b,21,4× RTX 3090,gpu,96,FP16,8192,F16,yes,52.28,43.72,131072,,
gpt-oss-20b,21,A100 40GB,gpu,40,Q4_K_M,8192,F16,yes,15.87,24.13,131072,,
gpt-oss-20b,21,A100 40GB,gpu,40,Q5_K_M,8192,F16,yes,18.08,21.92,131072,,
gpt-oss-20b,21,A100 40GB,gpu,40,Q6_K,8192,F16,yes,20.44,19.56,131072,,
gpt-oss-20b,21,A100 40GB,gpu,40,Q8_0,8192,F16,yes,25.74,14.26,131072,,
gpt-oss-20b,21,A100 40GB,gpu,40,FP16,8192,F16,no,46.28,-6.28,0,,
gpt-oss-20b,21,A100 80GB,gpu,80,Q4_K_M,8192,F16,yes,15.87,64.13,131072,,
gpt-oss-20b,21,A100 80GB,gpu,80,Q5_K_M,8192,F16,yes,18.08,61.92,131072,,
gpt-oss-20b,21,A100 80GB,gpu,80,Q6_K,8192,F16,yes,20.44,59.56,131072,,
gpt-oss-20b,21,A100 80GB,gpu,80,Q8_0,8192,F16,yes,25.74,54.26,131072,,
gpt-oss-20b,21,A100 80GB,gpu,80,FP16,8192,F16,yes,46.28,33.72,131072,,
gpt-oss-20b,21,H100 80GB,gpu,80,Q4_K_M,8192,F16,yes,15.87,64.13,131072,,
gpt-oss-20b,21,H100 80GB,gpu,80,Q5_K_M,8192,F16,yes,18.08,61.92,131072,,
gpt-oss-20b,21,H100 80GB,gpu,80,Q6_K,8192,F16,yes,20.44,59.56,131072,,
gpt-oss-20b,21,H100 80GB,gpu,80,Q8_0,8192,F16,yes,25.74,54.26,131072,,
gpt-oss-20b,21,H100 80GB,gpu,80,FP16,8192,F16,yes,46.28,33.72,131072,,
gpt-oss-20b,21,H200 141GB,gpu,141,Q4_K_M,8192,F16,yes,15.87,125.13,131072,,
gpt-oss-20b,21,H200 141GB,gpu,141,Q5_K_M,8192,F16,yes,18.08,122.92,131072,,
gpt-oss-20b,21,H200 141GB,gpu,141,Q6_K,8192,F16,yes,20.44,120.56,131072,,
gpt-oss-20b,21,H200 141GB,gpu,141,Q8_0,8192,F16,yes,25.74,115.26,131072,,
gpt-oss-20b,21,H200 141GB,gpu,141,FP16,8192,F16,yes,46.28,94.72,131072,,
gpt-oss-20b,21,B200,gpu,192,Q4_K_M,8192,F16,yes,15.87,176.13,131072,,
gpt-oss-20b,21,B200,gpu,192,Q5_K_M,8192,F16,yes,18.08,173.92,131072,,
gpt-oss-20b,21,B200,gpu,192,Q6_K,8192,F16,yes,20.44,171.56,131072,,
gpt-oss-20b,21,B200,gpu,192,Q8_0,8192,F16,yes,25.74,166.26,131072,,
gpt-oss-20b,21,B200,gpu,192,FP16,8192,F16,yes,46.28,145.72,131072,,
gpt-oss-20b,21,M5 16GB,mac,16,4bit,8192,F16,no,20.42,-4.42,0,,
gpt-oss-20b,21,M5 16GB,mac,16,8bit,8192,F16,no,31.37,-15.37,0,,
gpt-oss-20b,21,M5 16GB,mac,16,16bit,8192,F16,no,53.27,-37.27,0,,
gpt-oss-20b,21,M5 24GB,mac,24,4bit,8192,F16,tight,20.42,3.58,0,,
gpt-oss-20b,21,M5 24GB,mac,24,8bit,8192,F16,no,31.37,-7.37,0,,
gpt-oss-20b,21,M5 24GB,mac,24,16bit,8192,F16,no,53.27,-29.27,0,,
gpt-oss-20b,21,M5 32GB,mac,32,4bit,8192,F16,yes,19.92,12.08,109093,,
gpt-oss-20b,21,M5 32GB,mac,32,8bit,8192,F16,tight,30.87,1.13,0,,
gpt-oss-20b,21,M5 32GB,mac,32,16bit,8192,F16,no,52.77,-20.77,0,,
gpt-oss-20b,21,M5 Pro 24GB,mac,24,4bit,8192,F16,tight,20.42,3.58,0,,
gpt-oss-20b,21,M5 Pro 24GB,mac,24,8bit,8192,F16,no,31.37,-7.37,0,,
gpt-oss-20b,21,M5 Pro 24GB,mac,24,16bit,8192,F16,no,53.27,-29.27,0,,
gpt-oss-20b,21,M5 Pro 48GB,mac,48,4bit,8192,F16,yes,19.42,28.58,131072,,
gpt-oss-20b,21,M5 Pro 48GB,mac,48,8bit,8192,F16,yes,30.37,17.63,131072,,
gpt-oss-20b,21,M5 Pro 48GB,mac,48,16bit,8192,F16,no,52.27,-4.27,0,,
gpt-oss-20b,21,M5 Pro 64GB,mac,64,4bit,8192,F16,yes,19.42,44.58,131072,,
gpt-oss-20b,21,M5 Pro 64GB,mac,64,8bit,8192,F16,yes,30.37,33.63,131072,,
gpt-oss-20b,21,M5 Pro 64GB,mac,64,16bit,8192,F16,tight,52.27,11.73,0,,
gpt-oss-20b,21,M5 Max 36GB,mac,36,4bit,8192,F16,yes,19.92,16.08,131072,,
gpt-oss-20b,21,M5 Max 36GB,mac,36,8bit,8192,F16,tight,30.87,5.13,0,,
gpt-oss-20b,21,M5 Max 36GB,mac,36,16bit,8192,F16,no,52.77,-16.77,0,,
gpt-oss-20b,21,M5 Max 48GB,mac,48,4bit,8192,F16,yes,19.42,28.58,131072,,
gpt-oss-20b,21,M5 Max 48GB,mac,48,8bit,8192,F16,yes,30.37,17.63,131072,,
gpt-oss-20b,21,M5 Max 48GB,mac,48,16bit,8192,F16,no,52.27,-4.27,0,,
gpt-oss-20b,21,M5 Max 64GB,mac,64,4bit,8192,F16,yes,19.42,44.58,131072,,
gpt-oss-20b,21,M5 Max 64GB,mac,64,8bit,8192,F16,yes,30.37,33.63,131072,,
gpt-oss-20b,21,M5 Max 64GB,mac,64,16bit,8192,F16,tight,52.27,11.73,0,,
gpt-oss-20b,21,M5 Max 128GB,mac,128,4bit,8192,F16,yes,19.42,108.58,131072,,
gpt-oss-20b,21,M5 Max 128GB,mac,128,8bit,8192,F16,yes,30.37,97.63,131072,,
gpt-oss-20b,21,M5 Max 128GB,mac,128,16bit,8192,F16,yes,52.27,75.73,131072,,
gpt-oss-20b,21,M4 16GB,mac,16,4bit,8192,F16,no,20.42,-4.42,0,,
gpt-oss-20b,21,M4 16GB,mac,16,8bit,8192,F16,no,31.37,-15.37,0,,
gpt-oss-20b,21,M4 16GB,mac,16,16bit,8192,F16,no,53.27,-37.27,0,,
gpt-oss-20b,21,M4 24GB,mac,24,4bit,8192,F16,tight,20.42,3.58,0,,
gpt-oss-20b,21,M4 24GB,mac,24,8bit,8192,F16,no,31.37,-7.37,0,,
gpt-oss-20b,21,M4 24GB,mac,24,16bit,8192,F16,no,53.27,-29.27,0,,
gpt-oss-20b,21,M4 32GB,mac,32,4bit,8192,F16,yes,19.92,12.08,109093,,
gpt-oss-20b,21,M4 32GB,mac,32,8bit,8192,F16,tight,30.87,1.13,0,,
gpt-oss-20b,21,M4 32GB,mac,32,16bit,8192,F16,no,52.77,-20.77,0,,
gpt-oss-20b,21,M4 Pro 24GB,mac,24,4bit,8192,F16,tight,20.42,3.58,0,,
gpt-oss-20b,21,M4 Pro 24GB,mac,24,8bit,8192,F16,no,31.37,-7.37,0,,
gpt-oss-20b,21,M4 Pro 24GB,mac,24,16bit,8192,F16,no,53.27,-29.27,0,,
gpt-oss-20b,21,M4 Pro 48GB,mac,48,4bit,8192,F16,yes,19.42,28.58,131072,,
gpt-oss-20b,21,M4 Pro 48GB,mac,48,8bit,8192,F16,yes,30.37,17.63,131072,,
gpt-oss-20b,21,M4 Pro 48GB,mac,48,16bit,8192,F16,no,52.27,-4.27,0,,
gpt-oss-20b,21,M4 Pro 64GB,mac,64,4bit,8192,F16,yes,19.42,44.58,131072,,
gpt-oss-20b,21,M4 Pro 64GB,mac,64,8bit,8192,F16,yes,30.37,33.63,131072,,
gpt-oss-20b,21,M4 Pro 64GB,mac,64,16bit,8192,F16,tight,52.27,11.73,0,,
gpt-oss-20b,21,M4 Max 36GB,mac,36,4bit,8192,F16,yes,19.92,16.08,131072,,
gpt-oss-20b,21,M4 Max 36GB,mac,36,8bit,8192,F16,tight,30.87,5.13,0,,
gpt-oss-20b,21,M4 Max 36GB,mac,36,16bit,8192,F16,no,52.77,-16.77,0,,
gpt-oss-20b,21,M4 Max 48GB,mac,48,4bit,8192,F16,yes,19.42,28.58,131072,,
gpt-oss-20b,21,M4 Max 48GB,mac,48,8bit,8192,F16,yes,30.37,17.63,131072,,
gpt-oss-20b,21,M4 Max 48GB,mac,48,16bit,8192,F16,no,52.27,-4.27,0,,
gpt-oss-20b,21,M4 Max 64GB,mac,64,4bit,8192,F16,yes,19.42,44.58,131072,,
gpt-oss-20b,21,M4 Max 64GB,mac,64,8bit,8192,F16,yes,30.37,33.63,131072,,
gpt-oss-20b,21,M4 Max 64GB,mac,64,16bit,8192,F16,tight,52.27,11.73,0,,
gpt-oss-20b,21,M4 Max 128GB,mac,128,4bit,8192,F16,yes,19.42,108.58,131072,,
gpt-oss-20b,21,M4 Max 128GB,mac,128,8bit,8192,F16,yes,30.37,97.63,131072,,
gpt-oss-20b,21,M4 Max 128GB,mac,128,16bit,8192,F16,yes,52.27,75.73,131072,,
gpt-oss-20b,21,M3 8GB,mac,8,4bit,8192,F16,no,20.42,-12.42,0,,
gpt-oss-20b,21,M3 8GB,mac,8,8bit,8192,F16,no,31.37,-23.37,0,,
gpt-oss-20b,21,M3 8GB,mac,8,16bit,8192,F16,no,53.27,-45.27,0,,
gpt-oss-20b,21,M3 16GB,mac,16,4bit,8192,F16,no,20.42,-4.42,0,,
gpt-oss-20b,21,M3 16GB,mac,16,8bit,8192,F16,no,31.37,-15.37,0,,
gpt-oss-20b,21,M3 16GB,mac,16,16bit,8192,F16,no,53.27,-37.27,0,,
gpt-oss-20b,21,M3 24GB,mac,24,4bit,8192,F16,tight,20.42,3.58,0,,
gpt-oss-20b,21,M3 24GB,mac,24,8bit,8192,F16,no,31.37,-7.37,0,,
gpt-oss-20b,21,M3 24GB,mac,24,16bit,8192,F16,no,53.27,-29.27,0,,
gpt-oss-20b,21,M3 Pro 18GB,mac,18,4bit,8192,F16,no,20.42,-2.42,0,,
gpt-oss-20b,21,M3 Pro 18GB,mac,18,8bit,8192,F16,no,31.37,-13.37,0,,
gpt-oss-20b,21,M3 Pro 18GB,mac,18,16bit,8192,F16,no,53.27,-35.27,0,,
gpt-oss-20b,21,M3 Pro 36GB,mac,36,4bit,8192,F16,yes,19.92,16.08,131072,,
gpt-oss-20b,21,M3 Pro 36GB,mac,36,8bit,8192,F16,tight,30.87,5.13,0,,
gpt-oss-20b,21,M3 Pro 36GB,mac,36,16bit,8192,F16,no,52.77,-16.77,0,,
gpt-oss-20b,21,M3 Max 36GB,mac,36,4bit,8192,F16,yes,19.92,16.08,131072,,
gpt-oss-20b,21,M3 Max 36GB,mac,36,8bit,8192,F16,tight,30.87,5.13,0,,
gpt-oss-20b,21,M3 Max 36GB,mac,36,16bit,8192,F16,no,52.77,-16.77,0,,
gpt-oss-20b,21,M3 Max 48GB,mac,48,4bit,8192,F16,yes,19.42,28.58,131072,,
gpt-oss-20b,21,M3 Max 48GB,mac,48,8bit,8192,F16,yes,30.37,17.63,131072,,
gpt-oss-20b,21,M3 Max 48GB,mac,48,16bit,8192,F16,no,52.27,-4.27,0,,
gpt-oss-20b,21,M3 Max 64GB,mac,64,4bit,8192,F16,yes,19.42,44.58,131072,,
gpt-oss-20b,21,M3 Max 64GB,mac,64,8bit,8192,F16,yes,30.37,33.63,131072,,
gpt-oss-20b,21,M3 Max 64GB,mac,64,16bit,8192,F16,tight,52.27,11.73,0,,
gpt-oss-20b,21,M3 Max 96GB,mac,96,4bit,8192,F16,yes,19.42,76.58,131072,,
gpt-oss-20b,21,M3 Max 96GB,mac,96,8bit,8192,F16,yes,30.37,65.63,131072,,
gpt-oss-20b,21,M3 Max 96GB,mac,96,16bit,8192,F16,yes,52.27,43.73,131072,,
gpt-oss-20b,21,M3 Max 128GB,mac,128,4bit,8192,F16,yes,19.42,108.58,131072,,
gpt-oss-20b,21,M3 Max 128GB,mac,128,8bit,8192,F16,yes,30.37,97.63,131072,,
gpt-oss-20b,21,M3 Max 128GB,mac,128,16bit,8192,F16,yes,52.27,75.73,131072,,
gpt-oss-20b,21,M3 Ultra 96GB,mac,96,4bit,8192,F16,yes,19.42,76.58,131072,,
gpt-oss-20b,21,M3 Ultra 96GB,mac,96,8bit,8192,F16,yes,30.37,65.63,131072,,
gpt-oss-20b,21,M3 Ultra 96GB,mac,96,16bit,8192,F16,yes,52.27,43.73,131072,,
gpt-oss-20b,21,M3 Ultra 256GB,mac,256,4bit,8192,F16,yes,19.42,236.58,131072,,
gpt-oss-20b,21,M3 Ultra 256GB,mac,256,8bit,8192,F16,yes,30.37,225.63,131072,,
gpt-oss-20b,21,M3 Ultra 256GB,mac,256,16bit,8192,F16,yes,52.27,203.73,131072,,
gpt-oss-20b,21,M3 Ultra 512GB,mac,512,4bit,8192,F16,yes,19.42,492.58,131072,,
gpt-oss-20b,21,M3 Ultra 512GB,mac,512,8bit,8192,F16,yes,30.37,481.63,131072,,
gpt-oss-20b,21,M3 Ultra 512GB,mac,512,16bit,8192,F16,yes,52.27,459.73,131072,,
gpt-oss-20b,21,M2 8GB,mac,8,4bit,8192,F16,no,20.42,-12.42,0,,
gpt-oss-20b,21,M2 8GB,mac,8,8bit,8192,F16,no,31.37,-23.37,0,,
gpt-oss-20b,21,M2 8GB,mac,8,16bit,8192,F16,no,53.27,-45.27,0,,
gpt-oss-20b,21,M2 16GB,mac,16,4bit,8192,F16,no,20.42,-4.42,0,,
gpt-oss-20b,21,M2 16GB,mac,16,8bit,8192,F16,no,31.37,-15.37,0,,
gpt-oss-20b,21,M2 16GB,mac,16,16bit,8192,F16,no,53.27,-37.27,0,,
gpt-oss-20b,21,M2 24GB,mac,24,4bit,8192,F16,tight,20.42,3.58,0,,
gpt-oss-20b,21,M2 24GB,mac,24,8bit,8192,F16,no,31.37,-7.37,0,,
gpt-oss-20b,21,M2 24GB,mac,24,16bit,8192,F16,no,53.27,-29.27,0,,
gpt-oss-20b,21,M2 Pro 16GB,mac,16,4bit,8192,F16,no,20.42,-4.42,0,,
gpt-oss-20b,21,M2 Pro 16GB,mac,16,8bit,8192,F16,no,31.37,-15.37,0,,
gpt-oss-20b,21,M2 Pro 16GB,mac,16,16bit,8192,F16,no,53.27,-37.27,0,,
gpt-oss-20b,21,M2 Pro 32GB,mac,32,4bit,8192,F16,yes,19.92,12.08,109093,,
gpt-oss-20b,21,M2 Pro 32GB,mac,32,8bit,8192,F16,tight,30.87,1.13,0,,
gpt-oss-20b,21,M2 Pro 32GB,mac,32,16bit,8192,F16,no,52.77,-20.77,0,,
gpt-oss-20b,21,M2 Max 32GB,mac,32,4bit,8192,F16,yes,19.92,12.08,109093,,
gpt-oss-20b,21,M2 Max 32GB,mac,32,8bit,8192,F16,tight,30.87,1.13,0,,
gpt-oss-20b,21,M2 Max 32GB,mac,32,16bit,8192,F16,no,52.77,-20.77,0,,
gpt-oss-20b,21,M2 Max 64GB,mac,64,4bit,8192,F16,yes,19.42,44.58,131072,,
gpt-oss-20b,21,M2 Max 64GB,mac,64,8bit,8192,F16,yes,30.37,33.63,131072,,
gpt-oss-20b,21,M2 Max 64GB,mac,64,16bit,8192,F16,tight,52.27,11.73,0,,
gpt-oss-20b,21,M2 Max 96GB,mac,96,4bit,8192,F16,yes,19.42,76.58,131072,,
gpt-oss-20b,21,M2 Max 96GB,mac,96,8bit,8192,F16,yes,30.37,65.63,131072,,
gpt-oss-20b,21,M2 Max 96GB,mac,96,16bit,8192,F16,yes,52.27,43.73,131072,,
gpt-oss-20b,21,M2 Ultra 64GB,mac,64,4bit,8192,F16,yes,19.42,44.58,131072,,
gpt-oss-20b,21,M2 Ultra 64GB,mac,64,8bit,8192,F16,yes,30.37,33.63,131072,,
gpt-oss-20b,21,M2 Ultra 64GB,mac,64,16bit,8192,F16,tight,52.27,11.73,0,,
gpt-oss-20b,21,M2 Ultra 128GB,mac,128,4bit,8192,F16,yes,19.42,108.58,131072,,
gpt-oss-20b,21,M2 Ultra 128GB,mac,128,8bit,8192,F16,yes,30.37,97.63,131072,,
gpt-oss-20b,21,M2 Ultra 128GB,mac,128,16bit,8192,F16,yes,52.27,75.73,131072,,
gpt-oss-20b,21,M2 Ultra 192GB,mac,192,4bit,8192,F16,yes,19.42,172.58,131072,,
gpt-oss-20b,21,M2 Ultra 192GB,mac,192,8bit,8192,F16,yes,30.37,161.63,131072,,
gpt-oss-20b,21,M2 Ultra 192GB,mac,192,16bit,8192,F16,yes,52.27,139.73,131072,,
gpt-oss-20b,21,M1 8GB,mac,8,4bit,8192,F16,no,20.42,-12.42,0,,
gpt-oss-20b,21,M1 8GB,mac,8,8bit,8192,F16,no,31.37,-23.37,0,,
gpt-oss-20b,21,M1 8GB,mac,8,16bit,8192,F16,no,53.27,-45.27,0,,
gpt-oss-20b,21,M1 16GB,mac,16,4bit,8192,F16,no,20.42,-4.42,0,,
gpt-oss-20b,21,M1 16GB,mac,16,8bit,8192,F16,no,31.37,-15.37,0,,
gpt-oss-20b,21,M1 16GB,mac,16,16bit,8192,F16,no,53.27,-37.27,0,,
gpt-oss-20b,21,M1 Pro 16GB,mac,16,4bit,8192,F16,no,20.42,-4.42,0,,
gpt-oss-20b,21,M1 Pro 16GB,mac,16,8bit,8192,F16,no,31.37,-15.37,0,,
gpt-oss-20b,21,M1 Pro 16GB,mac,16,16bit,8192,F16,no,53.27,-37.27,0,,
gpt-oss-20b,21,M1 Pro 32GB,mac,32,4bit,8192,F16,yes,19.92,12.08,109093,,
gpt-oss-20b,21,M1 Pro 32GB,mac,32,8bit,8192,F16,tight,30.87,1.13,0,,
gpt-oss-20b,21,M1 Pro 32GB,mac,32,16bit,8192,F16,no,52.77,-20.77,0,,
gpt-oss-20b,21,M1 Max 32GB,mac,32,4bit,8192,F16,yes,19.92,12.08,109093,,
gpt-oss-20b,21,M1 Max 32GB,mac,32,8bit,8192,F16,tight,30.87,1.13,0,,
gpt-oss-20b,21,M1 Max 32GB,mac,32,16bit,8192,F16,no,52.77,-20.77,0,,
gpt-oss-20b,21,M1 Max 64GB,mac,64,4bit,8192,F16,yes,19.42,44.58,131072,,
gpt-oss-20b,21,M1 Max 64GB,mac,64,8bit,8192,F16,yes,30.37,33.63,131072,,
gpt-oss-20b,21,M1 Max 64GB,mac,64,16bit,8192,F16,tight,52.27,11.73,0,,
gpt-oss-20b,21,M1 Ultra 64GB,mac,64,4bit,8192,F16,yes,19.42,44.58,131072,,
gpt-oss-20b,21,M1 Ultra 64GB,mac,64,8bit,8192,F16,yes,30.37,33.63,131072,,
gpt-oss-20b,21,M1 Ultra 64GB,mac,64,16bit,8192,F16,tight,52.27,11.73,0,,
gpt-oss-20b,21,M1 Ultra 128GB,mac,128,4bit,8192,F16,yes,19.42,108.58,131072,,
gpt-oss-20b,21,M1 Ultra 128GB,mac,128,8bit,8192,F16,yes,30.37,97.63,131072,,
gpt-oss-20b,21,M1 Ultra 128GB,mac,128,16bit,8192,F16,yes,52.27,75.73,131072,,
gpt-oss-120b,117,RTX 5090,gpu,32,Q4_K_M,8192,F16,no,77.24,-45.24,0,,
gpt-oss-120b,117,RTX 5090,gpu,32,Q5_K_M,8192,F16,no,89.58,-57.58,0,,
gpt-oss-120b,117,RTX 5090,gpu,32,Q6_K,8192,F16,no,102.7,-70.7,0,,
gpt-oss-120b,117,RTX 5090,gpu,32,Q8_0,8192,F16,no,132.25,-100.25,0,,
gpt-oss-120b,117,RTX 5090,gpu,32,FP16,8192,F16,no,246.66,-214.66,0,,
gpt-oss-120b,117,RTX 5080,gpu,16,Q4_K_M,8192,F16,no,77.24,-61.24,0,,
gpt-oss-120b,117,RTX 5080,gpu,16,Q5_K_M,8192,F16,no,89.58,-73.58,0,,
gpt-oss-120b,117,RTX 5080,gpu,16,Q6_K,8192,F16,no,102.7,-86.7,0,,
gpt-oss-120b,117,RTX 5080,gpu,16,Q8_0,8192,F16,no,132.25,-116.25,0,,
gpt-oss-120b,117,RTX 5080,gpu,16,FP16,8192,F16,no,246.66,-230.66,0,,
gpt-oss-120b,117,RTX 5070 Ti,gpu,16,Q4_K_M,8192,F16,no,77.24,-61.24,0,,
gpt-oss-120b,117,RTX 5070 Ti,gpu,16,Q5_K_M,8192,F16,no,89.58,-73.58,0,,
gpt-oss-120b,117,RTX 5070 Ti,gpu,16,Q6_K,8192,F16,no,102.7,-86.7,0,,
gpt-oss-120b,117,RTX 5070 Ti,gpu,16,Q8_0,8192,F16,no,132.25,-116.25,0,,
gpt-oss-120b,117,RTX 5070 Ti,gpu,16,FP16,8192,F16,no,246.66,-230.66,0,,
gpt-oss-120b,117,RTX 5070,gpu,12,Q4_K_M,8192,F16,no,77.24,-65.24,0,,
gpt-oss-120b,117,RTX 5070,gpu,12,Q5_K_M,8192,F16,no,89.58,-77.58,0,,
gpt-oss-120b,117,RTX 5070,gpu,12,Q6_K,8192,F16,no,102.7,-90.7,0,,
gpt-oss-120b,117,RTX 5070,gpu,12,Q8_0,8192,F16,no,132.25,-120.25,0,,
gpt-oss-120b,117,RTX 5070,gpu,12,FP16,8192,F16,no,246.66,-234.66,0,,
gpt-oss-120b,117,RTX 4090,gpu,24,Q4_K_M,8192,F16,no,77.24,-53.24,0,,
gpt-oss-120b,117,RTX 4090,gpu,24,Q5_K_M,8192,F16,no,89.58,-65.58,0,,
gpt-oss-120b,117,RTX 4090,gpu,24,Q6_K,8192,F16,no,102.7,-78.7,0,,
gpt-oss-120b,117,RTX 4090,gpu,24,Q8_0,8192,F16,no,132.25,-108.25,0,,
gpt-oss-120b,117,RTX 4090,gpu,24,FP16,8192,F16,no,246.66,-222.66,0,,
gpt-oss-120b,117,RTX 4080 SUPER,gpu,16,Q4_K_M,8192,F16,no,77.24,-61.24,0,,
gpt-oss-120b,117,RTX 4080 SUPER,gpu,16,Q5_K_M,8192,F16,no,89.58,-73.58,0,,
gpt-oss-120b,117,RTX 4080 SUPER,gpu,16,Q6_K,8192,F16,no,102.7,-86.7,0,,
gpt-oss-120b,117,RTX 4080 SUPER,gpu,16,Q8_0,8192,F16,no,132.25,-116.25,0,,
gpt-oss-120b,117,RTX 4080 SUPER,gpu,16,FP16,8192,F16,no,246.66,-230.66,0,,
gpt-oss-120b,117,RTX 4070 Ti SUPER,gpu,16,Q4_K_M,8192,F16,no,77.24,-61.24,0,,
gpt-oss-120b,117,RTX 4070 Ti SUPER,gpu,16,Q5_K_M,8192,F16,no,89.58,-73.58,0,,
gpt-oss-120b,117,RTX 4070 Ti SUPER,gpu,16,Q6_K,8192,F16,no,102.7,-86.7,0,,
gpt-oss-120b,117,RTX 4070 Ti SUPER,gpu,16,Q8_0,8192,F16,no,132.25,-116.25,0,,
gpt-oss-120b,117,RTX 4070 Ti SUPER,gpu,16,FP16,8192,F16,no,246.66,-230.66,0,,
gpt-oss-120b,117,RTX 4070,gpu,12,Q4_K_M,8192,F16,no,77.24,-65.24,0,,
gpt-oss-120b,117,RTX 4070,gpu,12,Q5_K_M,8192,F16,no,89.58,-77.58,0,,
gpt-oss-120b,117,RTX 4070,gpu,12,Q6_K,8192,F16,no,102.7,-90.7,0,,
gpt-oss-120b,117,RTX 4070,gpu,12,Q8_0,8192,F16,no,132.25,-120.25,0,,
gpt-oss-120b,117,RTX 4070,gpu,12,FP16,8192,F16,no,246.66,-234.66,0,,
gpt-oss-120b,117,RTX 4060 Ti 16GB,gpu,16,Q4_K_M,8192,F16,no,77.24,-61.24,0,,
gpt-oss-120b,117,RTX 4060 Ti 16GB,gpu,16,Q5_K_M,8192,F16,no,89.58,-73.58,0,,
gpt-oss-120b,117,RTX 4060 Ti 16GB,gpu,16,Q6_K,8192,F16,no,102.7,-86.7,0,,
gpt-oss-120b,117,RTX 4060 Ti 16GB,gpu,16,Q8_0,8192,F16,no,132.25,-116.25,0,,
gpt-oss-120b,117,RTX 4060 Ti 16GB,gpu,16,FP16,8192,F16,no,246.66,-230.66,0,,
gpt-oss-120b,117,RTX 3090,gpu,24,Q4_K_M,8192,F16,no,77.24,-53.24,0,,
gpt-oss-120b,117,RTX 3090,gpu,24,Q5_K_M,8192,F16,no,89.58,-65.58,0,,
gpt-oss-120b,117,RTX 3090,gpu,24,Q6_K,8192,F16,no,102.7,-78.7,0,,
gpt-oss-120b,117,RTX 3090,gpu,24,Q8_0,8192,F16,no,132.25,-108.25,0,,
gpt-oss-120b,117,RTX 3090,gpu,24,FP16,8192,F16,no,246.66,-222.66,0,,
gpt-oss-120b,117,RTX 3090 Ti,gpu,24,Q4_K_M,8192,F16,no,77.24,-53.24,0,,
gpt-oss-120b,117,RTX 3090 Ti,gpu,24,Q5_K_M,8192,F16,no,89.58,-65.58,0,,
gpt-oss-120b,117,RTX 3090 Ti,gpu,24,Q6_K,8192,F16,no,102.7,-78.7,0,,
gpt-oss-120b,117,RTX 3090 Ti,gpu,24,Q8_0,8192,F16,no,132.25,-108.25,0,,
gpt-oss-120b,117,RTX 3090 Ti,gpu,24,FP16,8192,F16,no,246.66,-222.66,0,,
gpt-oss-120b,117,RTX 3080 10GB,gpu,10,Q4_K_M,8192,F16,no,77.24,-67.24,0,,
gpt-oss-120b,117,RTX 3080 10GB,gpu,10,Q5_K_M,8192,F16,no,89.58,-79.58,0,,
gpt-oss-120b,117,RTX 3080 10GB,gpu,10,Q6_K,8192,F16,no,102.7,-92.7,0,,
gpt-oss-120b,117,RTX 3080 10GB,gpu,10,Q8_0,8192,F16,no,132.25,-122.25,0,,
gpt-oss-120b,117,RTX 3080 10GB,gpu,10,FP16,8192,F16,no,246.66,-236.66,0,,
gpt-oss-120b,117,RTX 3080 12GB,gpu,12,Q4_K_M,8192,F16,no,77.24,-65.24,0,,
gpt-oss-120b,117,RTX 3080 12GB,gpu,12,Q5_K_M,8192,F16,no,89.58,-77.58,0,,
gpt-oss-120b,117,RTX 3080 12GB,gpu,12,Q6_K,8192,F16,no,102.7,-90.7,0,,
gpt-oss-120b,117,RTX 3080 12GB,gpu,12,Q8_0,8192,F16,no,132.25,-120.25,0,,
gpt-oss-120b,117,RTX 3080 12GB,gpu,12,FP16,8192,F16,no,246.66,-234.66,0,,
gpt-oss-120b,117,RTX 3060 12GB,gpu,12,Q4_K_M,8192,F16,no,77.24,-65.24,0,,
gpt-oss-120b,117,RTX 3060 12GB,gpu,12,Q5_K_M,8192,F16,no,89.58,-77.58,0,,
gpt-oss-120b,117,RTX 3060 12GB,gpu,12,Q6_K,8192,F16,no,102.7,-90.7,0,,
gpt-oss-120b,117,RTX 3060 12GB,gpu,12,Q8_0,8192,F16,no,132.25,-120.25,0,,
gpt-oss-120b,117,RTX 3060 12GB,gpu,12,FP16,8192,F16,no,246.66,-234.66,0,,
gpt-oss-120b,117,RTX 5060 Ti 16GB,gpu,16,Q4_K_M,8192,F16,no,77.24,-61.24,0,,
gpt-oss-120b,117,RTX 5060 Ti 16GB,gpu,16,Q5_K_M,8192,F16,no,89.58,-73.58,0,,
gpt-oss-120b,117,RTX 5060 Ti 16GB,gpu,16,Q6_K,8192,F16,no,102.7,-86.7,0,,
gpt-oss-120b,117,RTX 5060 Ti 16GB,gpu,16,Q8_0,8192,F16,no,132.25,-116.25,0,,
gpt-oss-120b,117,RTX 5060 Ti 16GB,gpu,16,FP16,8192,F16,no,246.66,-230.66,0,,
gpt-oss-120b,117,RTX 4070 Ti,gpu,12,Q4_K_M,8192,F16,no,77.24,-65.24,0,,
gpt-oss-120b,117,RTX 4070 Ti,gpu,12,Q5_K_M,8192,F16,no,89.58,-77.58,0,,
gpt-oss-120b,117,RTX 4070 Ti,gpu,12,Q6_K,8192,F16,no,102.7,-90.7,0,,
gpt-oss-120b,117,RTX 4070 Ti,gpu,12,Q8_0,8192,F16,no,132.25,-120.25,0,,
gpt-oss-120b,117,RTX 4070 Ti,gpu,12,FP16,8192,F16,no,246.66,-234.66,0,,
gpt-oss-120b,117,RTX 4080,gpu,16,Q4_K_M,8192,F16,no,77.24,-61.24,0,,
gpt-oss-120b,117,RTX 4080,gpu,16,Q5_K_M,8192,F16,no,89.58,-73.58,0,,
gpt-oss-120b,117,RTX 4080,gpu,16,Q6_K,8192,F16,no,102.7,-86.7,0,,
gpt-oss-120b,117,RTX 4080,gpu,16,Q8_0,8192,F16,no,132.25,-116.25,0,,
gpt-oss-120b,117,RTX 4080,gpu,16,FP16,8192,F16,no,246.66,-230.66,0,,
gpt-oss-120b,117,RTX 4060 Ti 8GB,gpu,8,Q4_K_M,8192,F16,no,77.24,-69.24,0,,
gpt-oss-120b,117,RTX 4060 Ti 8GB,gpu,8,Q5_K_M,8192,F16,no,89.58,-81.58,0,,
gpt-oss-120b,117,RTX 4060 Ti 8GB,gpu,8,Q6_K,8192,F16,no,102.7,-94.7,0,,
gpt-oss-120b,117,RTX 4060 Ti 8GB,gpu,8,Q8_0,8192,F16,no,132.25,-124.25,0,,
gpt-oss-120b,117,RTX 4060 Ti 8GB,gpu,8,FP16,8192,F16,no,246.66,-238.66,0,,
gpt-oss-120b,117,RTX 3060 8GB,gpu,8,Q4_K_M,8192,F16,no,77.24,-69.24,0,,
gpt-oss-120b,117,RTX 3060 8GB,gpu,8,Q5_K_M,8192,F16,no,89.58,-81.58,0,,
gpt-oss-120b,117,RTX 3060 8GB,gpu,8,Q6_K,8192,F16,no,102.7,-94.7,0,,
gpt-oss-120b,117,RTX 3060 8GB,gpu,8,Q8_0,8192,F16,no,132.25,-124.25,0,,
gpt-oss-120b,117,RTX 3060 8GB,gpu,8,FP16,8192,F16,no,246.66,-238.66,0,,
gpt-oss-120b,117,RTX 2080 Ti,gpu,11,Q4_K_M,8192,F16,no,77.24,-66.24,0,,
gpt-oss-120b,117,RTX 2080 Ti,gpu,11,Q5_K_M,8192,F16,no,89.58,-78.58,0,,
gpt-oss-120b,117,RTX 2080 Ti,gpu,11,Q6_K,8192,F16,no,102.7,-91.7,0,,
gpt-oss-120b,117,RTX 2080 Ti,gpu,11,Q8_0,8192,F16,no,132.25,-121.25,0,,
gpt-oss-120b,117,RTX 2080 Ti,gpu,11,FP16,8192,F16,no,246.66,-235.66,0,,
gpt-oss-120b,117,RTX 6000 Ada,gpu,48,Q4_K_M,8192,F16,no,77.24,-29.24,0,,
gpt-oss-120b,117,RTX 6000 Ada,gpu,48,Q5_K_M,8192,F16,no,89.58,-41.58,0,,
gpt-oss-120b,117,RTX 6000 Ada,gpu,48,Q6_K,8192,F16,no,102.7,-54.7,0,,
gpt-oss-120b,117,RTX 6000 Ada,gpu,48,Q8_0,8192,F16,no,132.25,-84.25,0,,
gpt-oss-120b,117,RTX 6000 Ada,gpu,48,FP16,8192,F16,no,246.66,-198.66,0,,
gpt-oss-120b,117,RTX PRO 6000 Blackwell,gpu,96,Q4_K_M,8192,F16,yes,77.24,18.76,131072,,
gpt-oss-120b,117,RTX PRO 6000 Blackwell,gpu,96,Q5_K_M,8192,F16,yes,89.58,6.42,31463,,
gpt-oss-120b,117,RTX PRO 6000 Blackwell,gpu,96,Q6_K,8192,F16,no,102.7,-6.7,0,,
gpt-oss-120b,117,RTX PRO 6000 Blackwell,gpu,96,Q8_0,8192,F16,no,132.25,-36.25,0,,
gpt-oss-120b,117,RTX PRO 6000 Blackwell,gpu,96,FP16,8192,F16,no,246.66,-150.66,0,,
gpt-oss-120b,117,RX 7900 XTX,gpu,24,Q4_K_M,8192,F16,no,77.24,-53.24,0,,
gpt-oss-120b,117,RX 7900 XTX,gpu,24,Q5_K_M,8192,F16,no,89.58,-65.58,0,,
gpt-oss-120b,117,RX 7900 XTX,gpu,24,Q6_K,8192,F16,no,102.7,-78.7,0,,
gpt-oss-120b,117,RX 7900 XTX,gpu,24,Q8_0,8192,F16,no,132.25,-108.25,0,,
gpt-oss-120b,117,RX 7900 XTX,gpu,24,FP16,8192,F16,no,246.66,-222.66,0,,
gpt-oss-120b,117,RX 7900 XT,gpu,20,Q4_K_M,8192,F16,no,77.24,-57.24,0,,
gpt-oss-120b,117,RX 7900 XT,gpu,20,Q5_K_M,8192,F16,no,89.58,-69.58,0,,
gpt-oss-120b,117,RX 7900 XT,gpu,20,Q6_K,8192,F16,no,102.7,-82.7,0,,
gpt-oss-120b,117,RX 7900 XT,gpu,20,Q8_0,8192,F16,no,132.25,-112.25,0,,
gpt-oss-120b,117,RX 7900 XT,gpu,20,FP16,8192,F16,no,246.66,-226.66,0,,
gpt-oss-120b,117,RX 7800 XT,gpu,16,Q4_K_M,8192,F16,no,77.24,-61.24,0,,
gpt-oss-120b,117,RX 7800 XT,gpu,16,Q5_K_M,8192,F16,no,89.58,-73.58,0,,
gpt-oss-120b,117,RX 7800 XT,gpu,16,Q6_K,8192,F16,no,102.7,-86.7,0,,
gpt-oss-120b,117,RX 7800 XT,gpu,16,Q8_0,8192,F16,no,132.25,-116.25,0,,
gpt-oss-120b,117,RX 7800 XT,gpu,16,FP16,8192,F16,no,246.66,-230.66,0,,
gpt-oss-120b,117,RX 9070 XT,gpu,16,Q4_K_M,8192,F16,no,77.24,-61.24,0,,
gpt-oss-120b,117,RX 9070 XT,gpu,16,Q5_K_M,8192,F16,no,89.58,-73.58,0,,
gpt-oss-120b,117,RX 9070 XT,gpu,16,Q6_K,8192,F16,no,102.7,-86.7,0,,
gpt-oss-120b,117,RX 9070 XT,gpu,16,Q8_0,8192,F16,no,132.25,-116.25,0,,
gpt-oss-120b,117,RX 9070 XT,gpu,16,FP16,8192,F16,no,246.66,-230.66,0,,
gpt-oss-120b,117,RX 9070,gpu,16,Q4_K_M,8192,F16,no,77.24,-61.24,0,,
gpt-oss-120b,117,RX 9070,gpu,16,Q5_K_M,8192,F16,no,89.58,-73.58,0,,
gpt-oss-120b,117,RX 9070,gpu,16,Q6_K,8192,F16,no,102.7,-86.7,0,,
gpt-oss-120b,117,RX 9070,gpu,16,Q8_0,8192,F16,no,132.25,-116.25,0,,
gpt-oss-120b,117,RX 9070,gpu,16,FP16,8192,F16,no,246.66,-230.66,0,,
gpt-oss-120b,117,Radeon PRO W7900,gpu,48,Q4_K_M,8192,F16,no,77.24,-29.24,0,,
gpt-oss-120b,117,Radeon PRO W7900,gpu,48,Q5_K_M,8192,F16,no,89.58,-41.58,0,,
gpt-oss-120b,117,Radeon PRO W7900,gpu,48,Q6_K,8192,F16,no,102.7,-54.7,0,,
gpt-oss-120b,117,Radeon PRO W7900,gpu,48,Q8_0,8192,F16,no,132.25,-84.25,0,,
gpt-oss-120b,117,Radeon PRO W7900,gpu,48,FP16,8192,F16,no,246.66,-198.66,0,,
gpt-oss-120b,117,2× RTX 3090,gpu,48,Q4_K_M,8192,F16,no,79.24,-31.24,0,,
gpt-oss-120b,117,2× RTX 3090,gpu,48,Q5_K_M,8192,F16,no,91.58,-43.58,0,,
gpt-oss-120b,117,2× RTX 3090,gpu,48,Q6_K,8192,F16,no,104.7,-56.7,0,,
gpt-oss-120b,117,2× RTX 3090,gpu,48,Q8_0,8192,F16,no,134.25,-86.25,0,,
gpt-oss-120b,117,2× RTX 3090,gpu,48,FP16,8192,F16,no,248.66,-200.66,0,,
gpt-oss-120b,117,2× RTX 4090,gpu,48,Q4_K_M,8192,F16,no,79.24,-31.24,0,,
gpt-oss-120b,117,2× RTX 4090,gpu,48,Q5_K_M,8192,F16,no,91.58,-43.58,0,,
gpt-oss-120b,117,2× RTX 4090,gpu,48,Q6_K,8192,F16,no,104.7,-56.7,0,,
gpt-oss-120b,117,2× RTX 4090,gpu,48,Q8_0,8192,F16,no,134.25,-86.25,0,,
gpt-oss-120b,117,2× RTX 4090,gpu,48,FP16,8192,F16,no,248.66,-200.66,0,,
gpt-oss-120b,117,4× RTX 3090,gpu,96,Q4_K_M,8192,F16,yes,83.24,12.76,122773,,
gpt-oss-120b,117,4× RTX 3090,gpu,96,Q5_K_M,8192,F16,tight,95.58,0.42,0,,
gpt-oss-120b,117,4× RTX 3090,gpu,96,Q6_K,8192,F16,no,108.7,-12.7,0,,
gpt-oss-120b,117,4× RTX 3090,gpu,96,Q8_0,8192,F16,no,138.25,-42.25,0,,
gpt-oss-120b,117,4× RTX 3090,gpu,96,FP16,8192,F16,no,252.66,-156.66,0,,
gpt-oss-120b,117,A100 40GB,gpu,40,Q4_K_M,8192,F16,no,77.24,-37.24,0,,
gpt-oss-120b,117,A100 40GB,gpu,40,Q5_K_M,8192,F16,no,89.58,-49.58,0,,
gpt-oss-120b,117,A100 40GB,gpu,40,Q6_K,8192,F16,no,102.7,-62.7,0,,
gpt-oss-120b,117,A100 40GB,gpu,40,Q8_0,8192,F16,no,132.25,-92.25,0,,
gpt-oss-120b,117,A100 40GB,gpu,40,FP16,8192,F16,no,246.66,-206.66,0,,
gpt-oss-120b,117,A100 80GB,gpu,80,Q4_K_M,8192,F16,tight,77.24,2.76,0,,
gpt-oss-120b,117,A100 80GB,gpu,80,Q5_K_M,8192,F16,no,89.58,-9.58,0,,
gpt-oss-120b,117,A100 80GB,gpu,80,Q6_K,8192,F16,no,102.7,-22.7,0,,
gpt-oss-120b,117,A100 80GB,gpu,80,Q8_0,8192,F16,no,132.25,-52.25,0,,
gpt-oss-120b,117,A100 80GB,gpu,80,FP16,8192,F16,no,246.66,-166.66,0,,
gpt-oss-120b,117,H100 80GB,gpu,80,Q4_K_M,8192,F16,tight,77.24,2.76,0,,
gpt-oss-120b,117,H100 80GB,gpu,80,Q5_K_M,8192,F16,no,89.58,-9.58,0,,
gpt-oss-120b,117,H100 80GB,gpu,80,Q6_K,8192,F16,no,102.7,-22.7,0,,
gpt-oss-120b,117,H100 80GB,gpu,80,Q8_0,8192,F16,no,132.25,-52.25,0,,
gpt-oss-120b,117,H100 80GB,gpu,80,FP16,8192,F16,no,246.66,-166.66,0,,
gpt-oss-120b,117,H200 141GB,gpu,141,Q4_K_M,8192,F16,yes,77.24,63.76,131072,,
gpt-oss-120b,117,H200 141GB,gpu,141,Q5_K_M,8192,F16,yes,89.58,51.42,131072,,
gpt-oss-120b,117,H200 141GB,gpu,141,Q6_K,8192,F16,yes,102.7,38.3,131072,,
gpt-oss-120b,117,H200 141GB,gpu,141,Q8_0,8192,F16,yes,132.25,8.75,32594,,
gpt-oss-120b,117,H200 141GB,gpu,141,FP16,8192,F16,no,246.66,-105.66,0,,
gpt-oss-120b,117,B200,gpu,192,Q4_K_M,8192,F16,yes,77.24,114.76,131072,,
gpt-oss-120b,117,B200,gpu,192,Q5_K_M,8192,F16,yes,89.58,102.42,131072,,
gpt-oss-120b,117,B200,gpu,192,Q6_K,8192,F16,yes,102.7,89.3,131072,,
gpt-oss-120b,117,B200,gpu,192,Q8_0,8192,F16,yes,132.25,59.75,131072,,
gpt-oss-120b,117,B200,gpu,192,FP16,8192,F16,no,246.66,-54.66,0,,
gpt-oss-120b,117,M5 16GB,mac,16,4bit,8192,F16,no,70.59,-54.59,0,,
gpt-oss-120b,117,M5 16GB,mac,16,8bit,8192,F16,no,131.61,-115.61,0,,
gpt-oss-120b,117,M5 16GB,mac,16,16bit,8192,F16,no,253.66,-237.66,0,,
gpt-oss-120b,117,M5 24GB,mac,24,4bit,8192,F16,no,70.59,-46.59,0,,
gpt-oss-120b,117,M5 24GB,mac,24,8bit,8192,F16,no,131.61,-107.61,0,,
gpt-oss-120b,117,M5 24GB,mac,24,16bit,8192,F16,no,253.66,-229.66,0,,
gpt-oss-120b,117,M5 32GB,mac,32,4bit,8192,F16,no,70.09,-38.09,0,,
gpt-oss-120b,117,M5 32GB,mac,32,8bit,8192,F16,no,131.11,-99.11,0,,
gpt-oss-120b,117,M5 32GB,mac,32,16bit,8192,F16,no,253.16,-221.16,0,,
gpt-oss-120b,117,M5 Pro 24GB,mac,24,4bit,8192,F16,no,70.59,-46.59,0,,
gpt-oss-120b,117,M5 Pro 24GB,mac,24,8bit,8192,F16,no,131.61,-107.61,0,,
gpt-oss-120b,117,M5 Pro 24GB,mac,24,16bit,8192,F16,no,253.66,-229.66,0,,
gpt-oss-120b,117,M5 Pro 48GB,mac,48,4bit,8192,F16,no,69.59,-21.59,0,,
gpt-oss-120b,117,M5 Pro 48GB,mac,48,8bit,8192,F16,no,130.61,-82.61,0,,
gpt-oss-120b,117,M5 Pro 48GB,mac,48,16bit,8192,F16,no,252.66,-204.66,0,,
gpt-oss-120b,117,M5 Pro 64GB,mac,64,4bit,8192,F16,no,69.59,-5.59,0,,
gpt-oss-120b,117,M5 Pro 64GB,mac,64,8bit,8192,F16,no,130.61,-66.61,0,,
gpt-oss-120b,117,M5 Pro 64GB,mac,64,16bit,8192,F16,no,252.66,-188.66,0,,
gpt-oss-120b,117,M5 Max 36GB,mac,36,4bit,8192,F16,no,70.09,-34.09,0,,
gpt-oss-120b,117,M5 Max 36GB,mac,36,8bit,8192,F16,no,131.11,-95.11,0,,
gpt-oss-120b,117,M5 Max 36GB,mac,36,16bit,8192,F16,no,253.16,-217.16,0,,
gpt-oss-120b,117,M5 Max 48GB,mac,48,4bit,8192,F16,no,69.59,-21.59,0,,
gpt-oss-120b,117,M5 Max 48GB,mac,48,8bit,8192,F16,no,130.61,-82.61,0,,
gpt-oss-120b,117,M5 Max 48GB,mac,48,16bit,8192,F16,no,252.66,-204.66,0,,
gpt-oss-120b,117,M5 Max 64GB,mac,64,4bit,8192,F16,no,69.59,-5.59,0,,
gpt-oss-120b,117,M5 Max 64GB,mac,64,8bit,8192,F16,no,130.61,-66.61,0,,
gpt-oss-120b,117,M5 Max 64GB,mac,64,16bit,8192,F16,no,252.66,-188.66,0,,
gpt-oss-120b,117,M5 Max 128GB,mac,128,4bit,8192,F16,yes,69.59,58.41,131072,,
gpt-oss-120b,117,M5 Max 128GB,mac,128,8bit,8192,F16,no,130.61,-2.61,0,,
gpt-oss-120b,117,M5 Max 128GB,mac,128,16bit,8192,F16,no,252.66,-124.66,0,,
gpt-oss-120b,117,M4 16GB,mac,16,4bit,8192,F16,no,70.59,-54.59,0,,
gpt-oss-120b,117,M4 16GB,mac,16,8bit,8192,F16,no,131.61,-115.61,0,,
gpt-oss-120b,117,M4 16GB,mac,16,16bit,8192,F16,no,253.66,-237.66,0,,
gpt-oss-120b,117,M4 24GB,mac,24,4bit,8192,F16,no,70.59,-46.59,0,,
gpt-oss-120b,117,M4 24GB,mac,24,8bit,8192,F16,no,131.61,-107.61,0,,
gpt-oss-120b,117,M4 24GB,mac,24,16bit,8192,F16,no,253.66,-229.66,0,,
gpt-oss-120b,117,M4 32GB,mac,32,4bit,8192,F16,no,70.09,-38.09,0,,
gpt-oss-120b,117,M4 32GB,mac,32,8bit,8192,F16,no,131.11,-99.11,0,,
gpt-oss-120b,117,M4 32GB,mac,32,16bit,8192,F16,no,253.16,-221.16,0,,
gpt-oss-120b,117,M4 Pro 24GB,mac,24,4bit,8192,F16,no,70.59,-46.59,0,,
gpt-oss-120b,117,M4 Pro 24GB,mac,24,8bit,8192,F16,no,131.61,-107.61,0,,
gpt-oss-120b,117,M4 Pro 24GB,mac,24,16bit,8192,F16,no,253.66,-229.66,0,,
gpt-oss-120b,117,M4 Pro 48GB,mac,48,4bit,8192,F16,no,69.59,-21.59,0,,
gpt-oss-120b,117,M4 Pro 48GB,mac,48,8bit,8192,F16,no,130.61,-82.61,0,,
gpt-oss-120b,117,M4 Pro 48GB,mac,48,16bit,8192,F16,no,252.66,-204.66,0,,
gpt-oss-120b,117,M4 Pro 64GB,mac,64,4bit,8192,F16,no,69.59,-5.59,0,,
gpt-oss-120b,117,M4 Pro 64GB,mac,64,8bit,8192,F16,no,130.61,-66.61,0,,
gpt-oss-120b,117,M4 Pro 64GB,mac,64,16bit,8192,F16,no,252.66,-188.66,0,,
gpt-oss-120b,117,M4 Max 36GB,mac,36,4bit,8192,F16,no,70.09,-34.09,0,,
gpt-oss-120b,117,M4 Max 36GB,mac,36,8bit,8192,F16,no,131.11,-95.11,0,,
gpt-oss-120b,117,M4 Max 36GB,mac,36,16bit,8192,F16,no,253.16,-217.16,0,,
gpt-oss-120b,117,M4 Max 48GB,mac,48,4bit,8192,F16,no,69.59,-21.59,0,,
gpt-oss-120b,117,M4 Max 48GB,mac,48,8bit,8192,F16,no,130.61,-82.61,0,,
gpt-oss-120b,117,M4 Max 48GB,mac,48,16bit,8192,F16,no,252.66,-204.66,0,,
gpt-oss-120b,117,M4 Max 64GB,mac,64,4bit,8192,F16,no,69.59,-5.59,0,,
gpt-oss-120b,117,M4 Max 64GB,mac,64,8bit,8192,F16,no,130.61,-66.61,0,,
gpt-oss-120b,117,M4 Max 64GB,mac,64,16bit,8192,F16,no,252.66,-188.66,0,,
gpt-oss-120b,117,M4 Max 128GB,mac,128,4bit,8192,F16,yes,69.59,58.41,131072,,
gpt-oss-120b,117,M4 Max 128GB,mac,128,8bit,8192,F16,no,130.61,-2.61,0,,
gpt-oss-120b,117,M4 Max 128GB,mac,128,16bit,8192,F16,no,252.66,-124.66,0,,
gpt-oss-120b,117,M3 8GB,mac,8,4bit,8192,F16,no,70.59,-62.59,0,,
gpt-oss-120b,117,M3 8GB,mac,8,8bit,8192,F16,no,131.61,-123.61,0,,
gpt-oss-120b,117,M3 8GB,mac,8,16bit,8192,F16,no,253.66,-245.66,0,,
gpt-oss-120b,117,M3 16GB,mac,16,4bit,8192,F16,no,70.59,-54.59,0,,
gpt-oss-120b,117,M3 16GB,mac,16,8bit,8192,F16,no,131.61,-115.61,0,,
gpt-oss-120b,117,M3 16GB,mac,16,16bit,8192,F16,no,253.66,-237.66,0,,
gpt-oss-120b,117,M3 24GB,mac,24,4bit,8192,F16,no,70.59,-46.59,0,,
gpt-oss-120b,117,M3 24GB,mac,24,8bit,8192,F16,no,131.61,-107.61,0,,
gpt-oss-120b,117,M3 24GB,mac,24,16bit,8192,F16,no,253.66,-229.66,0,,
gpt-oss-120b,117,M3 Pro 18GB,mac,18,4bit,8192,F16,no,70.59,-52.59,0,,
gpt-oss-120b,117,M3 Pro 18GB,mac,18,8bit,8192,F16,no,131.61,-113.61,0,,
gpt-oss-120b,117,M3 Pro 18GB,mac,18,16bit,8192,F16,no,253.66,-235.66,0,,
gpt-oss-120b,117,M3 Pro 36GB,mac,36,4bit,8192,F16,no,70.09,-34.09,0,,
gpt-oss-120b,117,M3 Pro 36GB,mac,36,8bit,8192,F16,no,131.11,-95.11,0,,
gpt-oss-120b,117,M3 Pro 36GB,mac,36,16bit,8192,F16,no,253.16,-217.16,0,,
gpt-oss-120b,117,M3 Max 36GB,mac,36,4bit,8192,F16,no,70.09,-34.09,0,,
gpt-oss-120b,117,M3 Max 36GB,mac,36,8bit,8192,F16,no,131.11,-95.11,0,,
gpt-oss-120b,117,M3 Max 36GB,mac,36,16bit,8192,F16,no,253.16,-217.16,0,,
gpt-oss-120b,117,M3 Max 48GB,mac,48,4bit,8192,F16,no,69.59,-21.59,0,,
gpt-oss-120b,117,M3 Max 48GB,mac,48,8bit,8192,F16,no,130.61,-82.61,0,,
gpt-oss-120b,117,M3 Max 48GB,mac,48,16bit,8192,F16,no,252.66,-204.66,0,,
gpt-oss-120b,117,M3 Max 64GB,mac,64,4bit,8192,F16,no,69.59,-5.59,0,,
gpt-oss-120b,117,M3 Max 64GB,mac,64,8bit,8192,F16,no,130.61,-66.61,0,,
gpt-oss-120b,117,M3 Max 64GB,mac,64,16bit,8192,F16,no,252.66,-188.66,0,,
gpt-oss-120b,117,M3 Max 96GB,mac,96,4bit,8192,F16,yes,69.59,26.41,111894,,
gpt-oss-120b,117,M3 Max 96GB,mac,96,8bit,8192,F16,no,130.61,-34.61,0,,
gpt-oss-120b,117,M3 Max 96GB,mac,96,16bit,8192,F16,no,252.66,-156.66,0,,
gpt-oss-120b,117,M3 Max 128GB,mac,128,4bit,8192,F16,yes,69.59,58.41,131072,,
gpt-oss-120b,117,M3 Max 128GB,mac,128,8bit,8192,F16,no,130.61,-2.61,0,,
gpt-oss-120b,117,M3 Max 128GB,mac,128,16bit,8192,F16,no,252.66,-124.66,0,,
gpt-oss-120b,117,M3 Ultra 96GB,mac,96,4bit,8192,F16,yes,69.59,26.41,111894,,
gpt-oss-120b,117,M3 Ultra 96GB,mac,96,8bit,8192,F16,no,130.61,-34.61,0,,
gpt-oss-120b,117,M3 Ultra 96GB,mac,96,16bit,8192,F16,no,252.66,-156.66,0,,
gpt-oss-120b,117,M3 Ultra 256GB,mac,256,4bit,8192,F16,yes,69.59,186.41,131072,,
gpt-oss-120b,117,M3 Ultra 256GB,mac,256,8bit,8192,F16,yes,130.61,125.39,131072,,
gpt-oss-120b,117,M3 Ultra 256GB,mac,256,16bit,8192,F16,tight,252.66,3.34,0,,
gpt-oss-120b,117,M3 Ultra 512GB,mac,512,4bit,8192,F16,yes,69.59,442.41,131072,,
gpt-oss-120b,117,M3 Ultra 512GB,mac,512,8bit,8192,F16,yes,130.61,381.39,131072,,
gpt-oss-120b,117,M3 Ultra 512GB,mac,512,16bit,8192,F16,yes,252.66,259.34,131072,,
gpt-oss-120b,117,M2 8GB,mac,8,4bit,8192,F16,no,70.59,-62.59,0,,
gpt-oss-120b,117,M2 8GB,mac,8,8bit,8192,F16,no,131.61,-123.61,0,,
gpt-oss-120b,117,M2 8GB,mac,8,16bit,8192,F16,no,253.66,-245.66,0,,
gpt-oss-120b,117,M2 16GB,mac,16,4bit,8192,F16,no,70.59,-54.59,0,,
gpt-oss-120b,117,M2 16GB,mac,16,8bit,8192,F16,no,131.61,-115.61,0,,
gpt-oss-120b,117,M2 16GB,mac,16,16bit,8192,F16,no,253.66,-237.66,0,,
gpt-oss-120b,117,M2 24GB,mac,24,4bit,8192,F16,no,70.59,-46.59,0,,
gpt-oss-120b,117,M2 24GB,mac,24,8bit,8192,F16,no,131.61,-107.61,0,,
gpt-oss-120b,117,M2 24GB,mac,24,16bit,8192,F16,no,253.66,-229.66,0,,
gpt-oss-120b,117,M2 Pro 16GB,mac,16,4bit,8192,F16,no,70.59,-54.59,0,,
gpt-oss-120b,117,M2 Pro 16GB,mac,16,8bit,8192,F16,no,131.61,-115.61,0,,
gpt-oss-120b,117,M2 Pro 16GB,mac,16,16bit,8192,F16,no,253.66,-237.66,0,,
gpt-oss-120b,117,M2 Pro 32GB,mac,32,4bit,8192,F16,no,70.09,-38.09,0,,
gpt-oss-120b,117,M2 Pro 32GB,mac,32,8bit,8192,F16,no,131.11,-99.11,0,,
gpt-oss-120b,117,M2 Pro 32GB,mac,32,16bit,8192,F16,no,253.16,-221.16,0,,
gpt-oss-120b,117,M2 Max 32GB,mac,32,4bit,8192,F16,no,70.09,-38.09,0,,
gpt-oss-120b,117,M2 Max 32GB,mac,32,8bit,8192,F16,no,131.11,-99.11,0,,
gpt-oss-120b,117,M2 Max 32GB,mac,32,16bit,8192,F16,no,253.16,-221.16,0,,
gpt-oss-120b,117,M2 Max 64GB,mac,64,4bit,8192,F16,no,69.59,-5.59,0,,
gpt-oss-120b,117,M2 Max 64GB,mac,64,8bit,8192,F16,no,130.61,-66.61,0,,
gpt-oss-120b,117,M2 Max 64GB,mac,64,16bit,8192,F16,no,252.66,-188.66,0,,
gpt-oss-120b,117,M2 Max 96GB,mac,96,4bit,8192,F16,yes,69.59,26.41,111894,,
gpt-oss-120b,117,M2 Max 96GB,mac,96,8bit,8192,F16,no,130.61,-34.61,0,,
gpt-oss-120b,117,M2 Max 96GB,mac,96,16bit,8192,F16,no,252.66,-156.66,0,,
gpt-oss-120b,117,M2 Ultra 64GB,mac,64,4bit,8192,F16,no,69.59,-5.59,0,,
gpt-oss-120b,117,M2 Ultra 64GB,mac,64,8bit,8192,F16,no,130.61,-66.61,0,,
gpt-oss-120b,117,M2 Ultra 64GB,mac,64,16bit,8192,F16,no,252.66,-188.66,0,,
gpt-oss-120b,117,M2 Ultra 128GB,mac,128,4bit,8192,F16,yes,69.59,58.41,131072,,
gpt-oss-120b,117,M2 Ultra 128GB,mac,128,8bit,8192,F16,no,130.61,-2.61,0,,
gpt-oss-120b,117,M2 Ultra 128GB,mac,128,16bit,8192,F16,no,252.66,-124.66,0,,
gpt-oss-120b,117,M2 Ultra 192GB,mac,192,4bit,8192,F16,yes,69.59,122.41,131072,,
gpt-oss-120b,117,M2 Ultra 192GB,mac,192,8bit,8192,F16,yes,130.61,61.39,131072,,
gpt-oss-120b,117,M2 Ultra 192GB,mac,192,16bit,8192,F16,no,252.66,-60.66,0,,
gpt-oss-120b,117,M1 8GB,mac,8,4bit,8192,F16,no,70.59,-62.59,0,,
gpt-oss-120b,117,M1 8GB,mac,8,8bit,8192,F16,no,131.61,-123.61,0,,
gpt-oss-120b,117,M1 8GB,mac,8,16bit,8192,F16,no,253.66,-245.66,0,,
gpt-oss-120b,117,M1 16GB,mac,16,4bit,8192,F16,no,70.59,-54.59,0,,
gpt-oss-120b,117,M1 16GB,mac,16,8bit,8192,F16,no,131.61,-115.61,0,,
gpt-oss-120b,117,M1 16GB,mac,16,16bit,8192,F16,no,253.66,-237.66,0,,
gpt-oss-120b,117,M1 Pro 16GB,mac,16,4bit,8192,F16,no,70.59,-54.59,0,,
gpt-oss-120b,117,M1 Pro 16GB,mac,16,8bit,8192,F16,no,131.61,-115.61,0,,
gpt-oss-120b,117,M1 Pro 16GB,mac,16,16bit,8192,F16,no,253.66,-237.66,0,,
gpt-oss-120b,117,M1 Pro 32GB,mac,32,4bit,8192,F16,no,70.09,-38.09,0,,
gpt-oss-120b,117,M1 Pro 32GB,mac,32,8bit,8192,F16,no,131.11,-99.11,0,,
gpt-oss-120b,117,M1 Pro 32GB,mac,32,16bit,8192,F16,no,253.16,-221.16,0,,
gpt-oss-120b,117,M1 Max 32GB,mac,32,4bit,8192,F16,no,70.09,-38.09,0,,
gpt-oss-120b,117,M1 Max 32GB,mac,32,8bit,8192,F16,no,131.11,-99.11,0,,
gpt-oss-120b,117,M1 Max 32GB,mac,32,16bit,8192,F16,no,253.16,-221.16,0,,
gpt-oss-120b,117,M1 Max 64GB,mac,64,4bit,8192,F16,no,69.59,-5.59,0,,
gpt-oss-120b,117,M1 Max 64GB,mac,64,8bit,8192,F16,no,130.61,-66.61,0,,
gpt-oss-120b,117,M1 Max 64GB,mac,64,16bit,8192,F16,no,252.66,-188.66,0,,
gpt-oss-120b,117,M1 Ultra 64GB,mac,64,4bit,8192,F16,no,69.59,-5.59,0,,
gpt-oss-120b,117,M1 Ultra 64GB,mac,64,8bit,8192,F16,no,130.61,-66.61,0,,
gpt-oss-120b,117,M1 Ultra 64GB,mac,64,16bit,8192,F16,no,252.66,-188.66,0,,
gpt-oss-120b,117,M1 Ultra 128GB,mac,128,4bit,8192,F16,yes,69.59,58.41,131072,,
gpt-oss-120b,117,M1 Ultra 128GB,mac,128,8bit,8192,F16,no,130.61,-2.61,0,,
gpt-oss-120b,117,M1 Ultra 128GB,mac,128,16bit,8192,F16,no,252.66,-124.66,0,,
Qwen 3.6 27B,27.2,RTX 5090,gpu,32,Q4_K_M,8192,F16,yes,20.18,11.82,110211,,
Qwen 3.6 27B,27.2,RTX 5090,gpu,32,Q5_K_M,8192,F16,yes,23.05,8.95,81567,,
Qwen 3.6 27B,27.2,RTX 5090,gpu,32,Q6_K,8192,F16,yes,26.1,5.9,51136,,
Qwen 3.6 27B,27.2,RTX 5090,gpu,32,Q8_0,8192,F16,no,32.97,-0.97,0,,
Qwen 3.6 27B,27.2,RTX 5090,gpu,32,FP16,8192,F16,no,59.57,-27.57,0,,
Qwen 3.6 27B,27.2,RTX 5080,gpu,16,Q4_K_M,8192,F16,no,20.18,-4.18,0,,
Qwen 3.6 27B,27.2,RTX 5080,gpu,16,Q5_K_M,8192,F16,no,23.05,-7.05,0,,
Qwen 3.6 27B,27.2,RTX 5080,gpu,16,Q6_K,8192,F16,no,26.1,-10.1,0,,
Qwen 3.6 27B,27.2,RTX 5080,gpu,16,Q8_0,8192,F16,no,32.97,-16.97,0,,
Qwen 3.6 27B,27.2,RTX 5080,gpu,16,FP16,8192,F16,no,59.57,-43.57,0,,
Qwen 3.6 27B,27.2,RTX 5070 Ti,gpu,16,Q4_K_M,8192,F16,no,20.18,-4.18,0,,
Qwen 3.6 27B,27.2,RTX 5070 Ti,gpu,16,Q5_K_M,8192,F16,no,23.05,-7.05,0,,
Qwen 3.6 27B,27.2,RTX 5070 Ti,gpu,16,Q6_K,8192,F16,no,26.1,-10.1,0,,
Qwen 3.6 27B,27.2,RTX 5070 Ti,gpu,16,Q8_0,8192,F16,no,32.97,-16.97,0,,
Qwen 3.6 27B,27.2,RTX 5070 Ti,gpu,16,FP16,8192,F16,no,59.57,-43.57,0,,
Qwen 3.6 27B,27.2,RTX 5070,gpu,12,Q4_K_M,8192,F16,no,20.18,-8.18,0,,
Qwen 3.6 27B,27.2,RTX 5070,gpu,12,Q5_K_M,8192,F16,no,23.05,-11.05,0,,
Qwen 3.6 27B,27.2,RTX 5070,gpu,12,Q6_K,8192,F16,no,26.1,-14.1,0,,
Qwen 3.6 27B,27.2,RTX 5070,gpu,12,Q8_0,8192,F16,no,32.97,-20.97,0,,
Qwen 3.6 27B,27.2,RTX 5070,gpu,12,FP16,8192,F16,no,59.57,-47.57,0,,
Qwen 3.6 27B,27.2,RTX 4090,gpu,24,Q4_K_M,8192,F16,yes,20.18,3.82,34355,,
Qwen 3.6 27B,27.2,RTX 4090,gpu,24,Q5_K_M,8192,F16,tight,23.05,0.95,5712,,
Qwen 3.6 27B,27.2,RTX 4090,gpu,24,Q6_K,8192,F16,no,26.1,-2.1,0,,
Qwen 3.6 27B,27.2,RTX 4090,gpu,24,Q8_0,8192,F16,no,32.97,-8.97,0,,
Qwen 3.6 27B,27.2,RTX 4090,gpu,24,FP16,8192,F16,no,59.57,-35.57,0,,
Qwen 3.6 27B,27.2,RTX 4080 SUPER,gpu,16,Q4_K_M,8192,F16,no,20.18,-4.18,0,,
Qwen 3.6 27B,27.2,RTX 4080 SUPER,gpu,16,Q5_K_M,8192,F16,no,23.05,-7.05,0,,
Qwen 3.6 27B,27.2,RTX 4080 SUPER,gpu,16,Q6_K,8192,F16,no,26.1,-10.1,0,,
Qwen 3.6 27B,27.2,RTX 4080 SUPER,gpu,16,Q8_0,8192,F16,no,32.97,-16.97,0,,
Qwen 3.6 27B,27.2,RTX 4080 SUPER,gpu,16,FP16,8192,F16,no,59.57,-43.57,0,,
Qwen 3.6 27B,27.2,RTX 4070 Ti SUPER,gpu,16,Q4_K_M,8192,F16,no,20.18,-4.18,0,,
Qwen 3.6 27B,27.2,RTX 4070 Ti SUPER,gpu,16,Q5_K_M,8192,F16,no,23.05,-7.05,0,,
Qwen 3.6 27B,27.2,RTX 4070 Ti SUPER,gpu,16,Q6_K,8192,F16,no,26.1,-10.1,0,,
Qwen 3.6 27B,27.2,RTX 4070 Ti SUPER,gpu,16,Q8_0,8192,F16,no,32.97,-16.97,0,,
Qwen 3.6 27B,27.2,RTX 4070 Ti SUPER,gpu,16,FP16,8192,F16,no,59.57,-43.57,0,,
Qwen 3.6 27B,27.2,RTX 4070,gpu,12,Q4_K_M,8192,F16,no,20.18,-8.18,0,,
Qwen 3.6 27B,27.2,RTX 4070,gpu,12,Q5_K_M,8192,F16,no,23.05,-11.05,0,,
Qwen 3.6 27B,27.2,RTX 4070,gpu,12,Q6_K,8192,F16,no,26.1,-14.1,0,,
Qwen 3.6 27B,27.2,RTX 4070,gpu,12,Q8_0,8192,F16,no,32.97,-20.97,0,,
Qwen 3.6 27B,27.2,RTX 4070,gpu,12,FP16,8192,F16,no,59.57,-47.57,0,,
Qwen 3.6 27B,27.2,RTX 4060 Ti 16GB,gpu,16,Q4_K_M,8192,F16,no,20.18,-4.18,0,,
Qwen 3.6 27B,27.2,RTX 4060 Ti 16GB,gpu,16,Q5_K_M,8192,F16,no,23.05,-7.05,0,,
Qwen 3.6 27B,27.2,RTX 4060 Ti 16GB,gpu,16,Q6_K,8192,F16,no,26.1,-10.1,0,,
Qwen 3.6 27B,27.2,RTX 4060 Ti 16GB,gpu,16,Q8_0,8192,F16,no,32.97,-16.97,0,,
Qwen 3.6 27B,27.2,RTX 4060 Ti 16GB,gpu,16,FP16,8192,F16,no,59.57,-43.57,0,,
Qwen 3.6 27B,27.2,RTX 3090,gpu,24,Q4_K_M,8192,F16,yes,20.18,3.82,34355,,
Qwen 3.6 27B,27.2,RTX 3090,gpu,24,Q5_K_M,8192,F16,tight,23.05,0.95,5712,,
Qwen 3.6 27B,27.2,RTX 3090,gpu,24,Q6_K,8192,F16,no,26.1,-2.1,0,,
Qwen 3.6 27B,27.2,RTX 3090,gpu,24,Q8_0,8192,F16,no,32.97,-8.97,0,,
Qwen 3.6 27B,27.2,RTX 3090,gpu,24,FP16,8192,F16,no,59.57,-35.57,0,,
Qwen 3.6 27B,27.2,RTX 3090 Ti,gpu,24,Q4_K_M,8192,F16,yes,20.18,3.82,34355,,
Qwen 3.6 27B,27.2,RTX 3090 Ti,gpu,24,Q5_K_M,8192,F16,tight,23.05,0.95,5712,,
Qwen 3.6 27B,27.2,RTX 3090 Ti,gpu,24,Q6_K,8192,F16,no,26.1,-2.1,0,,
Qwen 3.6 27B,27.2,RTX 3090 Ti,gpu,24,Q8_0,8192,F16,no,32.97,-8.97,0,,
Qwen 3.6 27B,27.2,RTX 3090 Ti,gpu,24,FP16,8192,F16,no,59.57,-35.57,0,,
Qwen 3.6 27B,27.2,RTX 3080 10GB,gpu,10,Q4_K_M,8192,F16,no,20.18,-10.18,0,,
Qwen 3.6 27B,27.2,RTX 3080 10GB,gpu,10,Q5_K_M,8192,F16,no,23.05,-13.05,0,,
Qwen 3.6 27B,27.2,RTX 3080 10GB,gpu,10,Q6_K,8192,F16,no,26.1,-16.1,0,,
Qwen 3.6 27B,27.2,RTX 3080 10GB,gpu,10,Q8_0,8192,F16,no,32.97,-22.97,0,,
Qwen 3.6 27B,27.2,RTX 3080 10GB,gpu,10,FP16,8192,F16,no,59.57,-49.57,0,,
Qwen 3.6 27B,27.2,RTX 3080 12GB,gpu,12,Q4_K_M,8192,F16,no,20.18,-8.18,0,,
Qwen 3.6 27B,27.2,RTX 3080 12GB,gpu,12,Q5_K_M,8192,F16,no,23.05,-11.05,0,,
Qwen 3.6 27B,27.2,RTX 3080 12GB,gpu,12,Q6_K,8192,F16,no,26.1,-14.1,0,,
Qwen 3.6 27B,27.2,RTX 3080 12GB,gpu,12,Q8_0,8192,F16,no,32.97,-20.97,0,,
Qwen 3.6 27B,27.2,RTX 3080 12GB,gpu,12,FP16,8192,F16,no,59.57,-47.57,0,,
Qwen 3.6 27B,27.2,RTX 3060 12GB,gpu,12,Q4_K_M,8192,F16,no,20.18,-8.18,0,,
Qwen 3.6 27B,27.2,RTX 3060 12GB,gpu,12,Q5_K_M,8192,F16,no,23.05,-11.05,0,,
Qwen 3.6 27B,27.2,RTX 3060 12GB,gpu,12,Q6_K,8192,F16,no,26.1,-14.1,0,,
Qwen 3.6 27B,27.2,RTX 3060 12GB,gpu,12,Q8_0,8192,F16,no,32.97,-20.97,0,,
Qwen 3.6 27B,27.2,RTX 3060 12GB,gpu,12,FP16,8192,F16,no,59.57,-47.57,0,,
Qwen 3.6 27B,27.2,RTX 5060 Ti 16GB,gpu,16,Q4_K_M,8192,F16,no,20.18,-4.18,0,,
Qwen 3.6 27B,27.2,RTX 5060 Ti 16GB,gpu,16,Q5_K_M,8192,F16,no,23.05,-7.05,0,,
Qwen 3.6 27B,27.2,RTX 5060 Ti 16GB,gpu,16,Q6_K,8192,F16,no,26.1,-10.1,0,,
Qwen 3.6 27B,27.2,RTX 5060 Ti 16GB,gpu,16,Q8_0,8192,F16,no,32.97,-16.97,0,,
Qwen 3.6 27B,27.2,RTX 5060 Ti 16GB,gpu,16,FP16,8192,F16,no,59.57,-43.57,0,,
Qwen 3.6 27B,27.2,RTX 4070 Ti,gpu,12,Q4_K_M,8192,F16,no,20.18,-8.18,0,,
Qwen 3.6 27B,27.2,RTX 4070 Ti,gpu,12,Q5_K_M,8192,F16,no,23.05,-11.05,0,,
Qwen 3.6 27B,27.2,RTX 4070 Ti,gpu,12,Q6_K,8192,F16,no,26.1,-14.1,0,,
Qwen 3.6 27B,27.2,RTX 4070 Ti,gpu,12,Q8_0,8192,F16,no,32.97,-20.97,0,,
Qwen 3.6 27B,27.2,RTX 4070 Ti,gpu,12,FP16,8192,F16,no,59.57,-47.57,0,,
Qwen 3.6 27B,27.2,RTX 4080,gpu,16,Q4_K_M,8192,F16,no,20.18,-4.18,0,,
Qwen 3.6 27B,27.2,RTX 4080,gpu,16,Q5_K_M,8192,F16,no,23.05,-7.05,0,,
Qwen 3.6 27B,27.2,RTX 4080,gpu,16,Q6_K,8192,F16,no,26.1,-10.1,0,,
Qwen 3.6 27B,27.2,RTX 4080,gpu,16,Q8_0,8192,F16,no,32.97,-16.97,0,,
Qwen 3.6 27B,27.2,RTX 4080,gpu,16,FP16,8192,F16,no,59.57,-43.57,0,,
Qwen 3.6 27B,27.2,RTX 4060 Ti 8GB,gpu,8,Q4_K_M,8192,F16,no,20.18,-12.18,0,,
Qwen 3.6 27B,27.2,RTX 4060 Ti 8GB,gpu,8,Q5_K_M,8192,F16,no,23.05,-15.05,0,,
Qwen 3.6 27B,27.2,RTX 4060 Ti 8GB,gpu,8,Q6_K,8192,F16,no,26.1,-18.1,0,,
Qwen 3.6 27B,27.2,RTX 4060 Ti 8GB,gpu,8,Q8_0,8192,F16,no,32.97,-24.97,0,,
Qwen 3.6 27B,27.2,RTX 4060 Ti 8GB,gpu,8,FP16,8192,F16,no,59.57,-51.57,0,,
Qwen 3.6 27B,27.2,RTX 3060 8GB,gpu,8,Q4_K_M,8192,F16,no,20.18,-12.18,0,,
Qwen 3.6 27B,27.2,RTX 3060 8GB,gpu,8,Q5_K_M,8192,F16,no,23.05,-15.05,0,,
Qwen 3.6 27B,27.2,RTX 3060 8GB,gpu,8,Q6_K,8192,F16,no,26.1,-18.1,0,,
Qwen 3.6 27B,27.2,RTX 3060 8GB,gpu,8,Q8_0,8192,F16,no,32.97,-24.97,0,,
Qwen 3.6 27B,27.2,RTX 3060 8GB,gpu,8,FP16,8192,F16,no,59.57,-51.57,0,,
Qwen 3.6 27B,27.2,RTX 2080 Ti,gpu,11,Q4_K_M,8192,F16,no,20.18,-9.18,0,,
Qwen 3.6 27B,27.2,RTX 2080 Ti,gpu,11,Q5_K_M,8192,F16,no,23.05,-12.05,0,,
Qwen 3.6 27B,27.2,RTX 2080 Ti,gpu,11,Q6_K,8192,F16,no,26.1,-15.1,0,,
Qwen 3.6 27B,27.2,RTX 2080 Ti,gpu,11,Q8_0,8192,F16,no,32.97,-21.97,0,,
Qwen 3.6 27B,27.2,RTX 2080 Ti,gpu,11,FP16,8192,F16,no,59.57,-48.57,0,,
Qwen 3.6 27B,27.2,RTX 6000 Ada,gpu,48,Q4_K_M,8192,F16,yes,20.18,27.82,261922,,
Qwen 3.6 27B,27.2,RTX 6000 Ada,gpu,48,Q5_K_M,8192,F16,yes,23.05,24.95,233278,,
Qwen 3.6 27B,27.2,RTX 6000 Ada,gpu,48,Q6_K,8192,F16,yes,26.1,21.9,202847,,
Qwen 3.6 27B,27.2,RTX 6000 Ada,gpu,48,Q8_0,8192,F16,yes,32.97,15.03,134265,,
Qwen 3.6 27B,27.2,RTX 6000 Ada,gpu,48,FP16,8192,F16,no,59.57,-11.57,0,,
Qwen 3.6 27B,27.2,RTX PRO 6000 Blackwell,gpu,96,Q4_K_M,8192,F16,yes,20.18,75.82,262144,,
Qwen 3.6 27B,27.2,RTX PRO 6000 Blackwell,gpu,96,Q5_K_M,8192,F16,yes,23.05,72.95,262144,,
Qwen 3.6 27B,27.2,RTX PRO 6000 Blackwell,gpu,96,Q6_K,8192,F16,yes,26.1,69.9,262144,,
Qwen 3.6 27B,27.2,RTX PRO 6000 Blackwell,gpu,96,Q8_0,8192,F16,yes,32.97,63.03,262144,,
Qwen 3.6 27B,27.2,RTX PRO 6000 Blackwell,gpu,96,FP16,8192,F16,yes,59.57,36.43,262144,,
Qwen 3.6 27B,27.2,RX 7900 XTX,gpu,24,Q4_K_M,8192,F16,yes,20.18,3.82,34355,,
Qwen 3.6 27B,27.2,RX 7900 XTX,gpu,24,Q5_K_M,8192,F16,tight,23.05,0.95,5712,,
Qwen 3.6 27B,27.2,RX 7900 XTX,gpu,24,Q6_K,8192,F16,no,26.1,-2.1,0,,
Qwen 3.6 27B,27.2,RX 7900 XTX,gpu,24,Q8_0,8192,F16,no,32.97,-8.97,0,,
Qwen 3.6 27B,27.2,RX 7900 XTX,gpu,24,FP16,8192,F16,no,59.57,-35.57,0,,
Qwen 3.6 27B,27.2,RX 7900 XT,gpu,20,Q4_K_M,8192,F16,no,20.18,-0.18,0,,
Qwen 3.6 27B,27.2,RX 7900 XT,gpu,20,Q5_K_M,8192,F16,no,23.05,-3.05,0,,
Qwen 3.6 27B,27.2,RX 7900 XT,gpu,20,Q6_K,8192,F16,no,26.1,-6.1,0,,
Qwen 3.6 27B,27.2,RX 7900 XT,gpu,20,Q8_0,8192,F16,no,32.97,-12.97,0,,
Qwen 3.6 27B,27.2,RX 7900 XT,gpu,20,FP16,8192,F16,no,59.57,-39.57,0,,
Qwen 3.6 27B,27.2,RX 7800 XT,gpu,16,Q4_K_M,8192,F16,no,20.18,-4.18,0,,
Qwen 3.6 27B,27.2,RX 7800 XT,gpu,16,Q5_K_M,8192,F16,no,23.05,-7.05,0,,
Qwen 3.6 27B,27.2,RX 7800 XT,gpu,16,Q6_K,8192,F16,no,26.1,-10.1,0,,
Qwen 3.6 27B,27.2,RX 7800 XT,gpu,16,Q8_0,8192,F16,no,32.97,-16.97,0,,
Qwen 3.6 27B,27.2,RX 7800 XT,gpu,16,FP16,8192,F16,no,59.57,-43.57,0,,
Qwen 3.6 27B,27.2,RX 9070 XT,gpu,16,Q4_K_M,8192,F16,no,20.18,-4.18,0,,
Qwen 3.6 27B,27.2,RX 9070 XT,gpu,16,Q5_K_M,8192,F16,no,23.05,-7.05,0,,
Qwen 3.6 27B,27.2,RX 9070 XT,gpu,16,Q6_K,8192,F16,no,26.1,-10.1,0,,
Qwen 3.6 27B,27.2,RX 9070 XT,gpu,16,Q8_0,8192,F16,no,32.97,-16.97,0,,
Qwen 3.6 27B,27.2,RX 9070 XT,gpu,16,FP16,8192,F16,no,59.57,-43.57,0,,
Qwen 3.6 27B,27.2,RX 9070,gpu,16,Q4_K_M,8192,F16,no,20.18,-4.18,0,,
Qwen 3.6 27B,27.2,RX 9070,gpu,16,Q5_K_M,8192,F16,no,23.05,-7.05,0,,
Qwen 3.6 27B,27.2,RX 9070,gpu,16,Q6_K,8192,F16,no,26.1,-10.1,0,,
Qwen 3.6 27B,27.2,RX 9070,gpu,16,Q8_0,8192,F16,no,32.97,-16.97,0,,
Qwen 3.6 27B,27.2,RX 9070,gpu,16,FP16,8192,F16,no,59.57,-43.57,0,,
Qwen 3.6 27B,27.2,Radeon PRO W7900,gpu,48,Q4_K_M,8192,F16,yes,20.18,27.82,261922,,
Qwen 3.6 27B,27.2,Radeon PRO W7900,gpu,48,Q5_K_M,8192,F16,yes,23.05,24.95,233278,,
Qwen 3.6 27B,27.2,Radeon PRO W7900,gpu,48,Q6_K,8192,F16,yes,26.1,21.9,202847,,
Qwen 3.6 27B,27.2,Radeon PRO W7900,gpu,48,Q8_0,8192,F16,yes,32.97,15.03,134265,,
Qwen 3.6 27B,27.2,Radeon PRO W7900,gpu,48,FP16,8192,F16,no,59.57,-11.57,0,,
Qwen 3.6 27B,27.2,2× RTX 3090,gpu,48,Q4_K_M,8192,F16,yes,22.18,25.82,241960,,
Qwen 3.6 27B,27.2,2× RTX 3090,gpu,48,Q5_K_M,8192,F16,yes,25.05,22.95,213316,,
Qwen 3.6 27B,27.2,2× RTX 3090,gpu,48,Q6_K,8192,F16,yes,28.1,19.9,182885,,
Qwen 3.6 27B,27.2,2× RTX 3090,gpu,48,Q8_0,8192,F16,yes,34.97,13.03,114303,,
Qwen 3.6 27B,27.2,2× RTX 3090,gpu,48,FP16,8192,F16,no,61.57,-13.57,0,,
Qwen 3.6 27B,27.2,2× RTX 4090,gpu,48,Q4_K_M,8192,F16,yes,22.18,25.82,241960,,
Qwen 3.6 27B,27.2,2× RTX 4090,gpu,48,Q5_K_M,8192,F16,yes,25.05,22.95,213316,,
Qwen 3.6 27B,27.2,2× RTX 4090,gpu,48,Q6_K,8192,F16,yes,28.1,19.9,182885,,
Qwen 3.6 27B,27.2,2× RTX 4090,gpu,48,Q8_0,8192,F16,yes,34.97,13.03,114303,,
Qwen 3.6 27B,27.2,2× RTX 4090,gpu,48,FP16,8192,F16,no,61.57,-13.57,0,,
Qwen 3.6 27B,27.2,4× RTX 3090,gpu,96,Q4_K_M,8192,F16,yes,26.18,69.82,262144,,
Qwen 3.6 27B,27.2,4× RTX 3090,gpu,96,Q5_K_M,8192,F16,yes,29.05,66.95,262144,,
Qwen 3.6 27B,27.2,4× RTX 3090,gpu,96,Q6_K,8192,F16,yes,32.1,63.9,262144,,
Qwen 3.6 27B,27.2,4× RTX 3090,gpu,96,Q8_0,8192,F16,yes,38.97,57.03,262144,,
Qwen 3.6 27B,27.2,4× RTX 3090,gpu,96,FP16,8192,F16,yes,65.57,30.43,262144,,
Qwen 3.6 27B,27.2,A100 40GB,gpu,40,Q4_K_M,8192,F16,yes,20.18,19.82,186066,,
Qwen 3.6 27B,27.2,A100 40GB,gpu,40,Q5_K_M,8192,F16,yes,23.05,16.95,157423,,
Qwen 3.6 27B,27.2,A100 40GB,gpu,40,Q6_K,8192,F16,yes,26.1,13.9,126992,,
Qwen 3.6 27B,27.2,A100 40GB,gpu,40,Q8_0,8192,F16,yes,32.97,7.03,58409,,
Qwen 3.6 27B,27.2,A100 40GB,gpu,40,FP16,8192,F16,no,59.57,-19.57,0,,
Qwen 3.6 27B,27.2,A100 80GB,gpu,80,Q4_K_M,8192,F16,yes,20.18,59.82,262144,,
Qwen 3.6 27B,27.2,A100 80GB,gpu,80,Q5_K_M,8192,F16,yes,23.05,56.95,262144,,
Qwen 3.6 27B,27.2,A100 80GB,gpu,80,Q6_K,8192,F16,yes,26.1,53.9,262144,,
Qwen 3.6 27B,27.2,A100 80GB,gpu,80,Q8_0,8192,F16,yes,32.97,47.03,262144,,
Qwen 3.6 27B,27.2,A100 80GB,gpu,80,FP16,8192,F16,yes,59.57,20.43,172218,,
Qwen 3.6 27B,27.2,H100 80GB,gpu,80,Q4_K_M,8192,F16,yes,20.18,59.82,262144,,
Qwen 3.6 27B,27.2,H100 80GB,gpu,80,Q5_K_M,8192,F16,yes,23.05,56.95,262144,,
Qwen 3.6 27B,27.2,H100 80GB,gpu,80,Q6_K,8192,F16,yes,26.1,53.9,262144,,
Qwen 3.6 27B,27.2,H100 80GB,gpu,80,Q8_0,8192,F16,yes,32.97,47.03,262144,,
Qwen 3.6 27B,27.2,H100 80GB,gpu,80,FP16,8192,F16,yes,59.57,20.43,172218,,
Qwen 3.6 27B,27.2,H200 141GB,gpu,141,Q4_K_M,8192,F16,yes,20.18,120.82,262144,,
Qwen 3.6 27B,27.2,H200 141GB,gpu,141,Q5_K_M,8192,F16,yes,23.05,117.95,262144,,
Qwen 3.6 27B,27.2,H200 141GB,gpu,141,Q6_K,8192,F16,yes,26.1,114.9,262144,,
Qwen 3.6 27B,27.2,H200 141GB,gpu,141,Q8_0,8192,F16,yes,32.97,108.03,262144,,
Qwen 3.6 27B,27.2,H200 141GB,gpu,141,FP16,8192,F16,yes,59.57,81.43,262144,,
Qwen 3.6 27B,27.2,B200,gpu,192,Q4_K_M,8192,F16,yes,20.18,171.82,262144,,
Qwen 3.6 27B,27.2,B200,gpu,192,Q5_K_M,8192,F16,yes,23.05,168.95,262144,,
Qwen 3.6 27B,27.2,B200,gpu,192,Q6_K,8192,F16,yes,26.1,165.9,262144,,
Qwen 3.6 27B,27.2,B200,gpu,192,Q8_0,8192,F16,yes,32.97,159.03,262144,,
Qwen 3.6 27B,27.2,B200,gpu,192,FP16,8192,F16,yes,59.57,132.43,262144,,
Qwen 3.6 27B,27.2,M5 16GB,mac,16,4bit,8192,F16,no,24.01,-8.01,0,,
Qwen 3.6 27B,27.2,M5 16GB,mac,16,8bit,8192,F16,no,38.19,-22.19,0,,
Qwen 3.6 27B,27.2,M5 16GB,mac,16,16bit,8192,F16,no,66.56,-50.56,0,,
Qwen 3.6 27B,27.2,M5 24GB,mac,24,4bit,8192,F16,no,24.01,-0.01,0,,
Qwen 3.6 27B,27.2,M5 24GB,mac,24,8bit,8192,F16,no,38.19,-14.19,0,,
Qwen 3.6 27B,27.2,M5 24GB,mac,24,16bit,8192,F16,no,66.56,-42.56,0,,
Qwen 3.6 27B,27.2,M5 32GB,mac,32,4bit,8192,F16,yes,23.51,8.49,29085,,
Qwen 3.6 27B,27.2,M5 32GB,mac,32,8bit,8192,F16,no,37.69,-5.69,0,,
Qwen 3.6 27B,27.2,M5 32GB,mac,32,16bit,8192,F16,no,66.06,-34.06,0,,
Qwen 3.6 27B,27.2,M5 Pro 24GB,mac,24,4bit,8192,F16,no,24.01,-0.01,0,,
Qwen 3.6 27B,27.2,M5 Pro 24GB,mac,24,8bit,8192,F16,no,38.19,-14.19,0,,
Qwen 3.6 27B,27.2,M5 Pro 24GB,mac,24,16bit,8192,F16,no,66.56,-42.56,0,,
Qwen 3.6 27B,27.2,M5 Pro 48GB,mac,48,4bit,8192,F16,yes,23.01,24.99,161832,,
Qwen 3.6 27B,27.2,M5 Pro 48GB,mac,48,8bit,8192,F16,yes,37.19,10.81,20243,,
Qwen 3.6 27B,27.2,M5 Pro 48GB,mac,48,16bit,8192,F16,no,65.56,-17.56,0,,
Qwen 3.6 27B,27.2,M5 Pro 64GB,mac,64,4bit,8192,F16,yes,23.01,40.99,262144,,
Qwen 3.6 27B,27.2,M5 Pro 64GB,mac,64,8bit,8192,F16,yes,37.19,26.81,148000,,
Qwen 3.6 27B,27.2,M5 Pro 64GB,mac,64,16bit,8192,F16,no,65.56,-1.56,0,,
Qwen 3.6 27B,27.2,M5 Max 36GB,mac,36,4bit,8192,F16,yes,23.51,12.49,61024,,
Qwen 3.6 27B,27.2,M5 Max 36GB,mac,36,8bit,8192,F16,no,37.69,-1.69,0,,
Qwen 3.6 27B,27.2,M5 Max 36GB,mac,36,16bit,8192,F16,no,66.06,-30.06,0,,
Qwen 3.6 27B,27.2,M5 Max 48GB,mac,48,4bit,8192,F16,yes,23.01,24.99,161832,,
Qwen 3.6 27B,27.2,M5 Max 48GB,mac,48,8bit,8192,F16,yes,37.19,10.81,20243,,
Qwen 3.6 27B,27.2,M5 Max 48GB,mac,48,16bit,8192,F16,no,65.56,-17.56,0,,
Qwen 3.6 27B,27.2,M5 Max 64GB,mac,64,4bit,8192,F16,yes,23.01,40.99,262144,,
Qwen 3.6 27B,27.2,M5 Max 64GB,mac,64,8bit,8192,F16,yes,37.19,26.81,148000,,
Qwen 3.6 27B,27.2,M5 Max 64GB,mac,64,16bit,8192,F16,no,65.56,-1.56,0,,
Qwen 3.6 27B,27.2,M5 Max 128GB,mac,128,4bit,8192,F16,yes,23.01,104.99,262144,,
Qwen 3.6 27B,27.2,M5 Max 128GB,mac,128,8bit,8192,F16,yes,37.19,90.81,262144,,
Qwen 3.6 27B,27.2,M5 Max 128GB,mac,128,16bit,8192,F16,yes,65.56,62.44,262144,,
Qwen 3.6 27B,27.2,M4 16GB,mac,16,4bit,8192,F16,no,24.01,-8.01,0,,
Qwen 3.6 27B,27.2,M4 16GB,mac,16,8bit,8192,F16,no,38.19,-22.19,0,,
Qwen 3.6 27B,27.2,M4 16GB,mac,16,16bit,8192,F16,no,66.56,-50.56,0,,
Qwen 3.6 27B,27.2,M4 24GB,mac,24,4bit,8192,F16,no,24.01,-0.01,0,,
Qwen 3.6 27B,27.2,M4 24GB,mac,24,8bit,8192,F16,no,38.19,-14.19,0,,
Qwen 3.6 27B,27.2,M4 24GB,mac,24,16bit,8192,F16,no,66.56,-42.56,0,,
Qwen 3.6 27B,27.2,M4 32GB,mac,32,4bit,8192,F16,yes,23.51,8.49,29085,,
Qwen 3.6 27B,27.2,M4 32GB,mac,32,8bit,8192,F16,no,37.69,-5.69,0,,
Qwen 3.6 27B,27.2,M4 32GB,mac,32,16bit,8192,F16,no,66.06,-34.06,0,,
Qwen 3.6 27B,27.2,M4 Pro 24GB,mac,24,4bit,8192,F16,no,24.01,-0.01,0,,
Qwen 3.6 27B,27.2,M4 Pro 24GB,mac,24,8bit,8192,F16,no,38.19,-14.19,0,,
Qwen 3.6 27B,27.2,M4 Pro 24GB,mac,24,16bit,8192,F16,no,66.56,-42.56,0,,
Qwen 3.6 27B,27.2,M4 Pro 48GB,mac,48,4bit,8192,F16,yes,23.01,24.99,161832,,
Qwen 3.6 27B,27.2,M4 Pro 48GB,mac,48,8bit,8192,F16,yes,37.19,10.81,20243,,
Qwen 3.6 27B,27.2,M4 Pro 48GB,mac,48,16bit,8192,F16,no,65.56,-17.56,0,,
Qwen 3.6 27B,27.2,M4 Pro 64GB,mac,64,4bit,8192,F16,yes,23.01,40.99,262144,,
Qwen 3.6 27B,27.2,M4 Pro 64GB,mac,64,8bit,8192,F16,yes,37.19,26.81,148000,,
Qwen 3.6 27B,27.2,M4 Pro 64GB,mac,64,16bit,8192,F16,no,65.56,-1.56,0,,
Qwen 3.6 27B,27.2,M4 Max 36GB,mac,36,4bit,8192,F16,yes,23.51,12.49,61024,,
Qwen 3.6 27B,27.2,M4 Max 36GB,mac,36,8bit,8192,F16,no,37.69,-1.69,0,,
Qwen 3.6 27B,27.2,M4 Max 36GB,mac,36,16bit,8192,F16,no,66.06,-30.06,0,,
Qwen 3.6 27B,27.2,M4 Max 48GB,mac,48,4bit,8192,F16,yes,23.01,24.99,161832,,
Qwen 3.6 27B,27.2,M4 Max 48GB,mac,48,8bit,8192,F16,yes,37.19,10.81,20243,,
Qwen 3.6 27B,27.2,M4 Max 48GB,mac,48,16bit,8192,F16,no,65.56,-17.56,0,,
Qwen 3.6 27B,27.2,M4 Max 64GB,mac,64,4bit,8192,F16,yes,23.01,40.99,262144,,
Qwen 3.6 27B,27.2,M4 Max 64GB,mac,64,8bit,8192,F16,yes,37.19,26.81,148000,,
Qwen 3.6 27B,27.2,M4 Max 64GB,mac,64,16bit,8192,F16,no,65.56,-1.56,0,,
Qwen 3.6 27B,27.2,M4 Max 128GB,mac,128,4bit,8192,F16,yes,23.01,104.99,262144,,
Qwen 3.6 27B,27.2,M4 Max 128GB,mac,128,8bit,8192,F16,yes,37.19,90.81,262144,,
Qwen 3.6 27B,27.2,M4 Max 128GB,mac,128,16bit,8192,F16,yes,65.56,62.44,262144,,
Qwen 3.6 27B,27.2,M3 8GB,mac,8,4bit,8192,F16,no,24.01,-16.01,0,,
Qwen 3.6 27B,27.2,M3 8GB,mac,8,8bit,8192,F16,no,38.19,-30.19,0,,
Qwen 3.6 27B,27.2,M3 8GB,mac,8,16bit,8192,F16,no,66.56,-58.56,0,,
Qwen 3.6 27B,27.2,M3 16GB,mac,16,4bit,8192,F16,no,24.01,-8.01,0,,
Qwen 3.6 27B,27.2,M3 16GB,mac,16,8bit,8192,F16,no,38.19,-22.19,0,,
Qwen 3.6 27B,27.2,M3 16GB,mac,16,16bit,8192,F16,no,66.56,-50.56,0,,
Qwen 3.6 27B,27.2,M3 24GB,mac,24,4bit,8192,F16,no,24.01,-0.01,0,,
Qwen 3.6 27B,27.2,M3 24GB,mac,24,8bit,8192,F16,no,38.19,-14.19,0,,
Qwen 3.6 27B,27.2,M3 24GB,mac,24,16bit,8192,F16,no,66.56,-42.56,0,,
Qwen 3.6 27B,27.2,M3 Pro 18GB,mac,18,4bit,8192,F16,no,24.01,-6.01,0,,
Qwen 3.6 27B,27.2,M3 Pro 18GB,mac,18,8bit,8192,F16,no,38.19,-20.19,0,,
Qwen 3.6 27B,27.2,M3 Pro 18GB,mac,18,16bit,8192,F16,no,66.56,-48.56,0,,
Qwen 3.6 27B,27.2,M3 Pro 36GB,mac,36,4bit,8192,F16,yes,23.51,12.49,61024,,
Qwen 3.6 27B,27.2,M3 Pro 36GB,mac,36,8bit,8192,F16,no,37.69,-1.69,0,,
Qwen 3.6 27B,27.2,M3 Pro 36GB,mac,36,16bit,8192,F16,no,66.06,-30.06,0,,
Qwen 3.6 27B,27.2,M3 Max 36GB,mac,36,4bit,8192,F16,yes,23.51,12.49,61024,,
Qwen 3.6 27B,27.2,M3 Max 36GB,mac,36,8bit,8192,F16,no,37.69,-1.69,0,,
Qwen 3.6 27B,27.2,M3 Max 36GB,mac,36,16bit,8192,F16,no,66.06,-30.06,0,,
Qwen 3.6 27B,27.2,M3 Max 48GB,mac,48,4bit,8192,F16,yes,23.01,24.99,161832,,
Qwen 3.6 27B,27.2,M3 Max 48GB,mac,48,8bit,8192,F16,yes,37.19,10.81,20243,,
Qwen 3.6 27B,27.2,M3 Max 48GB,mac,48,16bit,8192,F16,no,65.56,-17.56,0,,
Qwen 3.6 27B,27.2,M3 Max 64GB,mac,64,4bit,8192,F16,yes,23.01,40.99,262144,,
Qwen 3.6 27B,27.2,M3 Max 64GB,mac,64,8bit,8192,F16,yes,37.19,26.81,148000,,
Qwen 3.6 27B,27.2,M3 Max 64GB,mac,64,16bit,8192,F16,no,65.56,-1.56,0,,
Qwen 3.6 27B,27.2,M3 Max 96GB,mac,96,4bit,8192,F16,yes,23.01,72.99,262144,,
Qwen 3.6 27B,27.2,M3 Max 96GB,mac,96,8bit,8192,F16,yes,37.19,58.81,262144,,
Qwen 3.6 27B,27.2,M3 Max 96GB,mac,96,16bit,8192,F16,yes,65.56,30.44,120334,,
Qwen 3.6 27B,27.2,M3 Max 128GB,mac,128,4bit,8192,F16,yes,23.01,104.99,262144,,
Qwen 3.6 27B,27.2,M3 Max 128GB,mac,128,8bit,8192,F16,yes,37.19,90.81,262144,,
Qwen 3.6 27B,27.2,M3 Max 128GB,mac,128,16bit,8192,F16,yes,65.56,62.44,262144,,
Qwen 3.6 27B,27.2,M3 Ultra 96GB,mac,96,4bit,8192,F16,yes,23.01,72.99,262144,,
Qwen 3.6 27B,27.2,M3 Ultra 96GB,mac,96,8bit,8192,F16,yes,37.19,58.81,262144,,
Qwen 3.6 27B,27.2,M3 Ultra 96GB,mac,96,16bit,8192,F16,yes,65.56,30.44,120334,,
Qwen 3.6 27B,27.2,M3 Ultra 256GB,mac,256,4bit,8192,F16,yes,23.01,232.99,262144,,
Qwen 3.6 27B,27.2,M3 Ultra 256GB,mac,256,8bit,8192,F16,yes,37.19,218.81,262144,,
Qwen 3.6 27B,27.2,M3 Ultra 256GB,mac,256,16bit,8192,F16,yes,65.56,190.44,262144,,
Qwen 3.6 27B,27.2,M3 Ultra 512GB,mac,512,4bit,8192,F16,yes,23.01,488.99,262144,,
Qwen 3.6 27B,27.2,M3 Ultra 512GB,mac,512,8bit,8192,F16,yes,37.19,474.81,262144,,
Qwen 3.6 27B,27.2,M3 Ultra 512GB,mac,512,16bit,8192,F16,yes,65.56,446.44,262144,,
Qwen 3.6 27B,27.2,M2 8GB,mac,8,4bit,8192,F16,no,24.01,-16.01,0,,
Qwen 3.6 27B,27.2,M2 8GB,mac,8,8bit,8192,F16,no,38.19,-30.19,0,,
Qwen 3.6 27B,27.2,M2 8GB,mac,8,16bit,8192,F16,no,66.56,-58.56,0,,
Qwen 3.6 27B,27.2,M2 16GB,mac,16,4bit,8192,F16,no,24.01,-8.01,0,,
Qwen 3.6 27B,27.2,M2 16GB,mac,16,8bit,8192,F16,no,38.19,-22.19,0,,
Qwen 3.6 27B,27.2,M2 16GB,mac,16,16bit,8192,F16,no,66.56,-50.56,0,,
Qwen 3.6 27B,27.2,M2 24GB,mac,24,4bit,8192,F16,no,24.01,-0.01,0,,
Qwen 3.6 27B,27.2,M2 24GB,mac,24,8bit,8192,F16,no,38.19,-14.19,0,,
Qwen 3.6 27B,27.2,M2 24GB,mac,24,16bit,8192,F16,no,66.56,-42.56,0,,
Qwen 3.6 27B,27.2,M2 Pro 16GB,mac,16,4bit,8192,F16,no,24.01,-8.01,0,,
Qwen 3.6 27B,27.2,M2 Pro 16GB,mac,16,8bit,8192,F16,no,38.19,-22.19,0,,
Qwen 3.6 27B,27.2,M2 Pro 16GB,mac,16,16bit,8192,F16,no,66.56,-50.56,0,,
Qwen 3.6 27B,27.2,M2 Pro 32GB,mac,32,4bit,8192,F16,yes,23.51,8.49,29085,,
Qwen 3.6 27B,27.2,M2 Pro 32GB,mac,32,8bit,8192,F16,no,37.69,-5.69,0,,
Qwen 3.6 27B,27.2,M2 Pro 32GB,mac,32,16bit,8192,F16,no,66.06,-34.06,0,,
Qwen 3.6 27B,27.2,M2 Max 32GB,mac,32,4bit,8192,F16,yes,23.51,8.49,29085,,
Qwen 3.6 27B,27.2,M2 Max 32GB,mac,32,8bit,8192,F16,no,37.69,-5.69,0,,
Qwen 3.6 27B,27.2,M2 Max 32GB,mac,32,16bit,8192,F16,no,66.06,-34.06,0,,
Qwen 3.6 27B,27.2,M2 Max 64GB,mac,64,4bit,8192,F16,yes,23.01,40.99,262144,,
Qwen 3.6 27B,27.2,M2 Max 64GB,mac,64,8bit,8192,F16,yes,37.19,26.81,148000,,
Qwen 3.6 27B,27.2,M2 Max 64GB,mac,64,16bit,8192,F16,no,65.56,-1.56,0,,
Qwen 3.6 27B,27.2,M2 Max 96GB,mac,96,4bit,8192,F16,yes,23.01,72.99,262144,,
Qwen 3.6 27B,27.2,M2 Max 96GB,mac,96,8bit,8192,F16,yes,37.19,58.81,262144,,
Qwen 3.6 27B,27.2,M2 Max 96GB,mac,96,16bit,8192,F16,yes,65.56,30.44,120334,,
Qwen 3.6 27B,27.2,M2 Ultra 64GB,mac,64,4bit,8192,F16,yes,23.01,40.99,262144,,
Qwen 3.6 27B,27.2,M2 Ultra 64GB,mac,64,8bit,8192,F16,yes,37.19,26.81,148000,,
Qwen 3.6 27B,27.2,M2 Ultra 64GB,mac,64,16bit,8192,F16,no,65.56,-1.56,0,,
Qwen 3.6 27B,27.2,M2 Ultra 128GB,mac,128,4bit,8192,F16,yes,23.01,104.99,262144,,
Qwen 3.6 27B,27.2,M2 Ultra 128GB,mac,128,8bit,8192,F16,yes,37.19,90.81,262144,,
Qwen 3.6 27B,27.2,M2 Ultra 128GB,mac,128,16bit,8192,F16,yes,65.56,62.44,262144,,
Qwen 3.6 27B,27.2,M2 Ultra 192GB,mac,192,4bit,8192,F16,yes,23.01,168.99,262144,,
Qwen 3.6 27B,27.2,M2 Ultra 192GB,mac,192,8bit,8192,F16,yes,37.19,154.81,262144,,
Qwen 3.6 27B,27.2,M2 Ultra 192GB,mac,192,16bit,8192,F16,yes,65.56,126.44,262144,,
Qwen 3.6 27B,27.2,M1 8GB,mac,8,4bit,8192,F16,no,24.01,-16.01,0,,
Qwen 3.6 27B,27.2,M1 8GB,mac,8,8bit,8192,F16,no,38.19,-30.19,0,,
Qwen 3.6 27B,27.2,M1 8GB,mac,8,16bit,8192,F16,no,66.56,-58.56,0,,
Qwen 3.6 27B,27.2,M1 16GB,mac,16,4bit,8192,F16,no,24.01,-8.01,0,,
Qwen 3.6 27B,27.2,M1 16GB,mac,16,8bit,8192,F16,no,38.19,-22.19,0,,
Qwen 3.6 27B,27.2,M1 16GB,mac,16,16bit,8192,F16,no,66.56,-50.56,0,,
Qwen 3.6 27B,27.2,M1 Pro 16GB,mac,16,4bit,8192,F16,no,24.01,-8.01,0,,
Qwen 3.6 27B,27.2,M1 Pro 16GB,mac,16,8bit,8192,F16,no,38.19,-22.19,0,,
Qwen 3.6 27B,27.2,M1 Pro 16GB,mac,16,16bit,8192,F16,no,66.56,-50.56,0,,
Qwen 3.6 27B,27.2,M1 Pro 32GB,mac,32,4bit,8192,F16,yes,23.51,8.49,29085,,
Qwen 3.6 27B,27.2,M1 Pro 32GB,mac,32,8bit,8192,F16,no,37.69,-5.69,0,,
Qwen 3.6 27B,27.2,M1 Pro 32GB,mac,32,16bit,8192,F16,no,66.06,-34.06,0,,
Qwen 3.6 27B,27.2,M1 Max 32GB,mac,32,4bit,8192,F16,yes,23.51,8.49,29085,,
Qwen 3.6 27B,27.2,M1 Max 32GB,mac,32,8bit,8192,F16,no,37.69,-5.69,0,,
Qwen 3.6 27B,27.2,M1 Max 32GB,mac,32,16bit,8192,F16,no,66.06,-34.06,0,,
Qwen 3.6 27B,27.2,M1 Max 64GB,mac,64,4bit,8192,F16,yes,23.01,40.99,262144,,
Qwen 3.6 27B,27.2,M1 Max 64GB,mac,64,8bit,8192,F16,yes,37.19,26.81,148000,,
Qwen 3.6 27B,27.2,M1 Max 64GB,mac,64,16bit,8192,F16,no,65.56,-1.56,0,,
Qwen 3.6 27B,27.2,M1 Ultra 64GB,mac,64,4bit,8192,F16,yes,23.01,40.99,262144,,
Qwen 3.6 27B,27.2,M1 Ultra 64GB,mac,64,8bit,8192,F16,yes,37.19,26.81,148000,,
Qwen 3.6 27B,27.2,M1 Ultra 64GB,mac,64,16bit,8192,F16,no,65.56,-1.56,0,,
Qwen 3.6 27B,27.2,M1 Ultra 128GB,mac,128,4bit,8192,F16,yes,23.01,104.99,262144,,
Qwen 3.6 27B,27.2,M1 Ultra 128GB,mac,128,8bit,8192,F16,yes,37.19,90.81,262144,,
Qwen 3.6 27B,27.2,M1 Ultra 128GB,mac,128,16bit,8192,F16,yes,65.56,62.44,262144,,
Qwen 3.6 35B-A3B,35,RTX 5090,gpu,32,Q4_K_M,8192,F16,yes,24.76,7.24,116772,,
Qwen 3.6 35B-A3B,35,RTX 5090,gpu,32,Q5_K_M,8192,F16,yes,28.45,3.55,45667,,
Qwen 3.6 35B-A3B,35,RTX 5090,gpu,32,Q6_K,8192,F16,no,32.38,-0.38,0,,
Qwen 3.6 35B-A3B,35,RTX 5090,gpu,32,Q8_0,8192,F16,no,41.22,-9.22,0,,
Qwen 3.6 35B-A3B,35,RTX 5090,gpu,32,FP16,8192,F16,no,75.44,-43.44,0,,
Qwen 3.6 35B-A3B,35,RTX 5080,gpu,16,Q4_K_M,8192,F16,no,24.76,-8.76,0,,
Qwen 3.6 35B-A3B,35,RTX 5080,gpu,16,Q5_K_M,8192,F16,no,28.45,-12.45,0,,
Qwen 3.6 35B-A3B,35,RTX 5080,gpu,16,Q6_K,8192,F16,no,32.38,-16.38,0,,
Qwen 3.6 35B-A3B,35,RTX 5080,gpu,16,Q8_0,8192,F16,no,41.22,-25.22,0,,
Qwen 3.6 35B-A3B,35,RTX 5080,gpu,16,FP16,8192,F16,no,75.44,-59.44,0,,
Qwen 3.6 35B-A3B,35,RTX 5070 Ti,gpu,16,Q4_K_M,8192,F16,no,24.76,-8.76,0,,
Qwen 3.6 35B-A3B,35,RTX 5070 Ti,gpu,16,Q5_K_M,8192,F16,no,28.45,-12.45,0,,
Qwen 3.6 35B-A3B,35,RTX 5070 Ti,gpu,16,Q6_K,8192,F16,no,32.38,-16.38,0,,
Qwen 3.6 35B-A3B,35,RTX 5070 Ti,gpu,16,Q8_0,8192,F16,no,41.22,-25.22,0,,
Qwen 3.6 35B-A3B,35,RTX 5070 Ti,gpu,16,FP16,8192,F16,no,75.44,-59.44,0,,
Qwen 3.6 35B-A3B,35,RTX 5070,gpu,12,Q4_K_M,8192,F16,no,24.76,-12.76,0,,
Qwen 3.6 35B-A3B,35,RTX 5070,gpu,12,Q5_K_M,8192,F16,no,28.45,-16.45,0,,
Qwen 3.6 35B-A3B,35,RTX 5070,gpu,12,Q6_K,8192,F16,no,32.38,-20.38,0,,
Qwen 3.6 35B-A3B,35,RTX 5070,gpu,12,Q8_0,8192,F16,no,41.22,-29.22,0,,
Qwen 3.6 35B-A3B,35,RTX 5070,gpu,12,FP16,8192,F16,no,75.44,-63.44,0,,
Qwen 3.6 35B-A3B,35,RTX 4090,gpu,24,Q4_K_M,8192,F16,no,24.76,-0.76,0,,
Qwen 3.6 35B-A3B,35,RTX 4090,gpu,24,Q5_K_M,8192,F16,no,28.45,-4.45,0,,
Qwen 3.6 35B-A3B,35,RTX 4090,gpu,24,Q6_K,8192,F16,no,32.38,-8.38,0,,
Qwen 3.6 35B-A3B,35,RTX 4090,gpu,24,Q8_0,8192,F16,no,41.22,-17.22,0,,
Qwen 3.6 35B-A3B,35,RTX 4090,gpu,24,FP16,8192,F16,no,75.44,-51.44,0,,
Qwen 3.6 35B-A3B,35,RTX 4080 SUPER,gpu,16,Q4_K_M,8192,F16,no,24.76,-8.76,0,,
Qwen 3.6 35B-A3B,35,RTX 4080 SUPER,gpu,16,Q5_K_M,8192,F16,no,28.45,-12.45,0,,
Qwen 3.6 35B-A3B,35,RTX 4080 SUPER,gpu,16,Q6_K,8192,F16,no,32.38,-16.38,0,,
Qwen 3.6 35B-A3B,35,RTX 4080 SUPER,gpu,16,Q8_0,8192,F16,no,41.22,-25.22,0,,
Qwen 3.6 35B-A3B,35,RTX 4080 SUPER,gpu,16,FP16,8192,F16,no,75.44,-59.44,0,,
Qwen 3.6 35B-A3B,35,RTX 4070 Ti SUPER,gpu,16,Q4_K_M,8192,F16,no,24.76,-8.76,0,,
Qwen 3.6 35B-A3B,35,RTX 4070 Ti SUPER,gpu,16,Q5_K_M,8192,F16,no,28.45,-12.45,0,,
Qwen 3.6 35B-A3B,35,RTX 4070 Ti SUPER,gpu,16,Q6_K,8192,F16,no,32.38,-16.38,0,,
Qwen 3.6 35B-A3B,35,RTX 4070 Ti SUPER,gpu,16,Q8_0,8192,F16,no,41.22,-25.22,0,,
Qwen 3.6 35B-A3B,35,RTX 4070 Ti SUPER,gpu,16,FP16,8192,F16,no,75.44,-59.44,0,,
Qwen 3.6 35B-A3B,35,RTX 4070,gpu,12,Q4_K_M,8192,F16,no,24.76,-12.76,0,,
Qwen 3.6 35B-A3B,35,RTX 4070,gpu,12,Q5_K_M,8192,F16,no,28.45,-16.45,0,,
Qwen 3.6 35B-A3B,35,RTX 4070,gpu,12,Q6_K,8192,F16,no,32.38,-20.38,0,,
Qwen 3.6 35B-A3B,35,RTX 4070,gpu,12,Q8_0,8192,F16,no,41.22,-29.22,0,,
Qwen 3.6 35B-A3B,35,RTX 4070,gpu,12,FP16,8192,F16,no,75.44,-63.44,0,,
Qwen 3.6 35B-A3B,35,RTX 4060 Ti 16GB,gpu,16,Q4_K_M,8192,F16,no,24.76,-8.76,0,,
Qwen 3.6 35B-A3B,35,RTX 4060 Ti 16GB,gpu,16,Q5_K_M,8192,F16,no,28.45,-12.45,0,,
Qwen 3.6 35B-A3B,35,RTX 4060 Ti 16GB,gpu,16,Q6_K,8192,F16,no,32.38,-16.38,0,,
Qwen 3.6 35B-A3B,35,RTX 4060 Ti 16GB,gpu,16,Q8_0,8192,F16,no,41.22,-25.22,0,,
Qwen 3.6 35B-A3B,35,RTX 4060 Ti 16GB,gpu,16,FP16,8192,F16,no,75.44,-59.44,0,,
Qwen 3.6 35B-A3B,35,RTX 3090,gpu,24,Q4_K_M,8192,F16,no,24.76,-0.76,0,,
Qwen 3.6 35B-A3B,35,RTX 3090,gpu,24,Q5_K_M,8192,F16,no,28.45,-4.45,0,,
Qwen 3.6 35B-A3B,35,RTX 3090,gpu,24,Q6_K,8192,F16,no,32.38,-8.38,0,,
Qwen 3.6 35B-A3B,35,RTX 3090,gpu,24,Q8_0,8192,F16,no,41.22,-17.22,0,,
Qwen 3.6 35B-A3B,35,RTX 3090,gpu,24,FP16,8192,F16,no,75.44,-51.44,0,,
Qwen 3.6 35B-A3B,35,RTX 3090 Ti,gpu,24,Q4_K_M,8192,F16,no,24.76,-0.76,0,,
Qwen 3.6 35B-A3B,35,RTX 3090 Ti,gpu,24,Q5_K_M,8192,F16,no,28.45,-4.45,0,,
Qwen 3.6 35B-A3B,35,RTX 3090 Ti,gpu,24,Q6_K,8192,F16,no,32.38,-8.38,0,,
Qwen 3.6 35B-A3B,35,RTX 3090 Ti,gpu,24,Q8_0,8192,F16,no,41.22,-17.22,0,,
Qwen 3.6 35B-A3B,35,RTX 3090 Ti,gpu,24,FP16,8192,F16,no,75.44,-51.44,0,,
Qwen 3.6 35B-A3B,35,RTX 3080 10GB,gpu,10,Q4_K_M,8192,F16,no,24.76,-14.76,0,,
Qwen 3.6 35B-A3B,35,RTX 3080 10GB,gpu,10,Q5_K_M,8192,F16,no,28.45,-18.45,0,,
Qwen 3.6 35B-A3B,35,RTX 3080 10GB,gpu,10,Q6_K,8192,F16,no,32.38,-22.38,0,,
Qwen 3.6 35B-A3B,35,RTX 3080 10GB,gpu,10,Q8_0,8192,F16,no,41.22,-31.22,0,,
Qwen 3.6 35B-A3B,35,RTX 3080 10GB,gpu,10,FP16,8192,F16,no,75.44,-65.44,0,,
Qwen 3.6 35B-A3B,35,RTX 3080 12GB,gpu,12,Q4_K_M,8192,F16,no,24.76,-12.76,0,,
Qwen 3.6 35B-A3B,35,RTX 3080 12GB,gpu,12,Q5_K_M,8192,F16,no,28.45,-16.45,0,,
Qwen 3.6 35B-A3B,35,RTX 3080 12GB,gpu,12,Q6_K,8192,F16,no,32.38,-20.38,0,,
Qwen 3.6 35B-A3B,35,RTX 3080 12GB,gpu,12,Q8_0,8192,F16,no,41.22,-29.22,0,,
Qwen 3.6 35B-A3B,35,RTX 3080 12GB,gpu,12,FP16,8192,F16,no,75.44,-63.44,0,,
Qwen 3.6 35B-A3B,35,RTX 3060 12GB,gpu,12,Q4_K_M,8192,F16,no,24.76,-12.76,0,,
Qwen 3.6 35B-A3B,35,RTX 3060 12GB,gpu,12,Q5_K_M,8192,F16,no,28.45,-16.45,0,,
Qwen 3.6 35B-A3B,35,RTX 3060 12GB,gpu,12,Q6_K,8192,F16,no,32.38,-20.38,0,,
Qwen 3.6 35B-A3B,35,RTX 3060 12GB,gpu,12,Q8_0,8192,F16,no,41.22,-29.22,0,,
Qwen 3.6 35B-A3B,35,RTX 3060 12GB,gpu,12,FP16,8192,F16,no,75.44,-63.44,0,,
Qwen 3.6 35B-A3B,35,RTX 5060 Ti 16GB,gpu,16,Q4_K_M,8192,F16,no,24.76,-8.76,0,,
Qwen 3.6 35B-A3B,35,RTX 5060 Ti 16GB,gpu,16,Q5_K_M,8192,F16,no,28.45,-12.45,0,,
Qwen 3.6 35B-A3B,35,RTX 5060 Ti 16GB,gpu,16,Q6_K,8192,F16,no,32.38,-16.38,0,,
Qwen 3.6 35B-A3B,35,RTX 5060 Ti 16GB,gpu,16,Q8_0,8192,F16,no,41.22,-25.22,0,,
Qwen 3.6 35B-A3B,35,RTX 5060 Ti 16GB,gpu,16,FP16,8192,F16,no,75.44,-59.44,0,,
Qwen 3.6 35B-A3B,35,RTX 4070 Ti,gpu,12,Q4_K_M,8192,F16,no,24.76,-12.76,0,,
Qwen 3.6 35B-A3B,35,RTX 4070 Ti,gpu,12,Q5_K_M,8192,F16,no,28.45,-16.45,0,,
Qwen 3.6 35B-A3B,35,RTX 4070 Ti,gpu,12,Q6_K,8192,F16,no,32.38,-20.38,0,,
Qwen 3.6 35B-A3B,35,RTX 4070 Ti,gpu,12,Q8_0,8192,F16,no,41.22,-29.22,0,,
Qwen 3.6 35B-A3B,35,RTX 4070 Ti,gpu,12,FP16,8192,F16,no,75.44,-63.44,0,,
Qwen 3.6 35B-A3B,35,RTX 4080,gpu,16,Q4_K_M,8192,F16,no,24.76,-8.76,0,,
Qwen 3.6 35B-A3B,35,RTX 4080,gpu,16,Q5_K_M,8192,F16,no,28.45,-12.45,0,,
Qwen 3.6 35B-A3B,35,RTX 4080,gpu,16,Q6_K,8192,F16,no,32.38,-16.38,0,,
Qwen 3.6 35B-A3B,35,RTX 4080,gpu,16,Q8_0,8192,F16,no,41.22,-25.22,0,,
Qwen 3.6 35B-A3B,35,RTX 4080,gpu,16,FP16,8192,F16,no,75.44,-59.44,0,,
Qwen 3.6 35B-A3B,35,RTX 4060 Ti 8GB,gpu,8,Q4_K_M,8192,F16,no,24.76,-16.76,0,,
Qwen 3.6 35B-A3B,35,RTX 4060 Ti 8GB,gpu,8,Q5_K_M,8192,F16,no,28.45,-20.45,0,,
Qwen 3.6 35B-A3B,35,RTX 4060 Ti 8GB,gpu,8,Q6_K,8192,F16,no,32.38,-24.38,0,,
Qwen 3.6 35B-A3B,35,RTX 4060 Ti 8GB,gpu,8,Q8_0,8192,F16,no,41.22,-33.22,0,,
Qwen 3.6 35B-A3B,35,RTX 4060 Ti 8GB,gpu,8,FP16,8192,F16,no,75.44,-67.44,0,,
Qwen 3.6 35B-A3B,35,RTX 3060 8GB,gpu,8,Q4_K_M,8192,F16,no,24.76,-16.76,0,,
Qwen 3.6 35B-A3B,35,RTX 3060 8GB,gpu,8,Q5_K_M,8192,F16,no,28.45,-20.45,0,,
Qwen 3.6 35B-A3B,35,RTX 3060 8GB,gpu,8,Q6_K,8192,F16,no,32.38,-24.38,0,,
Qwen 3.6 35B-A3B,35,RTX 3060 8GB,gpu,8,Q8_0,8192,F16,no,41.22,-33.22,0,,
Qwen 3.6 35B-A3B,35,RTX 3060 8GB,gpu,8,FP16,8192,F16,no,75.44,-67.44,0,,
Qwen 3.6 35B-A3B,35,RTX 2080 Ti,gpu,11,Q4_K_M,8192,F16,no,24.76,-13.76,0,,
Qwen 3.6 35B-A3B,35,RTX 2080 Ti,gpu,11,Q5_K_M,8192,F16,no,28.45,-17.45,0,,
Qwen 3.6 35B-A3B,35,RTX 2080 Ti,gpu,11,Q6_K,8192,F16,no,32.38,-21.38,0,,
Qwen 3.6 35B-A3B,35,RTX 2080 Ti,gpu,11,Q8_0,8192,F16,no,41.22,-30.22,0,,
Qwen 3.6 35B-A3B,35,RTX 2080 Ti,gpu,11,FP16,8192,F16,no,75.44,-64.44,0,,
Qwen 3.6 35B-A3B,35,RTX 6000 Ada,gpu,48,Q4_K_M,8192,F16,yes,24.76,23.24,262144,,
Qwen 3.6 35B-A3B,35,RTX 6000 Ada,gpu,48,Q5_K_M,8192,F16,yes,28.45,19.55,262144,,
Qwen 3.6 35B-A3B,35,RTX 6000 Ada,gpu,48,Q6_K,8192,F16,yes,32.38,15.62,262144,,
Qwen 3.6 35B-A3B,35,RTX 6000 Ada,gpu,48,Q8_0,8192,F16,yes,41.22,6.78,92554,,
Qwen 3.6 35B-A3B,35,RTX 6000 Ada,gpu,48,FP16,8192,F16,no,75.44,-27.44,0,,
Qwen 3.6 35B-A3B,35,RTX PRO 6000 Blackwell,gpu,96,Q4_K_M,8192,F16,yes,24.76,71.24,262144,,
Qwen 3.6 35B-A3B,35,RTX PRO 6000 Blackwell,gpu,96,Q5_K_M,8192,F16,yes,28.45,67.55,262144,,
Qwen 3.6 35B-A3B,35,RTX PRO 6000 Blackwell,gpu,96,Q6_K,8192,F16,yes,32.38,63.62,262144,,
Qwen 3.6 35B-A3B,35,RTX PRO 6000 Blackwell,gpu,96,Q8_0,8192,F16,yes,41.22,54.78,262144,,
Qwen 3.6 35B-A3B,35,RTX PRO 6000 Blackwell,gpu,96,FP16,8192,F16,yes,75.44,20.56,262144,,
Qwen 3.6 35B-A3B,35,RX 7900 XTX,gpu,24,Q4_K_M,8192,F16,no,24.76,-0.76,0,,
Qwen 3.6 35B-A3B,35,RX 7900 XTX,gpu,24,Q5_K_M,8192,F16,no,28.45,-4.45,0,,
Qwen 3.6 35B-A3B,35,RX 7900 XTX,gpu,24,Q6_K,8192,F16,no,32.38,-8.38,0,,
Qwen 3.6 35B-A3B,35,RX 7900 XTX,gpu,24,Q8_0,8192,F16,no,41.22,-17.22,0,,
Qwen 3.6 35B-A3B,35,RX 7900 XTX,gpu,24,FP16,8192,F16,no,75.44,-51.44,0,,
Qwen 3.6 35B-A3B,35,RX 7900 XT,gpu,20,Q4_K_M,8192,F16,no,24.76,-4.76,0,,
Qwen 3.6 35B-A3B,35,RX 7900 XT,gpu,20,Q5_K_M,8192,F16,no,28.45,-8.45,0,,
Qwen 3.6 35B-A3B,35,RX 7900 XT,gpu,20,Q6_K,8192,F16,no,32.38,-12.38,0,,
Qwen 3.6 35B-A3B,35,RX 7900 XT,gpu,20,Q8_0,8192,F16,no,41.22,-21.22,0,,
Qwen 3.6 35B-A3B,35,RX 7900 XT,gpu,20,FP16,8192,F16,no,75.44,-55.44,0,,
Qwen 3.6 35B-A3B,35,RX 7800 XT,gpu,16,Q4_K_M,8192,F16,no,24.76,-8.76,0,,
Qwen 3.6 35B-A3B,35,RX 7800 XT,gpu,16,Q5_K_M,8192,F16,no,28.45,-12.45,0,,
Qwen 3.6 35B-A3B,35,RX 7800 XT,gpu,16,Q6_K,8192,F16,no,32.38,-16.38,0,,
Qwen 3.6 35B-A3B,35,RX 7800 XT,gpu,16,Q8_0,8192,F16,no,41.22,-25.22,0,,
Qwen 3.6 35B-A3B,35,RX 7800 XT,gpu,16,FP16,8192,F16,no,75.44,-59.44,0,,
Qwen 3.6 35B-A3B,35,RX 9070 XT,gpu,16,Q4_K_M,8192,F16,no,24.76,-8.76,0,,
Qwen 3.6 35B-A3B,35,RX 9070 XT,gpu,16,Q5_K_M,8192,F16,no,28.45,-12.45,0,,
Qwen 3.6 35B-A3B,35,RX 9070 XT,gpu,16,Q6_K,8192,F16,no,32.38,-16.38,0,,
Qwen 3.6 35B-A3B,35,RX 9070 XT,gpu,16,Q8_0,8192,F16,no,41.22,-25.22,0,,
Qwen 3.6 35B-A3B,35,RX 9070 XT,gpu,16,FP16,8192,F16,no,75.44,-59.44,0,,
Qwen 3.6 35B-A3B,35,RX 9070,gpu,16,Q4_K_M,8192,F16,no,24.76,-8.76,0,,
Qwen 3.6 35B-A3B,35,RX 9070,gpu,16,Q5_K_M,8192,F16,no,28.45,-12.45,0,,
Qwen 3.6 35B-A3B,35,RX 9070,gpu,16,Q6_K,8192,F16,no,32.38,-16.38,0,,
Qwen 3.6 35B-A3B,35,RX 9070,gpu,16,Q8_0,8192,F16,no,41.22,-25.22,0,,
Qwen 3.6 35B-A3B,35,RX 9070,gpu,16,FP16,8192,F16,no,75.44,-59.44,0,,
Qwen 3.6 35B-A3B,35,Radeon PRO W7900,gpu,48,Q4_K_M,8192,F16,yes,24.76,23.24,262144,,
Qwen 3.6 35B-A3B,35,Radeon PRO W7900,gpu,48,Q5_K_M,8192,F16,yes,28.45,19.55,262144,,
Qwen 3.6 35B-A3B,35,Radeon PRO W7900,gpu,48,Q6_K,8192,F16,yes,32.38,15.62,262144,,
Qwen 3.6 35B-A3B,35,Radeon PRO W7900,gpu,48,Q8_0,8192,F16,yes,41.22,6.78,92554,,
Qwen 3.6 35B-A3B,35,Radeon PRO W7900,gpu,48,FP16,8192,F16,no,75.44,-27.44,0,,
Qwen 3.6 35B-A3B,35,2× RTX 3090,gpu,48,Q4_K_M,8192,F16,yes,26.76,21.24,262144,,
Qwen 3.6 35B-A3B,35,2× RTX 3090,gpu,48,Q5_K_M,8192,F16,yes,30.45,17.55,262144,,
Qwen 3.6 35B-A3B,35,2× RTX 3090,gpu,48,Q6_K,8192,F16,yes,34.38,13.62,224292,,
Qwen 3.6 35B-A3B,35,2× RTX 3090,gpu,48,Q8_0,8192,F16,yes,43.22,4.78,54044,,
Qwen 3.6 35B-A3B,35,2× RTX 3090,gpu,48,FP16,8192,F16,no,77.44,-29.44,0,,
Qwen 3.6 35B-A3B,35,2× RTX 4090,gpu,48,Q4_K_M,8192,F16,yes,26.76,21.24,262144,,
Qwen 3.6 35B-A3B,35,2× RTX 4090,gpu,48,Q5_K_M,8192,F16,yes,30.45,17.55,262144,,
Qwen 3.6 35B-A3B,35,2× RTX 4090,gpu,48,Q6_K,8192,F16,yes,34.38,13.62,224292,,
Qwen 3.6 35B-A3B,35,2× RTX 4090,gpu,48,Q8_0,8192,F16,yes,43.22,4.78,54044,,
Qwen 3.6 35B-A3B,35,2× RTX 4090,gpu,48,FP16,8192,F16,no,77.44,-29.44,0,,
Qwen 3.6 35B-A3B,35,4× RTX 3090,gpu,96,Q4_K_M,8192,F16,yes,30.76,65.24,262144,,
Qwen 3.6 35B-A3B,35,4× RTX 3090,gpu,96,Q5_K_M,8192,F16,yes,34.45,61.55,262144,,
Qwen 3.6 35B-A3B,35,4× RTX 3090,gpu,96,Q6_K,8192,F16,yes,38.38,57.62,262144,,
Qwen 3.6 35B-A3B,35,4× RTX 3090,gpu,96,Q8_0,8192,F16,yes,47.22,48.78,262144,,
Qwen 3.6 35B-A3B,35,4× RTX 3090,gpu,96,FP16,8192,F16,yes,81.44,14.56,196055,,
Qwen 3.6 35B-A3B,35,A100 40GB,gpu,40,Q4_K_M,8192,F16,yes,24.76,15.24,262144,,
Qwen 3.6 35B-A3B,35,A100 40GB,gpu,40,Q5_K_M,8192,F16,yes,28.45,11.55,192005,,
Qwen 3.6 35B-A3B,35,A100 40GB,gpu,40,Q6_K,8192,F16,yes,32.38,7.62,116464,,
Qwen 3.6 35B-A3B,35,A100 40GB,gpu,40,Q8_0,8192,F16,no,41.22,-1.22,0,,
Qwen 3.6 35B-A3B,35,A100 40GB,gpu,40,FP16,8192,F16,no,75.44,-35.44,0,,
Qwen 3.6 35B-A3B,35,A100 80GB,gpu,80,Q4_K_M,8192,F16,yes,24.76,55.24,262144,,
Qwen 3.6 35B-A3B,35,A100 80GB,gpu,80,Q5_K_M,8192,F16,yes,28.45,51.55,262144,,
Qwen 3.6 35B-A3B,35,A100 80GB,gpu,80,Q6_K,8192,F16,yes,32.38,47.62,262144,,
Qwen 3.6 35B-A3B,35,A100 80GB,gpu,80,Q8_0,8192,F16,yes,41.22,38.78,262144,,
Qwen 3.6 35B-A3B,35,A100 80GB,gpu,80,FP16,8192,F16,yes,75.44,4.56,18908,,
Qwen 3.6 35B-A3B,35,H100 80GB,gpu,80,Q4_K_M,8192,F16,yes,24.76,55.24,262144,,
Qwen 3.6 35B-A3B,35,H100 80GB,gpu,80,Q5_K_M,8192,F16,yes,28.45,51.55,262144,,
Qwen 3.6 35B-A3B,35,H100 80GB,gpu,80,Q6_K,8192,F16,yes,32.38,47.62,262144,,
Qwen 3.6 35B-A3B,35,H100 80GB,gpu,80,Q8_0,8192,F16,yes,41.22,38.78,262144,,
Qwen 3.6 35B-A3B,35,H100 80GB,gpu,80,FP16,8192,F16,yes,75.44,4.56,18908,,
Qwen 3.6 35B-A3B,35,H200 141GB,gpu,141,Q4_K_M,8192,F16,yes,24.76,116.24,262144,,
Qwen 3.6 35B-A3B,35,H200 141GB,gpu,141,Q5_K_M,8192,F16,yes,28.45,112.55,262144,,
Qwen 3.6 35B-A3B,35,H200 141GB,gpu,141,Q6_K,8192,F16,yes,32.38,108.62,262144,,
Qwen 3.6 35B-A3B,35,H200 141GB,gpu,141,Q8_0,8192,F16,yes,41.22,99.78,262144,,
Qwen 3.6 35B-A3B,35,H200 141GB,gpu,141,FP16,8192,F16,yes,75.44,65.56,262144,,
Qwen 3.6 35B-A3B,35,B200,gpu,192,Q4_K_M,8192,F16,yes,24.76,167.24,262144,,
Qwen 3.6 35B-A3B,35,B200,gpu,192,Q5_K_M,8192,F16,yes,28.45,163.55,262144,,
Qwen 3.6 35B-A3B,35,B200,gpu,192,Q6_K,8192,F16,yes,32.38,159.62,262144,,
Qwen 3.6 35B-A3B,35,B200,gpu,192,Q8_0,8192,F16,yes,41.22,150.78,262144,,
Qwen 3.6 35B-A3B,35,B200,gpu,192,FP16,8192,F16,yes,75.44,116.56,262144,,
Qwen 3.6 35B-A3B,35,M5 16GB,mac,16,4bit,8192,F16,no,27.68,-11.68,0,,
Qwen 3.6 35B-A3B,35,M5 16GB,mac,16,8bit,8192,F16,no,45.93,-29.93,0,,
Qwen 3.6 35B-A3B,35,M5 16GB,mac,16,16bit,8192,F16,no,82.44,-66.44,0,,
Qwen 3.6 35B-A3B,35,M5 24GB,mac,24,4bit,8192,F16,no,27.68,-3.68,0,,
Qwen 3.6 35B-A3B,35,M5 24GB,mac,24,8bit,8192,F16,no,45.93,-21.93,0,,
Qwen 3.6 35B-A3B,35,M5 24GB,mac,24,16bit,8192,F16,no,82.44,-58.44,0,,
Qwen 3.6 35B-A3B,35,M5 32GB,mac,32,4bit,8192,F16,tight,27.18,4.82,0,,
Qwen 3.6 35B-A3B,35,M5 32GB,mac,32,8bit,8192,F16,no,45.43,-13.43,0,,
Qwen 3.6 35B-A3B,35,M5 32GB,mac,32,16bit,8192,F16,no,81.94,-49.94,0,,
Qwen 3.6 35B-A3B,35,M5 Pro 24GB,mac,24,4bit,8192,F16,no,27.68,-3.68,0,,
Qwen 3.6 35B-A3B,35,M5 Pro 24GB,mac,24,8bit,8192,F16,no,45.93,-21.93,0,,
Qwen 3.6 35B-A3B,35,M5 Pro 24GB,mac,24,16bit,8192,F16,no,82.44,-58.44,0,,
Qwen 3.6 35B-A3B,35,M5 Pro 48GB,mac,48,4bit,8192,F16,yes,26.68,21.32,233872,,
Qwen 3.6 35B-A3B,35,M5 Pro 48GB,mac,48,8bit,8192,F16,tight,44.93,3.07,0,,
Qwen 3.6 35B-A3B,35,M5 Pro 48GB,mac,48,16bit,8192,F16,no,81.44,-33.44,0,,
Qwen 3.6 35B-A3B,35,M5 Pro 64GB,mac,64,4bit,8192,F16,yes,26.68,37.32,262144,,
Qwen 3.6 35B-A3B,35,M5 Pro 64GB,mac,64,8bit,8192,F16,yes,44.93,19.07,128857,,
Qwen 3.6 35B-A3B,35,M5 Pro 64GB,mac,64,16bit,8192,F16,no,81.44,-17.44,0,,
Qwen 3.6 35B-A3B,35,M5 Max 36GB,mac,36,4bit,8192,F16,yes,27.18,8.82,39397,,
Qwen 3.6 35B-A3B,35,M5 Max 36GB,mac,36,8bit,8192,F16,no,45.43,-9.43,0,,
Qwen 3.6 35B-A3B,35,M5 Max 36GB,mac,36,16bit,8192,F16,no,81.94,-45.94,0,,
Qwen 3.6 35B-A3B,35,M5 Max 48GB,mac,48,4bit,8192,F16,yes,26.68,21.32,233872,,
Qwen 3.6 35B-A3B,35,M5 Max 48GB,mac,48,8bit,8192,F16,tight,44.93,3.07,0,,
Qwen 3.6 35B-A3B,35,M5 Max 48GB,mac,48,16bit,8192,F16,no,81.44,-33.44,0,,
Qwen 3.6 35B-A3B,35,M5 Max 64GB,mac,64,4bit,8192,F16,yes,26.68,37.32,262144,,
Qwen 3.6 35B-A3B,35,M5 Max 64GB,mac,64,8bit,8192,F16,yes,44.93,19.07,128857,,
Qwen 3.6 35B-A3B,35,M5 Max 64GB,mac,64,16bit,8192,F16,no,81.44,-17.44,0,,
Qwen 3.6 35B-A3B,35,M5 Max 128GB,mac,128,4bit,8192,F16,yes,26.68,101.32,262144,,
Qwen 3.6 35B-A3B,35,M5 Max 128GB,mac,128,8bit,8192,F16,yes,44.93,83.07,262144,,
Qwen 3.6 35B-A3B,35,M5 Max 128GB,mac,128,16bit,8192,F16,yes,81.44,46.56,262144,,
Qwen 3.6 35B-A3B,35,M4 16GB,mac,16,4bit,8192,F16,no,27.68,-11.68,0,,
Qwen 3.6 35B-A3B,35,M4 16GB,mac,16,8bit,8192,F16,no,45.93,-29.93,0,,
Qwen 3.6 35B-A3B,35,M4 16GB,mac,16,16bit,8192,F16,no,82.44,-66.44,0,,
Qwen 3.6 35B-A3B,35,M4 24GB,mac,24,4bit,8192,F16,no,27.68,-3.68,0,,
Qwen 3.6 35B-A3B,35,M4 24GB,mac,24,8bit,8192,F16,no,45.93,-21.93,0,,
Qwen 3.6 35B-A3B,35,M4 24GB,mac,24,16bit,8192,F16,no,82.44,-58.44,0,,
Qwen 3.6 35B-A3B,35,M4 32GB,mac,32,4bit,8192,F16,tight,27.18,4.82,0,,
Qwen 3.6 35B-A3B,35,M4 32GB,mac,32,8bit,8192,F16,no,45.43,-13.43,0,,
Qwen 3.6 35B-A3B,35,M4 32GB,mac,32,16bit,8192,F16,no,81.94,-49.94,0,,
Qwen 3.6 35B-A3B,35,M4 Pro 24GB,mac,24,4bit,8192,F16,no,27.68,-3.68,0,,
Qwen 3.6 35B-A3B,35,M4 Pro 24GB,mac,24,8bit,8192,F16,no,45.93,-21.93,0,,
Qwen 3.6 35B-A3B,35,M4 Pro 24GB,mac,24,16bit,8192,F16,no,82.44,-58.44,0,,
Qwen 3.6 35B-A3B,35,M4 Pro 48GB,mac,48,4bit,8192,F16,yes,26.68,21.32,233872,,
Qwen 3.6 35B-A3B,35,M4 Pro 48GB,mac,48,8bit,8192,F16,tight,44.93,3.07,0,,
Qwen 3.6 35B-A3B,35,M4 Pro 48GB,mac,48,16bit,8192,F16,no,81.44,-33.44,0,,
Qwen 3.6 35B-A3B,35,M4 Pro 64GB,mac,64,4bit,8192,F16,yes,26.68,37.32,262144,,
Qwen 3.6 35B-A3B,35,M4 Pro 64GB,mac,64,8bit,8192,F16,yes,44.93,19.07,128857,,
Qwen 3.6 35B-A3B,35,M4 Pro 64GB,mac,64,16bit,8192,F16,no,81.44,-17.44,0,,
Qwen 3.6 35B-A3B,35,M4 Max 36GB,mac,36,4bit,8192,F16,yes,27.18,8.82,39397,,
Qwen 3.6 35B-A3B,35,M4 Max 36GB,mac,36,8bit,8192,F16,no,45.43,-9.43,0,,
Qwen 3.6 35B-A3B,35,M4 Max 36GB,mac,36,16bit,8192,F16,no,81.94,-45.94,0,,
Qwen 3.6 35B-A3B,35,M4 Max 48GB,mac,48,4bit,8192,F16,yes,26.68,21.32,233872,,
Qwen 3.6 35B-A3B,35,M4 Max 48GB,mac,48,8bit,8192,F16,tight,44.93,3.07,0,,
Qwen 3.6 35B-A3B,35,M4 Max 48GB,mac,48,16bit,8192,F16,no,81.44,-33.44,0,,
Qwen 3.6 35B-A3B,35,M4 Max 64GB,mac,64,4bit,8192,F16,yes,26.68,37.32,262144,,
Qwen 3.6 35B-A3B,35,M4 Max 64GB,mac,64,8bit,8192,F16,yes,44.93,19.07,128857,,
Qwen 3.6 35B-A3B,35,M4 Max 64GB,mac,64,16bit,8192,F16,no,81.44,-17.44,0,,
Qwen 3.6 35B-A3B,35,M4 Max 128GB,mac,128,4bit,8192,F16,yes,26.68,101.32,262144,,
Qwen 3.6 35B-A3B,35,M4 Max 128GB,mac,128,8bit,8192,F16,yes,44.93,83.07,262144,,
Qwen 3.6 35B-A3B,35,M4 Max 128GB,mac,128,16bit,8192,F16,yes,81.44,46.56,262144,,
Qwen 3.6 35B-A3B,35,M3 8GB,mac,8,4bit,8192,F16,no,27.68,-19.68,0,,
Qwen 3.6 35B-A3B,35,M3 8GB,mac,8,8bit,8192,F16,no,45.93,-37.93,0,,
Qwen 3.6 35B-A3B,35,M3 8GB,mac,8,16bit,8192,F16,no,82.44,-74.44,0,,
Qwen 3.6 35B-A3B,35,M3 16GB,mac,16,4bit,8192,F16,no,27.68,-11.68,0,,
Qwen 3.6 35B-A3B,35,M3 16GB,mac,16,8bit,8192,F16,no,45.93,-29.93,0,,
Qwen 3.6 35B-A3B,35,M3 16GB,mac,16,16bit,8192,F16,no,82.44,-66.44,0,,
Qwen 3.6 35B-A3B,35,M3 24GB,mac,24,4bit,8192,F16,no,27.68,-3.68,0,,
Qwen 3.6 35B-A3B,35,M3 24GB,mac,24,8bit,8192,F16,no,45.93,-21.93,0,,
Qwen 3.6 35B-A3B,35,M3 24GB,mac,24,16bit,8192,F16,no,82.44,-58.44,0,,
Qwen 3.6 35B-A3B,35,M3 Pro 18GB,mac,18,4bit,8192,F16,no,27.68,-9.68,0,,
Qwen 3.6 35B-A3B,35,M3 Pro 18GB,mac,18,8bit,8192,F16,no,45.93,-27.93,0,,
Qwen 3.6 35B-A3B,35,M3 Pro 18GB,mac,18,16bit,8192,F16,no,82.44,-64.44,0,,
Qwen 3.6 35B-A3B,35,M3 Pro 36GB,mac,36,4bit,8192,F16,yes,27.18,8.82,39397,,
Qwen 3.6 35B-A3B,35,M3 Pro 36GB,mac,36,8bit,8192,F16,no,45.43,-9.43,0,,
Qwen 3.6 35B-A3B,35,M3 Pro 36GB,mac,36,16bit,8192,F16,no,81.94,-45.94,0,,
Qwen 3.6 35B-A3B,35,M3 Max 36GB,mac,36,4bit,8192,F16,yes,27.18,8.82,39397,,
Qwen 3.6 35B-A3B,35,M3 Max 36GB,mac,36,8bit,8192,F16,no,45.43,-9.43,0,,
Qwen 3.6 35B-A3B,35,M3 Max 36GB,mac,36,16bit,8192,F16,no,81.94,-45.94,0,,
Qwen 3.6 35B-A3B,35,M3 Max 48GB,mac,48,4bit,8192,F16,yes,26.68,21.32,233872,,
Qwen 3.6 35B-A3B,35,M3 Max 48GB,mac,48,8bit,8192,F16,tight,44.93,3.07,0,,
Qwen 3.6 35B-A3B,35,M3 Max 48GB,mac,48,16bit,8192,F16,no,81.44,-33.44,0,,
Qwen 3.6 35B-A3B,35,M3 Max 64GB,mac,64,4bit,8192,F16,yes,26.68,37.32,262144,,
Qwen 3.6 35B-A3B,35,M3 Max 64GB,mac,64,8bit,8192,F16,yes,44.93,19.07,128857,,
Qwen 3.6 35B-A3B,35,M3 Max 64GB,mac,64,16bit,8192,F16,no,81.44,-17.44,0,,
Qwen 3.6 35B-A3B,35,M3 Max 96GB,mac,96,4bit,8192,F16,yes,26.68,69.32,262144,,
Qwen 3.6 35B-A3B,35,M3 Max 96GB,mac,96,8bit,8192,F16,yes,44.93,51.07,262144,,
Qwen 3.6 35B-A3B,35,M3 Max 96GB,mac,96,16bit,8192,F16,tight,81.44,14.56,0,,
Qwen 3.6 35B-A3B,35,M3 Max 128GB,mac,128,4bit,8192,F16,yes,26.68,101.32,262144,,
Qwen 3.6 35B-A3B,35,M3 Max 128GB,mac,128,8bit,8192,F16,yes,44.93,83.07,262144,,
Qwen 3.6 35B-A3B,35,M3 Max 128GB,mac,128,16bit,8192,F16,yes,81.44,46.56,262144,,
Qwen 3.6 35B-A3B,35,M3 Ultra 96GB,mac,96,4bit,8192,F16,yes,26.68,69.32,262144,,
Qwen 3.6 35B-A3B,35,M3 Ultra 96GB,mac,96,8bit,8192,F16,yes,44.93,51.07,262144,,
Qwen 3.6 35B-A3B,35,M3 Ultra 96GB,mac,96,16bit,8192,F16,tight,81.44,14.56,0,,
Qwen 3.6 35B-A3B,35,M3 Ultra 256GB,mac,256,4bit,8192,F16,yes,26.68,229.32,262144,,
Qwen 3.6 35B-A3B,35,M3 Ultra 256GB,mac,256,8bit,8192,F16,yes,44.93,211.07,262144,,
Qwen 3.6 35B-A3B,35,M3 Ultra 256GB,mac,256,16bit,8192,F16,yes,81.44,174.56,262144,,
Qwen 3.6 35B-A3B,35,M3 Ultra 512GB,mac,512,4bit,8192,F16,yes,26.68,485.32,262144,,
Qwen 3.6 35B-A3B,35,M3 Ultra 512GB,mac,512,8bit,8192,F16,yes,44.93,467.07,262144,,
Qwen 3.6 35B-A3B,35,M3 Ultra 512GB,mac,512,16bit,8192,F16,yes,81.44,430.56,262144,,
Qwen 3.6 35B-A3B,35,M2 8GB,mac,8,4bit,8192,F16,no,27.68,-19.68,0,,
Qwen 3.6 35B-A3B,35,M2 8GB,mac,8,8bit,8192,F16,no,45.93,-37.93,0,,
Qwen 3.6 35B-A3B,35,M2 8GB,mac,8,16bit,8192,F16,no,82.44,-74.44,0,,
Qwen 3.6 35B-A3B,35,M2 16GB,mac,16,4bit,8192,F16,no,27.68,-11.68,0,,
Qwen 3.6 35B-A3B,35,M2 16GB,mac,16,8bit,8192,F16,no,45.93,-29.93,0,,
Qwen 3.6 35B-A3B,35,M2 16GB,mac,16,16bit,8192,F16,no,82.44,-66.44,0,,
Qwen 3.6 35B-A3B,35,M2 24GB,mac,24,4bit,8192,F16,no,27.68,-3.68,0,,
Qwen 3.6 35B-A3B,35,M2 24GB,mac,24,8bit,8192,F16,no,45.93,-21.93,0,,
Qwen 3.6 35B-A3B,35,M2 24GB,mac,24,16bit,8192,F16,no,82.44,-58.44,0,,
Qwen 3.6 35B-A3B,35,M2 Pro 16GB,mac,16,4bit,8192,F16,no,27.68,-11.68,0,,
Qwen 3.6 35B-A3B,35,M2 Pro 16GB,mac,16,8bit,8192,F16,no,45.93,-29.93,0,,
Qwen 3.6 35B-A3B,35,M2 Pro 16GB,mac,16,16bit,8192,F16,no,82.44,-66.44,0,,
Qwen 3.6 35B-A3B,35,M2 Pro 32GB,mac,32,4bit,8192,F16,tight,27.18,4.82,0,,
Qwen 3.6 35B-A3B,35,M2 Pro 32GB,mac,32,8bit,8192,F16,no,45.43,-13.43,0,,
Qwen 3.6 35B-A3B,35,M2 Pro 32GB,mac,32,16bit,8192,F16,no,81.94,-49.94,0,,
Qwen 3.6 35B-A3B,35,M2 Max 32GB,mac,32,4bit,8192,F16,tight,27.18,4.82,0,,
Qwen 3.6 35B-A3B,35,M2 Max 32GB,mac,32,8bit,8192,F16,no,45.43,-13.43,0,,
Qwen 3.6 35B-A3B,35,M2 Max 32GB,mac,32,16bit,8192,F16,no,81.94,-49.94,0,,
Qwen 3.6 35B-A3B,35,M2 Max 64GB,mac,64,4bit,8192,F16,yes,26.68,37.32,262144,,
Qwen 3.6 35B-A3B,35,M2 Max 64GB,mac,64,8bit,8192,F16,yes,44.93,19.07,128857,,
Qwen 3.6 35B-A3B,35,M2 Max 64GB,mac,64,16bit,8192,F16,no,81.44,-17.44,0,,
Qwen 3.6 35B-A3B,35,M2 Max 96GB,mac,96,4bit,8192,F16,yes,26.68,69.32,262144,,
Qwen 3.6 35B-A3B,35,M2 Max 96GB,mac,96,8bit,8192,F16,yes,44.93,51.07,262144,,
Qwen 3.6 35B-A3B,35,M2 Max 96GB,mac,96,16bit,8192,F16,tight,81.44,14.56,0,,
Qwen 3.6 35B-A3B,35,M2 Ultra 64GB,mac,64,4bit,8192,F16,yes,26.68,37.32,262144,,
Qwen 3.6 35B-A3B,35,M2 Ultra 64GB,mac,64,8bit,8192,F16,yes,44.93,19.07,128857,,
Qwen 3.6 35B-A3B,35,M2 Ultra 64GB,mac,64,16bit,8192,F16,no,81.44,-17.44,0,,
Qwen 3.6 35B-A3B,35,M2 Ultra 128GB,mac,128,4bit,8192,F16,yes,26.68,101.32,262144,,
Qwen 3.6 35B-A3B,35,M2 Ultra 128GB,mac,128,8bit,8192,F16,yes,44.93,83.07,262144,,
Qwen 3.6 35B-A3B,35,M2 Ultra 128GB,mac,128,16bit,8192,F16,yes,81.44,46.56,262144,,
Qwen 3.6 35B-A3B,35,M2 Ultra 192GB,mac,192,4bit,8192,F16,yes,26.68,165.32,262144,,
Qwen 3.6 35B-A3B,35,M2 Ultra 192GB,mac,192,8bit,8192,F16,yes,44.93,147.07,262144,,
Qwen 3.6 35B-A3B,35,M2 Ultra 192GB,mac,192,16bit,8192,F16,yes,81.44,110.56,262144,,
Qwen 3.6 35B-A3B,35,M1 8GB,mac,8,4bit,8192,F16,no,27.68,-19.68,0,,
Qwen 3.6 35B-A3B,35,M1 8GB,mac,8,8bit,8192,F16,no,45.93,-37.93,0,,
Qwen 3.6 35B-A3B,35,M1 8GB,mac,8,16bit,8192,F16,no,82.44,-74.44,0,,
Qwen 3.6 35B-A3B,35,M1 16GB,mac,16,4bit,8192,F16,no,27.68,-11.68,0,,
Qwen 3.6 35B-A3B,35,M1 16GB,mac,16,8bit,8192,F16,no,45.93,-29.93,0,,
Qwen 3.6 35B-A3B,35,M1 16GB,mac,16,16bit,8192,F16,no,82.44,-66.44,0,,
Qwen 3.6 35B-A3B,35,M1 Pro 16GB,mac,16,4bit,8192,F16,no,27.68,-11.68,0,,
Qwen 3.6 35B-A3B,35,M1 Pro 16GB,mac,16,8bit,8192,F16,no,45.93,-29.93,0,,
Qwen 3.6 35B-A3B,35,M1 Pro 16GB,mac,16,16bit,8192,F16,no,82.44,-66.44,0,,
Qwen 3.6 35B-A3B,35,M1 Pro 32GB,mac,32,4bit,8192,F16,tight,27.18,4.82,0,,
Qwen 3.6 35B-A3B,35,M1 Pro 32GB,mac,32,8bit,8192,F16,no,45.43,-13.43,0,,
Qwen 3.6 35B-A3B,35,M1 Pro 32GB,mac,32,16bit,8192,F16,no,81.94,-49.94,0,,
Qwen 3.6 35B-A3B,35,M1 Max 32GB,mac,32,4bit,8192,F16,tight,27.18,4.82,0,,
Qwen 3.6 35B-A3B,35,M1 Max 32GB,mac,32,8bit,8192,F16,no,45.43,-13.43,0,,
Qwen 3.6 35B-A3B,35,M1 Max 32GB,mac,32,16bit,8192,F16,no,81.94,-49.94,0,,
Qwen 3.6 35B-A3B,35,M1 Max 64GB,mac,64,4bit,8192,F16,yes,26.68,37.32,262144,,
Qwen 3.6 35B-A3B,35,M1 Max 64GB,mac,64,8bit,8192,F16,yes,44.93,19.07,128857,,
Qwen 3.6 35B-A3B,35,M1 Max 64GB,mac,64,16bit,8192,F16,no,81.44,-17.44,0,,
Qwen 3.6 35B-A3B,35,M1 Ultra 64GB,mac,64,4bit,8192,F16,yes,26.68,37.32,262144,,
Qwen 3.6 35B-A3B,35,M1 Ultra 64GB,mac,64,8bit,8192,F16,yes,44.93,19.07,128857,,
Qwen 3.6 35B-A3B,35,M1 Ultra 64GB,mac,64,16bit,8192,F16,no,81.44,-17.44,0,,
Qwen 3.6 35B-A3B,35,M1 Ultra 128GB,mac,128,4bit,8192,F16,yes,26.68,101.32,262144,,
Qwen 3.6 35B-A3B,35,M1 Ultra 128GB,mac,128,8bit,8192,F16,yes,44.93,83.07,262144,,
Qwen 3.6 35B-A3B,35,M1 Ultra 128GB,mac,128,16bit,8192,F16,yes,81.44,46.56,262144,,
Qwen-AgentWorld-35B-A3B,34.7,RTX 5090,gpu,32,Q4_K_M,8192,F16,yes,24.57,7.43,120458,,
Qwen-AgentWorld-35B-A3B,34.7,RTX 5090,gpu,32,Q5_K_M,8192,F16,yes,28.23,3.77,49963,,
Qwen-AgentWorld-35B-A3B,34.7,RTX 5090,gpu,32,Q6_K,8192,F16,no,32.12,-0.12,0,,
Qwen-AgentWorld-35B-A3B,34.7,RTX 5090,gpu,32,Q8_0,8192,F16,no,40.89,-8.89,0,,
Qwen-AgentWorld-35B-A3B,34.7,RTX 5090,gpu,32,FP16,8192,F16,no,74.82,-42.82,0,,
Qwen-AgentWorld-35B-A3B,34.7,RTX 5080,gpu,16,Q4_K_M,8192,F16,no,24.57,-8.57,0,,
Qwen-AgentWorld-35B-A3B,34.7,RTX 5080,gpu,16,Q5_K_M,8192,F16,no,28.23,-12.23,0,,
Qwen-AgentWorld-35B-A3B,34.7,RTX 5080,gpu,16,Q6_K,8192,F16,no,32.12,-16.12,0,,
Qwen-AgentWorld-35B-A3B,34.7,RTX 5080,gpu,16,Q8_0,8192,F16,no,40.89,-24.89,0,,
Qwen-AgentWorld-35B-A3B,34.7,RTX 5080,gpu,16,FP16,8192,F16,no,74.82,-58.82,0,,
Qwen-AgentWorld-35B-A3B,34.7,RTX 5070 Ti,gpu,16,Q4_K_M,8192,F16,no,24.57,-8.57,0,,
Qwen-AgentWorld-35B-A3B,34.7,RTX 5070 Ti,gpu,16,Q5_K_M,8192,F16,no,28.23,-12.23,0,,
Qwen-AgentWorld-35B-A3B,34.7,RTX 5070 Ti,gpu,16,Q6_K,8192,F16,no,32.12,-16.12,0,,
Qwen-AgentWorld-35B-A3B,34.7,RTX 5070 Ti,gpu,16,Q8_0,8192,F16,no,40.89,-24.89,0,,
Qwen-AgentWorld-35B-A3B,34.7,RTX 5070 Ti,gpu,16,FP16,8192,F16,no,74.82,-58.82,0,,
Qwen-AgentWorld-35B-A3B,34.7,RTX 5070,gpu,12,Q4_K_M,8192,F16,no,24.57,-12.57,0,,
Qwen-AgentWorld-35B-A3B,34.7,RTX 5070,gpu,12,Q5_K_M,8192,F16,no,28.23,-16.23,0,,
Qwen-AgentWorld-35B-A3B,34.7,RTX 5070,gpu,12,Q6_K,8192,F16,no,32.12,-20.12,0,,
Qwen-AgentWorld-35B-A3B,34.7,RTX 5070,gpu,12,Q8_0,8192,F16,no,40.89,-28.89,0,,
Qwen-AgentWorld-35B-A3B,34.7,RTX 5070,gpu,12,FP16,8192,F16,no,74.82,-62.82,0,,
Qwen-AgentWorld-35B-A3B,34.7,RTX 4090,gpu,24,Q4_K_M,8192,F16,no,24.57,-0.57,0,,
Qwen-AgentWorld-35B-A3B,34.7,RTX 4090,gpu,24,Q5_K_M,8192,F16,no,28.23,-4.23,0,,
Qwen-AgentWorld-35B-A3B,34.7,RTX 4090,gpu,24,Q6_K,8192,F16,no,32.12,-8.12,0,,
Qwen-AgentWorld-35B-A3B,34.7,RTX 4090,gpu,24,Q8_0,8192,F16,no,40.89,-16.89,0,,
Qwen-AgentWorld-35B-A3B,34.7,RTX 4090,gpu,24,FP16,8192,F16,no,74.82,-50.82,0,,
Qwen-AgentWorld-35B-A3B,34.7,RTX 4080 SUPER,gpu,16,Q4_K_M,8192,F16,no,24.57,-8.57,0,,
Qwen-AgentWorld-35B-A3B,34.7,RTX 4080 SUPER,gpu,16,Q5_K_M,8192,F16,no,28.23,-12.23,0,,
Qwen-AgentWorld-35B-A3B,34.7,RTX 4080 SUPER,gpu,16,Q6_K,8192,F16,no,32.12,-16.12,0,,
Qwen-AgentWorld-35B-A3B,34.7,RTX 4080 SUPER,gpu,16,Q8_0,8192,F16,no,40.89,-24.89,0,,
Qwen-AgentWorld-35B-A3B,34.7,RTX 4080 SUPER,gpu,16,FP16,8192,F16,no,74.82,-58.82,0,,
Qwen-AgentWorld-35B-A3B,34.7,RTX 4070 Ti SUPER,gpu,16,Q4_K_M,8192,F16,no,24.57,-8.57,0,,
Qwen-AgentWorld-35B-A3B,34.7,RTX 4070 Ti SUPER,gpu,16,Q5_K_M,8192,F16,no,28.23,-12.23,0,,
Qwen-AgentWorld-35B-A3B,34.7,RTX 4070 Ti SUPER,gpu,16,Q6_K,8192,F16,no,32.12,-16.12,0,,
Qwen-AgentWorld-35B-A3B,34.7,RTX 4070 Ti SUPER,gpu,16,Q8_0,8192,F16,no,40.89,-24.89,0,,
Qwen-AgentWorld-35B-A3B,34.7,RTX 4070 Ti SUPER,gpu,16,FP16,8192,F16,no,74.82,-58.82,0,,
Qwen-AgentWorld-35B-A3B,34.7,RTX 4070,gpu,12,Q4_K_M,8192,F16,no,24.57,-12.57,0,,
Qwen-AgentWorld-35B-A3B,34.7,RTX 4070,gpu,12,Q5_K_M,8192,F16,no,28.23,-16.23,0,,
Qwen-AgentWorld-35B-A3B,34.7,RTX 4070,gpu,12,Q6_K,8192,F16,no,32.12,-20.12,0,,
Qwen-AgentWorld-35B-A3B,34.7,RTX 4070,gpu,12,Q8_0,8192,F16,no,40.89,-28.89,0,,
Qwen-AgentWorld-35B-A3B,34.7,RTX 4070,gpu,12,FP16,8192,F16,no,74.82,-62.82,0,,
Qwen-AgentWorld-35B-A3B,34.7,RTX 4060 Ti 16GB,gpu,16,Q4_K_M,8192,F16,no,24.57,-8.57,0,,
Qwen-AgentWorld-35B-A3B,34.7,RTX 4060 Ti 16GB,gpu,16,Q5_K_M,8192,F16,no,28.23,-12.23,0,,
Qwen-AgentWorld-35B-A3B,34.7,RTX 4060 Ti 16GB,gpu,16,Q6_K,8192,F16,no,32.12,-16.12,0,,
Qwen-AgentWorld-35B-A3B,34.7,RTX 4060 Ti 16GB,gpu,16,Q8_0,8192,F16,no,40.89,-24.89,0,,
Qwen-AgentWorld-35B-A3B,34.7,RTX 4060 Ti 16GB,gpu,16,FP16,8192,F16,no,74.82,-58.82,0,,
Qwen-AgentWorld-35B-A3B,34.7,RTX 3090,gpu,24,Q4_K_M,8192,F16,no,24.57,-0.57,0,,
Qwen-AgentWorld-35B-A3B,34.7,RTX 3090,gpu,24,Q5_K_M,8192,F16,no,28.23,-4.23,0,,
Qwen-AgentWorld-35B-A3B,34.7,RTX 3090,gpu,24,Q6_K,8192,F16,no,32.12,-8.12,0,,
Qwen-AgentWorld-35B-A3B,34.7,RTX 3090,gpu,24,Q8_0,8192,F16,no,40.89,-16.89,0,,
Qwen-AgentWorld-35B-A3B,34.7,RTX 3090,gpu,24,FP16,8192,F16,no,74.82,-50.82,0,,
Qwen-AgentWorld-35B-A3B,34.7,RTX 3090 Ti,gpu,24,Q4_K_M,8192,F16,no,24.57,-0.57,0,,
Qwen-AgentWorld-35B-A3B,34.7,RTX 3090 Ti,gpu,24,Q5_K_M,8192,F16,no,28.23,-4.23,0,,
Qwen-AgentWorld-35B-A3B,34.7,RTX 3090 Ti,gpu,24,Q6_K,8192,F16,no,32.12,-8.12,0,,
Qwen-AgentWorld-35B-A3B,34.7,RTX 3090 Ti,gpu,24,Q8_0,8192,F16,no,40.89,-16.89,0,,
Qwen-AgentWorld-35B-A3B,34.7,RTX 3090 Ti,gpu,24,FP16,8192,F16,no,74.82,-50.82,0,,
Qwen-AgentWorld-35B-A3B,34.7,RTX 3080 10GB,gpu,10,Q4_K_M,8192,F16,no,24.57,-14.57,0,,
Qwen-AgentWorld-35B-A3B,34.7,RTX 3080 10GB,gpu,10,Q5_K_M,8192,F16,no,28.23,-18.23,0,,
Qwen-AgentWorld-35B-A3B,34.7,RTX 3080 10GB,gpu,10,Q6_K,8192,F16,no,32.12,-22.12,0,,
Qwen-AgentWorld-35B-A3B,34.7,RTX 3080 10GB,gpu,10,Q8_0,8192,F16,no,40.89,-30.89,0,,
Qwen-AgentWorld-35B-A3B,34.7,RTX 3080 10GB,gpu,10,FP16,8192,F16,no,74.82,-64.82,0,,
Qwen-AgentWorld-35B-A3B,34.7,RTX 3080 12GB,gpu,12,Q4_K_M,8192,F16,no,24.57,-12.57,0,,
Qwen-AgentWorld-35B-A3B,34.7,RTX 3080 12GB,gpu,12,Q5_K_M,8192,F16,no,28.23,-16.23,0,,
Qwen-AgentWorld-35B-A3B,34.7,RTX 3080 12GB,gpu,12,Q6_K,8192,F16,no,32.12,-20.12,0,,
Qwen-AgentWorld-35B-A3B,34.7,RTX 3080 12GB,gpu,12,Q8_0,8192,F16,no,40.89,-28.89,0,,
Qwen-AgentWorld-35B-A3B,34.7,RTX 3080 12GB,gpu,12,FP16,8192,F16,no,74.82,-62.82,0,,
Qwen-AgentWorld-35B-A3B,34.7,RTX 3060 12GB,gpu,12,Q4_K_M,8192,F16,no,24.57,-12.57,0,,
Qwen-AgentWorld-35B-A3B,34.7,RTX 3060 12GB,gpu,12,Q5_K_M,8192,F16,no,28.23,-16.23,0,,
Qwen-AgentWorld-35B-A3B,34.7,RTX 3060 12GB,gpu,12,Q6_K,8192,F16,no,32.12,-20.12,0,,
Qwen-AgentWorld-35B-A3B,34.7,RTX 3060 12GB,gpu,12,Q8_0,8192,F16,no,40.89,-28.89,0,,
Qwen-AgentWorld-35B-A3B,34.7,RTX 3060 12GB,gpu,12,FP16,8192,F16,no,74.82,-62.82,0,,
Qwen-AgentWorld-35B-A3B,34.7,RTX 5060 Ti 16GB,gpu,16,Q4_K_M,8192,F16,no,24.57,-8.57,0,,
Qwen-AgentWorld-35B-A3B,34.7,RTX 5060 Ti 16GB,gpu,16,Q5_K_M,8192,F16,no,28.23,-12.23,0,,
Qwen-AgentWorld-35B-A3B,34.7,RTX 5060 Ti 16GB,gpu,16,Q6_K,8192,F16,no,32.12,-16.12,0,,
Qwen-AgentWorld-35B-A3B,34.7,RTX 5060 Ti 16GB,gpu,16,Q8_0,8192,F16,no,40.89,-24.89,0,,
Qwen-AgentWorld-35B-A3B,34.7,RTX 5060 Ti 16GB,gpu,16,FP16,8192,F16,no,74.82,-58.82,0,,
Qwen-AgentWorld-35B-A3B,34.7,RTX 4070 Ti,gpu,12,Q4_K_M,8192,F16,no,24.57,-12.57,0,,
Qwen-AgentWorld-35B-A3B,34.7,RTX 4070 Ti,gpu,12,Q5_K_M,8192,F16,no,28.23,-16.23,0,,
Qwen-AgentWorld-35B-A3B,34.7,RTX 4070 Ti,gpu,12,Q6_K,8192,F16,no,32.12,-20.12,0,,
Qwen-AgentWorld-35B-A3B,34.7,RTX 4070 Ti,gpu,12,Q8_0,8192,F16,no,40.89,-28.89,0,,
Qwen-AgentWorld-35B-A3B,34.7,RTX 4070 Ti,gpu,12,FP16,8192,F16,no,74.82,-62.82,0,,
Qwen-AgentWorld-35B-A3B,34.7,RTX 4080,gpu,16,Q4_K_M,8192,F16,no,24.57,-8.57,0,,
Qwen-AgentWorld-35B-A3B,34.7,RTX 4080,gpu,16,Q5_K_M,8192,F16,no,28.23,-12.23,0,,
Qwen-AgentWorld-35B-A3B,34.7,RTX 4080,gpu,16,Q6_K,8192,F16,no,32.12,-16.12,0,,
Qwen-AgentWorld-35B-A3B,34.7,RTX 4080,gpu,16,Q8_0,8192,F16,no,40.89,-24.89,0,,
Qwen-AgentWorld-35B-A3B,34.7,RTX 4080,gpu,16,FP16,8192,F16,no,74.82,-58.82,0,,
Qwen-AgentWorld-35B-A3B,34.7,RTX 4060 Ti 8GB,gpu,8,Q4_K_M,8192,F16,no,24.57,-16.57,0,,
Qwen-AgentWorld-35B-A3B,34.7,RTX 4060 Ti 8GB,gpu,8,Q5_K_M,8192,F16,no,28.23,-20.23,0,,
Qwen-AgentWorld-35B-A3B,34.7,RTX 4060 Ti 8GB,gpu,8,Q6_K,8192,F16,no,32.12,-24.12,0,,
Qwen-AgentWorld-35B-A3B,34.7,RTX 4060 Ti 8GB,gpu,8,Q8_0,8192,F16,no,40.89,-32.89,0,,
Qwen-AgentWorld-35B-A3B,34.7,RTX 4060 Ti 8GB,gpu,8,FP16,8192,F16,no,74.82,-66.82,0,,
Qwen-AgentWorld-35B-A3B,34.7,RTX 3060 8GB,gpu,8,Q4_K_M,8192,F16,no,24.57,-16.57,0,,
Qwen-AgentWorld-35B-A3B,34.7,RTX 3060 8GB,gpu,8,Q5_K_M,8192,F16,no,28.23,-20.23,0,,
Qwen-AgentWorld-35B-A3B,34.7,RTX 3060 8GB,gpu,8,Q6_K,8192,F16,no,32.12,-24.12,0,,
Qwen-AgentWorld-35B-A3B,34.7,RTX 3060 8GB,gpu,8,Q8_0,8192,F16,no,40.89,-32.89,0,,
Qwen-AgentWorld-35B-A3B,34.7,RTX 3060 8GB,gpu,8,FP16,8192,F16,no,74.82,-66.82,0,,
Qwen-AgentWorld-35B-A3B,34.7,RTX 2080 Ti,gpu,11,Q4_K_M,8192,F16,no,24.57,-13.57,0,,
Qwen-AgentWorld-35B-A3B,34.7,RTX 2080 Ti,gpu,11,Q5_K_M,8192,F16,no,28.23,-17.23,0,,
Qwen-AgentWorld-35B-A3B,34.7,RTX 2080 Ti,gpu,11,Q6_K,8192,F16,no,32.12,-21.12,0,,
Qwen-AgentWorld-35B-A3B,34.7,RTX 2080 Ti,gpu,11,Q8_0,8192,F16,no,40.89,-29.89,0,,
Qwen-AgentWorld-35B-A3B,34.7,RTX 2080 Ti,gpu,11,FP16,8192,F16,no,74.82,-63.82,0,,
Qwen-AgentWorld-35B-A3B,34.7,RTX 6000 Ada,gpu,48,Q4_K_M,8192,F16,yes,24.57,23.43,262144,,
Qwen-AgentWorld-35B-A3B,34.7,RTX 6000 Ada,gpu,48,Q5_K_M,8192,F16,yes,28.23,19.77,262144,,
Qwen-AgentWorld-35B-A3B,34.7,RTX 6000 Ada,gpu,48,Q6_K,8192,F16,yes,32.12,15.88,262144,,
Qwen-AgentWorld-35B-A3B,34.7,RTX 6000 Ada,gpu,48,Q8_0,8192,F16,yes,40.89,7.11,98956,,
Qwen-AgentWorld-35B-A3B,34.7,RTX 6000 Ada,gpu,48,FP16,8192,F16,no,74.82,-26.82,0,,
Qwen-AgentWorld-35B-A3B,34.7,RTX PRO 6000 Blackwell,gpu,96,Q4_K_M,8192,F16,yes,24.57,71.43,262144,,
Qwen-AgentWorld-35B-A3B,34.7,RTX PRO 6000 Blackwell,gpu,96,Q5_K_M,8192,F16,yes,28.23,67.77,262144,,
Qwen-AgentWorld-35B-A3B,34.7,RTX PRO 6000 Blackwell,gpu,96,Q6_K,8192,F16,yes,32.12,63.88,262144,,
Qwen-AgentWorld-35B-A3B,34.7,RTX PRO 6000 Blackwell,gpu,96,Q8_0,8192,F16,yes,40.89,55.11,262144,,
Qwen-AgentWorld-35B-A3B,34.7,RTX PRO 6000 Blackwell,gpu,96,FP16,8192,F16,yes,74.82,21.18,262144,,
Qwen-AgentWorld-35B-A3B,34.7,RX 7900 XTX,gpu,24,Q4_K_M,8192,F16,no,24.57,-0.57,0,,
Qwen-AgentWorld-35B-A3B,34.7,RX 7900 XTX,gpu,24,Q5_K_M,8192,F16,no,28.23,-4.23,0,,
Qwen-AgentWorld-35B-A3B,34.7,RX 7900 XTX,gpu,24,Q6_K,8192,F16,no,32.12,-8.12,0,,
Qwen-AgentWorld-35B-A3B,34.7,RX 7900 XTX,gpu,24,Q8_0,8192,F16,no,40.89,-16.89,0,,
Qwen-AgentWorld-35B-A3B,34.7,RX 7900 XTX,gpu,24,FP16,8192,F16,no,74.82,-50.82,0,,
Qwen-AgentWorld-35B-A3B,34.7,RX 7900 XT,gpu,20,Q4_K_M,8192,F16,no,24.57,-4.57,0,,
Qwen-AgentWorld-35B-A3B,34.7,RX 7900 XT,gpu,20,Q5_K_M,8192,F16,no,28.23,-8.23,0,,
Qwen-AgentWorld-35B-A3B,34.7,RX 7900 XT,gpu,20,Q6_K,8192,F16,no,32.12,-12.12,0,,
Qwen-AgentWorld-35B-A3B,34.7,RX 7900 XT,gpu,20,Q8_0,8192,F16,no,40.89,-20.89,0,,
Qwen-AgentWorld-35B-A3B,34.7,RX 7900 XT,gpu,20,FP16,8192,F16,no,74.82,-54.82,0,,
Qwen-AgentWorld-35B-A3B,34.7,RX 7800 XT,gpu,16,Q4_K_M,8192,F16,no,24.57,-8.57,0,,
Qwen-AgentWorld-35B-A3B,34.7,RX 7800 XT,gpu,16,Q5_K_M,8192,F16,no,28.23,-12.23,0,,
Qwen-AgentWorld-35B-A3B,34.7,RX 7800 XT,gpu,16,Q6_K,8192,F16,no,32.12,-16.12,0,,
Qwen-AgentWorld-35B-A3B,34.7,RX 7800 XT,gpu,16,Q8_0,8192,F16,no,40.89,-24.89,0,,
Qwen-AgentWorld-35B-A3B,34.7,RX 7800 XT,gpu,16,FP16,8192,F16,no,74.82,-58.82,0,,
Qwen-AgentWorld-35B-A3B,34.7,RX 9070 XT,gpu,16,Q4_K_M,8192,F16,no,24.57,-8.57,0,,
Qwen-AgentWorld-35B-A3B,34.7,RX 9070 XT,gpu,16,Q5_K_M,8192,F16,no,28.23,-12.23,0,,
Qwen-AgentWorld-35B-A3B,34.7,RX 9070 XT,gpu,16,Q6_K,8192,F16,no,32.12,-16.12,0,,
Qwen-AgentWorld-35B-A3B,34.7,RX 9070 XT,gpu,16,Q8_0,8192,F16,no,40.89,-24.89,0,,
Qwen-AgentWorld-35B-A3B,34.7,RX 9070 XT,gpu,16,FP16,8192,F16,no,74.82,-58.82,0,,
Qwen-AgentWorld-35B-A3B,34.7,RX 9070,gpu,16,Q4_K_M,8192,F16,no,24.57,-8.57,0,,
Qwen-AgentWorld-35B-A3B,34.7,RX 9070,gpu,16,Q5_K_M,8192,F16,no,28.23,-12.23,0,,
Qwen-AgentWorld-35B-A3B,34.7,RX 9070,gpu,16,Q6_K,8192,F16,no,32.12,-16.12,0,,
Qwen-AgentWorld-35B-A3B,34.7,RX 9070,gpu,16,Q8_0,8192,F16,no,40.89,-24.89,0,,
Qwen-AgentWorld-35B-A3B,34.7,RX 9070,gpu,16,FP16,8192,F16,no,74.82,-58.82,0,,
Qwen-AgentWorld-35B-A3B,34.7,Radeon PRO W7900,gpu,48,Q4_K_M,8192,F16,yes,24.57,23.43,262144,,
Qwen-AgentWorld-35B-A3B,34.7,Radeon PRO W7900,gpu,48,Q5_K_M,8192,F16,yes,28.23,19.77,262144,,
Qwen-AgentWorld-35B-A3B,34.7,Radeon PRO W7900,gpu,48,Q6_K,8192,F16,yes,32.12,15.88,262144,,
Qwen-AgentWorld-35B-A3B,34.7,Radeon PRO W7900,gpu,48,Q8_0,8192,F16,yes,40.89,7.11,98956,,
Qwen-AgentWorld-35B-A3B,34.7,Radeon PRO W7900,gpu,48,FP16,8192,F16,no,74.82,-26.82,0,,
Qwen-AgentWorld-35B-A3B,34.7,2× RTX 3090,gpu,48,Q4_K_M,8192,F16,yes,26.57,21.43,262144,,
Qwen-AgentWorld-35B-A3B,34.7,2× RTX 3090,gpu,48,Q5_K_M,8192,F16,yes,30.23,17.77,262144,,
Qwen-AgentWorld-35B-A3B,34.7,2× RTX 3090,gpu,48,Q6_K,8192,F16,yes,34.12,13.88,229235,,
Qwen-AgentWorld-35B-A3B,34.7,2× RTX 3090,gpu,48,Q8_0,8192,F16,yes,42.89,5.11,60446,,
Qwen-AgentWorld-35B-A3B,34.7,2× RTX 3090,gpu,48,FP16,8192,F16,no,76.82,-28.82,0,,
Qwen-AgentWorld-35B-A3B,34.7,2× RTX 4090,gpu,48,Q4_K_M,8192,F16,yes,26.57,21.43,262144,,
Qwen-AgentWorld-35B-A3B,34.7,2× RTX 4090,gpu,48,Q5_K_M,8192,F16,yes,30.23,17.77,262144,,
Qwen-AgentWorld-35B-A3B,34.7,2× RTX 4090,gpu,48,Q6_K,8192,F16,yes,34.12,13.88,229235,,
Qwen-AgentWorld-35B-A3B,34.7,2× RTX 4090,gpu,48,Q8_0,8192,F16,yes,42.89,5.11,60446,,
Qwen-AgentWorld-35B-A3B,34.7,2× RTX 4090,gpu,48,FP16,8192,F16,no,76.82,-28.82,0,,
Qwen-AgentWorld-35B-A3B,34.7,4× RTX 3090,gpu,96,Q4_K_M,8192,F16,yes,30.57,65.43,262144,,
Qwen-AgentWorld-35B-A3B,34.7,4× RTX 3090,gpu,96,Q5_K_M,8192,F16,yes,34.23,61.77,262144,,
Qwen-AgentWorld-35B-A3B,34.7,4× RTX 3090,gpu,96,Q6_K,8192,F16,yes,38.12,57.88,262144,,
Qwen-AgentWorld-35B-A3B,34.7,4× RTX 3090,gpu,96,Q8_0,8192,F16,yes,46.89,49.11,262144,,
Qwen-AgentWorld-35B-A3B,34.7,4× RTX 3090,gpu,96,FP16,8192,F16,yes,80.82,15.18,208106,,
Qwen-AgentWorld-35B-A3B,34.7,A100 40GB,gpu,40,Q4_K_M,8192,F16,yes,24.57,15.43,262144,,
Qwen-AgentWorld-35B-A3B,34.7,A100 40GB,gpu,40,Q5_K_M,8192,F16,yes,28.23,11.77,196301,,
Qwen-AgentWorld-35B-A3B,34.7,A100 40GB,gpu,40,Q6_K,8192,F16,yes,32.12,7.88,121407,,
Qwen-AgentWorld-35B-A3B,34.7,A100 40GB,gpu,40,Q8_0,8192,F16,no,40.89,-0.89,0,,
Qwen-AgentWorld-35B-A3B,34.7,A100 40GB,gpu,40,FP16,8192,F16,no,74.82,-34.82,0,,
Qwen-AgentWorld-35B-A3B,34.7,A100 80GB,gpu,80,Q4_K_M,8192,F16,yes,24.57,55.43,262144,,
Qwen-AgentWorld-35B-A3B,34.7,A100 80GB,gpu,80,Q5_K_M,8192,F16,yes,28.23,51.77,262144,,
Qwen-AgentWorld-35B-A3B,34.7,A100 80GB,gpu,80,Q6_K,8192,F16,yes,32.12,47.88,262144,,
Qwen-AgentWorld-35B-A3B,34.7,A100 80GB,gpu,80,Q8_0,8192,F16,yes,40.89,39.11,262144,,
Qwen-AgentWorld-35B-A3B,34.7,A100 80GB,gpu,80,FP16,8192,F16,yes,74.82,5.18,30960,,
Qwen-AgentWorld-35B-A3B,34.7,H100 80GB,gpu,80,Q4_K_M,8192,F16,yes,24.57,55.43,262144,,
Qwen-AgentWorld-35B-A3B,34.7,H100 80GB,gpu,80,Q5_K_M,8192,F16,yes,28.23,51.77,262144,,
Qwen-AgentWorld-35B-A3B,34.7,H100 80GB,gpu,80,Q6_K,8192,F16,yes,32.12,47.88,262144,,
Qwen-AgentWorld-35B-A3B,34.7,H100 80GB,gpu,80,Q8_0,8192,F16,yes,40.89,39.11,262144,,
Qwen-AgentWorld-35B-A3B,34.7,H100 80GB,gpu,80,FP16,8192,F16,yes,74.82,5.18,30960,,
Qwen-AgentWorld-35B-A3B,34.7,H200 141GB,gpu,141,Q4_K_M,8192,F16,yes,24.57,116.43,262144,,
Qwen-AgentWorld-35B-A3B,34.7,H200 141GB,gpu,141,Q5_K_M,8192,F16,yes,28.23,112.77,262144,,
Qwen-AgentWorld-35B-A3B,34.7,H200 141GB,gpu,141,Q6_K,8192,F16,yes,32.12,108.88,262144,,
Qwen-AgentWorld-35B-A3B,34.7,H200 141GB,gpu,141,Q8_0,8192,F16,yes,40.89,100.11,262144,,
Qwen-AgentWorld-35B-A3B,34.7,H200 141GB,gpu,141,FP16,8192,F16,yes,74.82,66.18,262144,,
Qwen-AgentWorld-35B-A3B,34.7,B200,gpu,192,Q4_K_M,8192,F16,yes,24.57,167.43,262144,,
Qwen-AgentWorld-35B-A3B,34.7,B200,gpu,192,Q5_K_M,8192,F16,yes,28.23,163.77,262144,,
Qwen-AgentWorld-35B-A3B,34.7,B200,gpu,192,Q6_K,8192,F16,yes,32.12,159.88,262144,,
Qwen-AgentWorld-35B-A3B,34.7,B200,gpu,192,Q8_0,8192,F16,yes,40.89,151.11,262144,,
Qwen-AgentWorld-35B-A3B,34.7,B200,gpu,192,FP16,8192,F16,yes,74.82,117.18,262144,,
Qwen-AgentWorld-35B-A3B,34.7,M5 16GB,mac,16,4bit,8192,F16,no,27.52,-11.52,0,,
Qwen-AgentWorld-35B-A3B,34.7,M5 16GB,mac,16,8bit,8192,F16,no,45.62,-29.62,0,,
Qwen-AgentWorld-35B-A3B,34.7,M5 16GB,mac,16,16bit,8192,F16,no,81.82,-65.82,0,,
Qwen-AgentWorld-35B-A3B,34.7,M5 24GB,mac,24,4bit,8192,F16,no,27.52,-3.52,0,,
Qwen-AgentWorld-35B-A3B,34.7,M5 24GB,mac,24,8bit,8192,F16,no,45.62,-21.62,0,,
Qwen-AgentWorld-35B-A3B,34.7,M5 24GB,mac,24,16bit,8192,F16,no,81.82,-57.82,0,,
Qwen-AgentWorld-35B-A3B,34.7,M5 32GB,mac,32,4bit,8192,F16,tight,27.02,4.98,0,,
Qwen-AgentWorld-35B-A3B,34.7,M5 32GB,mac,32,8bit,8192,F16,no,45.12,-13.12,0,,
Qwen-AgentWorld-35B-A3B,34.7,M5 32GB,mac,32,16bit,8192,F16,no,81.32,-49.32,0,,
Qwen-AgentWorld-35B-A3B,34.7,M5 Pro 24GB,mac,24,4bit,8192,F16,no,27.52,-3.52,0,,
Qwen-AgentWorld-35B-A3B,34.7,M5 Pro 24GB,mac,24,8bit,8192,F16,no,45.62,-21.62,0,,
Qwen-AgentWorld-35B-A3B,34.7,M5 Pro 24GB,mac,24,16bit,8192,F16,no,81.82,-57.82,0,,
Qwen-AgentWorld-35B-A3B,34.7,M5 Pro 48GB,mac,48,4bit,8192,F16,yes,26.52,21.48,236885,,
Qwen-AgentWorld-35B-A3B,34.7,M5 Pro 48GB,mac,48,8bit,8192,F16,tight,44.62,3.38,0,,
Qwen-AgentWorld-35B-A3B,34.7,M5 Pro 48GB,mac,48,16bit,8192,F16,no,80.82,-32.82,0,,
Qwen-AgentWorld-35B-A3B,34.7,M5 Pro 64GB,mac,64,4bit,8192,F16,yes,26.52,37.48,262144,,
Qwen-AgentWorld-35B-A3B,34.7,M5 Pro 64GB,mac,64,8bit,8192,F16,yes,44.62,19.38,134882,,
Qwen-AgentWorld-35B-A3B,34.7,M5 Pro 64GB,mac,64,16bit,8192,F16,no,80.82,-16.82,0,,
Qwen-AgentWorld-35B-A3B,34.7,M5 Max 36GB,mac,36,4bit,8192,F16,yes,27.02,8.98,42409,,
Qwen-AgentWorld-35B-A3B,34.7,M5 Max 36GB,mac,36,8bit,8192,F16,no,45.12,-9.12,0,,
Qwen-AgentWorld-35B-A3B,34.7,M5 Max 36GB,mac,36,16bit,8192,F16,no,81.32,-45.32,0,,
Qwen-AgentWorld-35B-A3B,34.7,M5 Max 48GB,mac,48,4bit,8192,F16,yes,26.52,21.48,236885,,
Qwen-AgentWorld-35B-A3B,34.7,M5 Max 48GB,mac,48,8bit,8192,F16,tight,44.62,3.38,0,,
Qwen-AgentWorld-35B-A3B,34.7,M5 Max 48GB,mac,48,16bit,8192,F16,no,80.82,-32.82,0,,
Qwen-AgentWorld-35B-A3B,34.7,M5 Max 64GB,mac,64,4bit,8192,F16,yes,26.52,37.48,262144,,
Qwen-AgentWorld-35B-A3B,34.7,M5 Max 64GB,mac,64,8bit,8192,F16,yes,44.62,19.38,134882,,
Qwen-AgentWorld-35B-A3B,34.7,M5 Max 64GB,mac,64,16bit,8192,F16,no,80.82,-16.82,0,,
Qwen-AgentWorld-35B-A3B,34.7,M5 Max 128GB,mac,128,4bit,8192,F16,yes,26.52,101.48,262144,,
Qwen-AgentWorld-35B-A3B,34.7,M5 Max 128GB,mac,128,8bit,8192,F16,yes,44.62,83.38,262144,,
Qwen-AgentWorld-35B-A3B,34.7,M5 Max 128GB,mac,128,16bit,8192,F16,yes,80.82,47.18,262144,,
Qwen-AgentWorld-35B-A3B,34.7,M4 16GB,mac,16,4bit,8192,F16,no,27.52,-11.52,0,,
Qwen-AgentWorld-35B-A3B,34.7,M4 16GB,mac,16,8bit,8192,F16,no,45.62,-29.62,0,,
Qwen-AgentWorld-35B-A3B,34.7,M4 16GB,mac,16,16bit,8192,F16,no,81.82,-65.82,0,,
Qwen-AgentWorld-35B-A3B,34.7,M4 24GB,mac,24,4bit,8192,F16,no,27.52,-3.52,0,,
Qwen-AgentWorld-35B-A3B,34.7,M4 24GB,mac,24,8bit,8192,F16,no,45.62,-21.62,0,,
Qwen-AgentWorld-35B-A3B,34.7,M4 24GB,mac,24,16bit,8192,F16,no,81.82,-57.82,0,,
Qwen-AgentWorld-35B-A3B,34.7,M4 32GB,mac,32,4bit,8192,F16,tight,27.02,4.98,0,,
Qwen-AgentWorld-35B-A3B,34.7,M4 32GB,mac,32,8bit,8192,F16,no,45.12,-13.12,0,,
Qwen-AgentWorld-35B-A3B,34.7,M4 32GB,mac,32,16bit,8192,F16,no,81.32,-49.32,0,,
Qwen-AgentWorld-35B-A3B,34.7,M4 Pro 24GB,mac,24,4bit,8192,F16,no,27.52,-3.52,0,,
Qwen-AgentWorld-35B-A3B,34.7,M4 Pro 24GB,mac,24,8bit,8192,F16,no,45.62,-21.62,0,,
Qwen-AgentWorld-35B-A3B,34.7,M4 Pro 24GB,mac,24,16bit,8192,F16,no,81.82,-57.82,0,,
Qwen-AgentWorld-35B-A3B,34.7,M4 Pro 48GB,mac,48,4bit,8192,F16,yes,26.52,21.48,236885,,
Qwen-AgentWorld-35B-A3B,34.7,M4 Pro 48GB,mac,48,8bit,8192,F16,tight,44.62,3.38,0,,
Qwen-AgentWorld-35B-A3B,34.7,M4 Pro 48GB,mac,48,16bit,8192,F16,no,80.82,-32.82,0,,
Qwen-AgentWorld-35B-A3B,34.7,M4 Pro 64GB,mac,64,4bit,8192,F16,yes,26.52,37.48,262144,,
Qwen-AgentWorld-35B-A3B,34.7,M4 Pro 64GB,mac,64,8bit,8192,F16,yes,44.62,19.38,134882,,
Qwen-AgentWorld-35B-A3B,34.7,M4 Pro 64GB,mac,64,16bit,8192,F16,no,80.82,-16.82,0,,
Qwen-AgentWorld-35B-A3B,34.7,M4 Max 36GB,mac,36,4bit,8192,F16,yes,27.02,8.98,42409,,
Qwen-AgentWorld-35B-A3B,34.7,M4 Max 36GB,mac,36,8bit,8192,F16,no,45.12,-9.12,0,,
Qwen-AgentWorld-35B-A3B,34.7,M4 Max 36GB,mac,36,16bit,8192,F16,no,81.32,-45.32,0,,
Qwen-AgentWorld-35B-A3B,34.7,M4 Max 48GB,mac,48,4bit,8192,F16,yes,26.52,21.48,236885,,
Qwen-AgentWorld-35B-A3B,34.7,M4 Max 48GB,mac,48,8bit,8192,F16,tight,44.62,3.38,0,,
Qwen-AgentWorld-35B-A3B,34.7,M4 Max 48GB,mac,48,16bit,8192,F16,no,80.82,-32.82,0,,
Qwen-AgentWorld-35B-A3B,34.7,M4 Max 64GB,mac,64,4bit,8192,F16,yes,26.52,37.48,262144,,
Qwen-AgentWorld-35B-A3B,34.7,M4 Max 64GB,mac,64,8bit,8192,F16,yes,44.62,19.38,134882,,
Qwen-AgentWorld-35B-A3B,34.7,M4 Max 64GB,mac,64,16bit,8192,F16,no,80.82,-16.82,0,,
Qwen-AgentWorld-35B-A3B,34.7,M4 Max 128GB,mac,128,4bit,8192,F16,yes,26.52,101.48,262144,,
Qwen-AgentWorld-35B-A3B,34.7,M4 Max 128GB,mac,128,8bit,8192,F16,yes,44.62,83.38,262144,,
Qwen-AgentWorld-35B-A3B,34.7,M4 Max 128GB,mac,128,16bit,8192,F16,yes,80.82,47.18,262144,,
Qwen-AgentWorld-35B-A3B,34.7,M3 8GB,mac,8,4bit,8192,F16,no,27.52,-19.52,0,,
Qwen-AgentWorld-35B-A3B,34.7,M3 8GB,mac,8,8bit,8192,F16,no,45.62,-37.62,0,,
Qwen-AgentWorld-35B-A3B,34.7,M3 8GB,mac,8,16bit,8192,F16,no,81.82,-73.82,0,,
Qwen-AgentWorld-35B-A3B,34.7,M3 16GB,mac,16,4bit,8192,F16,no,27.52,-11.52,0,,
Qwen-AgentWorld-35B-A3B,34.7,M3 16GB,mac,16,8bit,8192,F16,no,45.62,-29.62,0,,
Qwen-AgentWorld-35B-A3B,34.7,M3 16GB,mac,16,16bit,8192,F16,no,81.82,-65.82,0,,
Qwen-AgentWorld-35B-A3B,34.7,M3 24GB,mac,24,4bit,8192,F16,no,27.52,-3.52,0,,
Qwen-AgentWorld-35B-A3B,34.7,M3 24GB,mac,24,8bit,8192,F16,no,45.62,-21.62,0,,
Qwen-AgentWorld-35B-A3B,34.7,M3 24GB,mac,24,16bit,8192,F16,no,81.82,-57.82,0,,
Qwen-AgentWorld-35B-A3B,34.7,M3 Pro 18GB,mac,18,4bit,8192,F16,no,27.52,-9.52,0,,
Qwen-AgentWorld-35B-A3B,34.7,M3 Pro 18GB,mac,18,8bit,8192,F16,no,45.62,-27.62,0,,
Qwen-AgentWorld-35B-A3B,34.7,M3 Pro 18GB,mac,18,16bit,8192,F16,no,81.82,-63.82,0,,
Qwen-AgentWorld-35B-A3B,34.7,M3 Pro 36GB,mac,36,4bit,8192,F16,yes,27.02,8.98,42409,,
Qwen-AgentWorld-35B-A3B,34.7,M3 Pro 36GB,mac,36,8bit,8192,F16,no,45.12,-9.12,0,,
Qwen-AgentWorld-35B-A3B,34.7,M3 Pro 36GB,mac,36,16bit,8192,F16,no,81.32,-45.32,0,,
Qwen-AgentWorld-35B-A3B,34.7,M3 Max 36GB,mac,36,4bit,8192,F16,yes,27.02,8.98,42409,,
Qwen-AgentWorld-35B-A3B,34.7,M3 Max 36GB,mac,36,8bit,8192,F16,no,45.12,-9.12,0,,
Qwen-AgentWorld-35B-A3B,34.7,M3 Max 36GB,mac,36,16bit,8192,F16,no,81.32,-45.32,0,,
Qwen-AgentWorld-35B-A3B,34.7,M3 Max 48GB,mac,48,4bit,8192,F16,yes,26.52,21.48,236885,,
Qwen-AgentWorld-35B-A3B,34.7,M3 Max 48GB,mac,48,8bit,8192,F16,tight,44.62,3.38,0,,
Qwen-AgentWorld-35B-A3B,34.7,M3 Max 48GB,mac,48,16bit,8192,F16,no,80.82,-32.82,0,,
Qwen-AgentWorld-35B-A3B,34.7,M3 Max 64GB,mac,64,4bit,8192,F16,yes,26.52,37.48,262144,,
Qwen-AgentWorld-35B-A3B,34.7,M3 Max 64GB,mac,64,8bit,8192,F16,yes,44.62,19.38,134882,,
Qwen-AgentWorld-35B-A3B,34.7,M3 Max 64GB,mac,64,16bit,8192,F16,no,80.82,-16.82,0,,
Qwen-AgentWorld-35B-A3B,34.7,M3 Max 96GB,mac,96,4bit,8192,F16,yes,26.52,69.48,262144,,
Qwen-AgentWorld-35B-A3B,34.7,M3 Max 96GB,mac,96,8bit,8192,F16,yes,44.62,51.38,262144,,
Qwen-AgentWorld-35B-A3B,34.7,M3 Max 96GB,mac,96,16bit,8192,F16,tight,80.82,15.18,0,,
Qwen-AgentWorld-35B-A3B,34.7,M3 Max 128GB,mac,128,4bit,8192,F16,yes,26.52,101.48,262144,,
Qwen-AgentWorld-35B-A3B,34.7,M3 Max 128GB,mac,128,8bit,8192,F16,yes,44.62,83.38,262144,,
Qwen-AgentWorld-35B-A3B,34.7,M3 Max 128GB,mac,128,16bit,8192,F16,yes,80.82,47.18,262144,,
Qwen-AgentWorld-35B-A3B,34.7,M3 Ultra 96GB,mac,96,4bit,8192,F16,yes,26.52,69.48,262144,,
Qwen-AgentWorld-35B-A3B,34.7,M3 Ultra 96GB,mac,96,8bit,8192,F16,yes,44.62,51.38,262144,,
Qwen-AgentWorld-35B-A3B,34.7,M3 Ultra 96GB,mac,96,16bit,8192,F16,tight,80.82,15.18,0,,
Qwen-AgentWorld-35B-A3B,34.7,M3 Ultra 256GB,mac,256,4bit,8192,F16,yes,26.52,229.48,262144,,
Qwen-AgentWorld-35B-A3B,34.7,M3 Ultra 256GB,mac,256,8bit,8192,F16,yes,44.62,211.38,262144,,
Qwen-AgentWorld-35B-A3B,34.7,M3 Ultra 256GB,mac,256,16bit,8192,F16,yes,80.82,175.18,262144,,
Qwen-AgentWorld-35B-A3B,34.7,M3 Ultra 512GB,mac,512,4bit,8192,F16,yes,26.52,485.48,262144,,
Qwen-AgentWorld-35B-A3B,34.7,M3 Ultra 512GB,mac,512,8bit,8192,F16,yes,44.62,467.38,262144,,
Qwen-AgentWorld-35B-A3B,34.7,M3 Ultra 512GB,mac,512,16bit,8192,F16,yes,80.82,431.18,262144,,
Qwen-AgentWorld-35B-A3B,34.7,M2 8GB,mac,8,4bit,8192,F16,no,27.52,-19.52,0,,
Qwen-AgentWorld-35B-A3B,34.7,M2 8GB,mac,8,8bit,8192,F16,no,45.62,-37.62,0,,
Qwen-AgentWorld-35B-A3B,34.7,M2 8GB,mac,8,16bit,8192,F16,no,81.82,-73.82,0,,
Qwen-AgentWorld-35B-A3B,34.7,M2 16GB,mac,16,4bit,8192,F16,no,27.52,-11.52,0,,
Qwen-AgentWorld-35B-A3B,34.7,M2 16GB,mac,16,8bit,8192,F16,no,45.62,-29.62,0,,
Qwen-AgentWorld-35B-A3B,34.7,M2 16GB,mac,16,16bit,8192,F16,no,81.82,-65.82,0,,
Qwen-AgentWorld-35B-A3B,34.7,M2 24GB,mac,24,4bit,8192,F16,no,27.52,-3.52,0,,
Qwen-AgentWorld-35B-A3B,34.7,M2 24GB,mac,24,8bit,8192,F16,no,45.62,-21.62,0,,
Qwen-AgentWorld-35B-A3B,34.7,M2 24GB,mac,24,16bit,8192,F16,no,81.82,-57.82,0,,
Qwen-AgentWorld-35B-A3B,34.7,M2 Pro 16GB,mac,16,4bit,8192,F16,no,27.52,-11.52,0,,
Qwen-AgentWorld-35B-A3B,34.7,M2 Pro 16GB,mac,16,8bit,8192,F16,no,45.62,-29.62,0,,
Qwen-AgentWorld-35B-A3B,34.7,M2 Pro 16GB,mac,16,16bit,8192,F16,no,81.82,-65.82,0,,
Qwen-AgentWorld-35B-A3B,34.7,M2 Pro 32GB,mac,32,4bit,8192,F16,tight,27.02,4.98,0,,
Qwen-AgentWorld-35B-A3B,34.7,M2 Pro 32GB,mac,32,8bit,8192,F16,no,45.12,-13.12,0,,
Qwen-AgentWorld-35B-A3B,34.7,M2 Pro 32GB,mac,32,16bit,8192,F16,no,81.32,-49.32,0,,
Qwen-AgentWorld-35B-A3B,34.7,M2 Max 32GB,mac,32,4bit,8192,F16,tight,27.02,4.98,0,,
Qwen-AgentWorld-35B-A3B,34.7,M2 Max 32GB,mac,32,8bit,8192,F16,no,45.12,-13.12,0,,
Qwen-AgentWorld-35B-A3B,34.7,M2 Max 32GB,mac,32,16bit,8192,F16,no,81.32,-49.32,0,,
Qwen-AgentWorld-35B-A3B,34.7,M2 Max 64GB,mac,64,4bit,8192,F16,yes,26.52,37.48,262144,,
Qwen-AgentWorld-35B-A3B,34.7,M2 Max 64GB,mac,64,8bit,8192,F16,yes,44.62,19.38,134882,,
Qwen-AgentWorld-35B-A3B,34.7,M2 Max 64GB,mac,64,16bit,8192,F16,no,80.82,-16.82,0,,
Qwen-AgentWorld-35B-A3B,34.7,M2 Max 96GB,mac,96,4bit,8192,F16,yes,26.52,69.48,262144,,
Qwen-AgentWorld-35B-A3B,34.7,M2 Max 96GB,mac,96,8bit,8192,F16,yes,44.62,51.38,262144,,
Qwen-AgentWorld-35B-A3B,34.7,M2 Max 96GB,mac,96,16bit,8192,F16,tight,80.82,15.18,0,,
Qwen-AgentWorld-35B-A3B,34.7,M2 Ultra 64GB,mac,64,4bit,8192,F16,yes,26.52,37.48,262144,,
Qwen-AgentWorld-35B-A3B,34.7,M2 Ultra 64GB,mac,64,8bit,8192,F16,yes,44.62,19.38,134882,,
Qwen-AgentWorld-35B-A3B,34.7,M2 Ultra 64GB,mac,64,16bit,8192,F16,no,80.82,-16.82,0,,
Qwen-AgentWorld-35B-A3B,34.7,M2 Ultra 128GB,mac,128,4bit,8192,F16,yes,26.52,101.48,262144,,
Qwen-AgentWorld-35B-A3B,34.7,M2 Ultra 128GB,mac,128,8bit,8192,F16,yes,44.62,83.38,262144,,
Qwen-AgentWorld-35B-A3B,34.7,M2 Ultra 128GB,mac,128,16bit,8192,F16,yes,80.82,47.18,262144,,
Qwen-AgentWorld-35B-A3B,34.7,M2 Ultra 192GB,mac,192,4bit,8192,F16,yes,26.52,165.48,262144,,
Qwen-AgentWorld-35B-A3B,34.7,M2 Ultra 192GB,mac,192,8bit,8192,F16,yes,44.62,147.38,262144,,
Qwen-AgentWorld-35B-A3B,34.7,M2 Ultra 192GB,mac,192,16bit,8192,F16,yes,80.82,111.18,262144,,
Qwen-AgentWorld-35B-A3B,34.7,M1 8GB,mac,8,4bit,8192,F16,no,27.52,-19.52,0,,
Qwen-AgentWorld-35B-A3B,34.7,M1 8GB,mac,8,8bit,8192,F16,no,45.62,-37.62,0,,
Qwen-AgentWorld-35B-A3B,34.7,M1 8GB,mac,8,16bit,8192,F16,no,81.82,-73.82,0,,
Qwen-AgentWorld-35B-A3B,34.7,M1 16GB,mac,16,4bit,8192,F16,no,27.52,-11.52,0,,
Qwen-AgentWorld-35B-A3B,34.7,M1 16GB,mac,16,8bit,8192,F16,no,45.62,-29.62,0,,
Qwen-AgentWorld-35B-A3B,34.7,M1 16GB,mac,16,16bit,8192,F16,no,81.82,-65.82,0,,
Qwen-AgentWorld-35B-A3B,34.7,M1 Pro 16GB,mac,16,4bit,8192,F16,no,27.52,-11.52,0,,
Qwen-AgentWorld-35B-A3B,34.7,M1 Pro 16GB,mac,16,8bit,8192,F16,no,45.62,-29.62,0,,
Qwen-AgentWorld-35B-A3B,34.7,M1 Pro 16GB,mac,16,16bit,8192,F16,no,81.82,-65.82,0,,
Qwen-AgentWorld-35B-A3B,34.7,M1 Pro 32GB,mac,32,4bit,8192,F16,tight,27.02,4.98,0,,
Qwen-AgentWorld-35B-A3B,34.7,M1 Pro 32GB,mac,32,8bit,8192,F16,no,45.12,-13.12,0,,
Qwen-AgentWorld-35B-A3B,34.7,M1 Pro 32GB,mac,32,16bit,8192,F16,no,81.32,-49.32,0,,
Qwen-AgentWorld-35B-A3B,34.7,M1 Max 32GB,mac,32,4bit,8192,F16,tight,27.02,4.98,0,,
Qwen-AgentWorld-35B-A3B,34.7,M1 Max 32GB,mac,32,8bit,8192,F16,no,45.12,-13.12,0,,
Qwen-AgentWorld-35B-A3B,34.7,M1 Max 32GB,mac,32,16bit,8192,F16,no,81.32,-49.32,0,,
Qwen-AgentWorld-35B-A3B,34.7,M1 Max 64GB,mac,64,4bit,8192,F16,yes,26.52,37.48,262144,,
Qwen-AgentWorld-35B-A3B,34.7,M1 Max 64GB,mac,64,8bit,8192,F16,yes,44.62,19.38,134882,,
Qwen-AgentWorld-35B-A3B,34.7,M1 Max 64GB,mac,64,16bit,8192,F16,no,80.82,-16.82,0,,
Qwen-AgentWorld-35B-A3B,34.7,M1 Ultra 64GB,mac,64,4bit,8192,F16,yes,26.52,37.48,262144,,
Qwen-AgentWorld-35B-A3B,34.7,M1 Ultra 64GB,mac,64,8bit,8192,F16,yes,44.62,19.38,134882,,
Qwen-AgentWorld-35B-A3B,34.7,M1 Ultra 64GB,mac,64,16bit,8192,F16,no,80.82,-16.82,0,,
Qwen-AgentWorld-35B-A3B,34.7,M1 Ultra 128GB,mac,128,4bit,8192,F16,yes,26.52,101.48,262144,,
Qwen-AgentWorld-35B-A3B,34.7,M1 Ultra 128GB,mac,128,8bit,8192,F16,yes,44.62,83.38,262144,,
Qwen-AgentWorld-35B-A3B,34.7,M1 Ultra 128GB,mac,128,16bit,8192,F16,yes,80.82,47.18,262144,,
Gemma 4 e2b,5.1,RTX 5090,gpu,32,Q4_K_M,8192,F16,yes,5.57,26.43,131072,,
Gemma 4 e2b,5.1,RTX 5090,gpu,32,Q5_K_M,8192,F16,yes,6.11,25.89,131072,,
Gemma 4 e2b,5.1,RTX 5090,gpu,32,Q6_K,8192,F16,yes,6.68,25.32,131072,,
Gemma 4 e2b,5.1,RTX 5090,gpu,32,Q8_0,8192,F16,yes,7.97,24.03,131072,,
Gemma 4 e2b,5.1,RTX 5090,gpu,32,FP16,8192,F16,yes,12.96,19.04,131072,,
Gemma 4 e2b,5.1,RTX 5080,gpu,16,Q4_K_M,8192,F16,yes,5.57,10.43,131072,,
Gemma 4 e2b,5.1,RTX 5080,gpu,16,Q5_K_M,8192,F16,yes,6.11,9.89,131072,,
Gemma 4 e2b,5.1,RTX 5080,gpu,16,Q6_K,8192,F16,yes,6.68,9.32,131072,,
Gemma 4 e2b,5.1,RTX 5080,gpu,16,Q8_0,8192,F16,yes,7.97,8.03,131072,,
Gemma 4 e2b,5.1,RTX 5080,gpu,16,FP16,8192,F16,yes,12.96,3.04,69544,,
Gemma 4 e2b,5.1,RTX 5070 Ti,gpu,16,Q4_K_M,8192,F16,yes,5.57,10.43,131072,,
Gemma 4 e2b,5.1,RTX 5070 Ti,gpu,16,Q5_K_M,8192,F16,yes,6.11,9.89,131072,,
Gemma 4 e2b,5.1,RTX 5070 Ti,gpu,16,Q6_K,8192,F16,yes,6.68,9.32,131072,,
Gemma 4 e2b,5.1,RTX 5070 Ti,gpu,16,Q8_0,8192,F16,yes,7.97,8.03,131072,,
Gemma 4 e2b,5.1,RTX 5070 Ti,gpu,16,FP16,8192,F16,yes,12.96,3.04,69544,,
Gemma 4 e2b,5.1,RTX 5070,gpu,12,Q4_K_M,8192,F16,yes,5.57,6.43,131072,,
Gemma 4 e2b,5.1,RTX 5070,gpu,12,Q5_K_M,8192,F16,yes,6.11,5.89,131072,,
Gemma 4 e2b,5.1,RTX 5070,gpu,12,Q6_K,8192,F16,yes,6.68,5.32,131072,,
Gemma 4 e2b,5.1,RTX 5070,gpu,12,Q8_0,8192,F16,yes,7.97,4.03,101994,,
Gemma 4 e2b,5.1,RTX 5070,gpu,12,FP16,8192,F16,no,12.96,-0.96,0,,
Gemma 4 e2b,5.1,RTX 4090,gpu,24,Q4_K_M,8192,F16,yes,5.57,18.43,131072,,
Gemma 4 e2b,5.1,RTX 4090,gpu,24,Q5_K_M,8192,F16,yes,6.11,17.89,131072,,
Gemma 4 e2b,5.1,RTX 4090,gpu,24,Q6_K,8192,F16,yes,6.68,17.32,131072,,
Gemma 4 e2b,5.1,RTX 4090,gpu,24,Q8_0,8192,F16,yes,7.97,16.03,131072,,
Gemma 4 e2b,5.1,RTX 4090,gpu,24,FP16,8192,F16,yes,12.96,11.04,131072,,
Gemma 4 e2b,5.1,RTX 4080 SUPER,gpu,16,Q4_K_M,8192,F16,yes,5.57,10.43,131072,,
Gemma 4 e2b,5.1,RTX 4080 SUPER,gpu,16,Q5_K_M,8192,F16,yes,6.11,9.89,131072,,
Gemma 4 e2b,5.1,RTX 4080 SUPER,gpu,16,Q6_K,8192,F16,yes,6.68,9.32,131072,,
Gemma 4 e2b,5.1,RTX 4080 SUPER,gpu,16,Q8_0,8192,F16,yes,7.97,8.03,131072,,
Gemma 4 e2b,5.1,RTX 4080 SUPER,gpu,16,FP16,8192,F16,yes,12.96,3.04,69544,,
Gemma 4 e2b,5.1,RTX 4070 Ti SUPER,gpu,16,Q4_K_M,8192,F16,yes,5.57,10.43,131072,,
Gemma 4 e2b,5.1,RTX 4070 Ti SUPER,gpu,16,Q5_K_M,8192,F16,yes,6.11,9.89,131072,,
Gemma 4 e2b,5.1,RTX 4070 Ti SUPER,gpu,16,Q6_K,8192,F16,yes,6.68,9.32,131072,,
Gemma 4 e2b,5.1,RTX 4070 Ti SUPER,gpu,16,Q8_0,8192,F16,yes,7.97,8.03,131072,,
Gemma 4 e2b,5.1,RTX 4070 Ti SUPER,gpu,16,FP16,8192,F16,yes,12.96,3.04,69544,,
Gemma 4 e2b,5.1,RTX 4070,gpu,12,Q4_K_M,8192,F16,yes,5.57,6.43,131072,,
Gemma 4 e2b,5.1,RTX 4070,gpu,12,Q5_K_M,8192,F16,yes,6.11,5.89,131072,,
Gemma 4 e2b,5.1,RTX 4070,gpu,12,Q6_K,8192,F16,yes,6.68,5.32,131072,,
Gemma 4 e2b,5.1,RTX 4070,gpu,12,Q8_0,8192,F16,yes,7.97,4.03,101994,,
Gemma 4 e2b,5.1,RTX 4070,gpu,12,FP16,8192,F16,no,12.96,-0.96,0,,
Gemma 4 e2b,5.1,RTX 4060 Ti 16GB,gpu,16,Q4_K_M,8192,F16,yes,5.57,10.43,131072,,
Gemma 4 e2b,5.1,RTX 4060 Ti 16GB,gpu,16,Q5_K_M,8192,F16,yes,6.11,9.89,131072,,
Gemma 4 e2b,5.1,RTX 4060 Ti 16GB,gpu,16,Q6_K,8192,F16,yes,6.68,9.32,131072,,
Gemma 4 e2b,5.1,RTX 4060 Ti 16GB,gpu,16,Q8_0,8192,F16,yes,7.97,8.03,131072,,
Gemma 4 e2b,5.1,RTX 4060 Ti 16GB,gpu,16,FP16,8192,F16,yes,12.96,3.04,69544,,
Gemma 4 e2b,5.1,RTX 3090,gpu,24,Q4_K_M,8192,F16,yes,5.57,18.43,131072,,
Gemma 4 e2b,5.1,RTX 3090,gpu,24,Q5_K_M,8192,F16,yes,6.11,17.89,131072,,
Gemma 4 e2b,5.1,RTX 3090,gpu,24,Q6_K,8192,F16,yes,6.68,17.32,131072,,
Gemma 4 e2b,5.1,RTX 3090,gpu,24,Q8_0,8192,F16,yes,7.97,16.03,131072,,
Gemma 4 e2b,5.1,RTX 3090,gpu,24,FP16,8192,F16,yes,12.96,11.04,131072,,
Gemma 4 e2b,5.1,RTX 3090 Ti,gpu,24,Q4_K_M,8192,F16,yes,5.57,18.43,131072,,
Gemma 4 e2b,5.1,RTX 3090 Ti,gpu,24,Q5_K_M,8192,F16,yes,6.11,17.89,131072,,
Gemma 4 e2b,5.1,RTX 3090 Ti,gpu,24,Q6_K,8192,F16,yes,6.68,17.32,131072,,
Gemma 4 e2b,5.1,RTX 3090 Ti,gpu,24,Q8_0,8192,F16,yes,7.97,16.03,131072,,
Gemma 4 e2b,5.1,RTX 3090 Ti,gpu,24,FP16,8192,F16,yes,12.96,11.04,131072,,
Gemma 4 e2b,5.1,RTX 3080 10GB,gpu,10,Q4_K_M,8192,F16,yes,5.57,4.43,115611,,
Gemma 4 e2b,5.1,RTX 3080 10GB,gpu,10,Q5_K_M,8192,F16,yes,6.11,3.89,100901,,
Gemma 4 e2b,5.1,RTX 3080 10GB,gpu,10,Q6_K,8192,F16,yes,6.68,3.32,85274,,
Gemma 4 e2b,5.1,RTX 3080 10GB,gpu,10,Q8_0,8192,F16,yes,7.97,2.03,50053,,
Gemma 4 e2b,5.1,RTX 3080 10GB,gpu,10,FP16,8192,F16,no,12.96,-2.96,0,,
Gemma 4 e2b,5.1,RTX 3080 12GB,gpu,12,Q4_K_M,8192,F16,yes,5.57,6.43,131072,,
Gemma 4 e2b,5.1,RTX 3080 12GB,gpu,12,Q5_K_M,8192,F16,yes,6.11,5.89,131072,,
Gemma 4 e2b,5.1,RTX 3080 12GB,gpu,12,Q6_K,8192,F16,yes,6.68,5.32,131072,,
Gemma 4 e2b,5.1,RTX 3080 12GB,gpu,12,Q8_0,8192,F16,yes,7.97,4.03,101994,,
Gemma 4 e2b,5.1,RTX 3080 12GB,gpu,12,FP16,8192,F16,no,12.96,-0.96,0,,
Gemma 4 e2b,5.1,RTX 3060 12GB,gpu,12,Q4_K_M,8192,F16,yes,5.57,6.43,131072,,
Gemma 4 e2b,5.1,RTX 3060 12GB,gpu,12,Q5_K_M,8192,F16,yes,6.11,5.89,131072,,
Gemma 4 e2b,5.1,RTX 3060 12GB,gpu,12,Q6_K,8192,F16,yes,6.68,5.32,131072,,
Gemma 4 e2b,5.1,RTX 3060 12GB,gpu,12,Q8_0,8192,F16,yes,7.97,4.03,101994,,
Gemma 4 e2b,5.1,RTX 3060 12GB,gpu,12,FP16,8192,F16,no,12.96,-0.96,0,,
Gemma 4 e2b,5.1,RTX 5060 Ti 16GB,gpu,16,Q4_K_M,8192,F16,yes,5.57,10.43,131072,,
Gemma 4 e2b,5.1,RTX 5060 Ti 16GB,gpu,16,Q5_K_M,8192,F16,yes,6.11,9.89,131072,,
Gemma 4 e2b,5.1,RTX 5060 Ti 16GB,gpu,16,Q6_K,8192,F16,yes,6.68,9.32,131072,,
Gemma 4 e2b,5.1,RTX 5060 Ti 16GB,gpu,16,Q8_0,8192,F16,yes,7.97,8.03,131072,,
Gemma 4 e2b,5.1,RTX 5060 Ti 16GB,gpu,16,FP16,8192,F16,yes,12.96,3.04,69544,,
Gemma 4 e2b,5.1,RTX 4070 Ti,gpu,12,Q4_K_M,8192,F16,yes,5.57,6.43,131072,,
Gemma 4 e2b,5.1,RTX 4070 Ti,gpu,12,Q5_K_M,8192,F16,yes,6.11,5.89,131072,,
Gemma 4 e2b,5.1,RTX 4070 Ti,gpu,12,Q6_K,8192,F16,yes,6.68,5.32,131072,,
Gemma 4 e2b,5.1,RTX 4070 Ti,gpu,12,Q8_0,8192,F16,yes,7.97,4.03,101994,,
Gemma 4 e2b,5.1,RTX 4070 Ti,gpu,12,FP16,8192,F16,no,12.96,-0.96,0,,
Gemma 4 e2b,5.1,RTX 4080,gpu,16,Q4_K_M,8192,F16,yes,5.57,10.43,131072,,
Gemma 4 e2b,5.1,RTX 4080,gpu,16,Q5_K_M,8192,F16,yes,6.11,9.89,131072,,
Gemma 4 e2b,5.1,RTX 4080,gpu,16,Q6_K,8192,F16,yes,6.68,9.32,131072,,
Gemma 4 e2b,5.1,RTX 4080,gpu,16,Q8_0,8192,F16,yes,7.97,8.03,131072,,
Gemma 4 e2b,5.1,RTX 4080,gpu,16,FP16,8192,F16,yes,12.96,3.04,69544,,
Gemma 4 e2b,5.1,RTX 4060 Ti 8GB,gpu,8,Q4_K_M,8192,F16,yes,5.57,2.43,63671,,
Gemma 4 e2b,5.1,RTX 4060 Ti 8GB,gpu,8,Q5_K_M,8192,F16,yes,6.11,1.89,48961,,
Gemma 4 e2b,5.1,RTX 4060 Ti 8GB,gpu,8,Q6_K,8192,F16,yes,6.68,1.32,33333,,
Gemma 4 e2b,5.1,RTX 4060 Ti 8GB,gpu,8,Q8_0,8192,F16,tight,7.97,0.03,0,,
Gemma 4 e2b,5.1,RTX 4060 Ti 8GB,gpu,8,FP16,8192,F16,no,12.96,-4.96,0,,
Gemma 4 e2b,5.1,RTX 3060 8GB,gpu,8,Q4_K_M,8192,F16,yes,5.57,2.43,63671,,
Gemma 4 e2b,5.1,RTX 3060 8GB,gpu,8,Q5_K_M,8192,F16,yes,6.11,1.89,48961,,
Gemma 4 e2b,5.1,RTX 3060 8GB,gpu,8,Q6_K,8192,F16,yes,6.68,1.32,33333,,
Gemma 4 e2b,5.1,RTX 3060 8GB,gpu,8,Q8_0,8192,F16,tight,7.97,0.03,0,,
Gemma 4 e2b,5.1,RTX 3060 8GB,gpu,8,FP16,8192,F16,no,12.96,-4.96,0,,
Gemma 4 e2b,5.1,RTX 2080 Ti,gpu,11,Q4_K_M,8192,F16,yes,5.57,5.43,131072,,
Gemma 4 e2b,5.1,RTX 2080 Ti,gpu,11,Q5_K_M,8192,F16,yes,6.11,4.89,126872,,
Gemma 4 e2b,5.1,RTX 2080 Ti,gpu,11,Q6_K,8192,F16,yes,6.68,4.32,111244,,
Gemma 4 e2b,5.1,RTX 2080 Ti,gpu,11,Q8_0,8192,F16,yes,7.97,3.03,76024,,
Gemma 4 e2b,5.1,RTX 2080 Ti,gpu,11,FP16,8192,F16,no,12.96,-1.96,0,,
Gemma 4 e2b,5.1,RTX 6000 Ada,gpu,48,Q4_K_M,8192,F16,yes,5.57,42.43,131072,,
Gemma 4 e2b,5.1,RTX 6000 Ada,gpu,48,Q5_K_M,8192,F16,yes,6.11,41.89,131072,,
Gemma 4 e2b,5.1,RTX 6000 Ada,gpu,48,Q6_K,8192,F16,yes,6.68,41.32,131072,,
Gemma 4 e2b,5.1,RTX 6000 Ada,gpu,48,Q8_0,8192,F16,yes,7.97,40.03,131072,,
Gemma 4 e2b,5.1,RTX 6000 Ada,gpu,48,FP16,8192,F16,yes,12.96,35.04,131072,,
Gemma 4 e2b,5.1,RTX PRO 6000 Blackwell,gpu,96,Q4_K_M,8192,F16,yes,5.57,90.43,131072,,
Gemma 4 e2b,5.1,RTX PRO 6000 Blackwell,gpu,96,Q5_K_M,8192,F16,yes,6.11,89.89,131072,,
Gemma 4 e2b,5.1,RTX PRO 6000 Blackwell,gpu,96,Q6_K,8192,F16,yes,6.68,89.32,131072,,
Gemma 4 e2b,5.1,RTX PRO 6000 Blackwell,gpu,96,Q8_0,8192,F16,yes,7.97,88.03,131072,,
Gemma 4 e2b,5.1,RTX PRO 6000 Blackwell,gpu,96,FP16,8192,F16,yes,12.96,83.04,131072,,
Gemma 4 e2b,5.1,RX 7900 XTX,gpu,24,Q4_K_M,8192,F16,yes,5.57,18.43,131072,,
Gemma 4 e2b,5.1,RX 7900 XTX,gpu,24,Q5_K_M,8192,F16,yes,6.11,17.89,131072,,
Gemma 4 e2b,5.1,RX 7900 XTX,gpu,24,Q6_K,8192,F16,yes,6.68,17.32,131072,,
Gemma 4 e2b,5.1,RX 7900 XTX,gpu,24,Q8_0,8192,F16,yes,7.97,16.03,131072,,
Gemma 4 e2b,5.1,RX 7900 XTX,gpu,24,FP16,8192,F16,yes,12.96,11.04,131072,,
Gemma 4 e2b,5.1,RX 7900 XT,gpu,20,Q4_K_M,8192,F16,yes,5.57,14.43,131072,,
Gemma 4 e2b,5.1,RX 7900 XT,gpu,20,Q5_K_M,8192,F16,yes,6.11,13.89,131072,,
Gemma 4 e2b,5.1,RX 7900 XT,gpu,20,Q6_K,8192,F16,yes,6.68,13.32,131072,,
Gemma 4 e2b,5.1,RX 7900 XT,gpu,20,Q8_0,8192,F16,yes,7.97,12.03,131072,,
Gemma 4 e2b,5.1,RX 7900 XT,gpu,20,FP16,8192,F16,yes,12.96,7.04,131072,,
Gemma 4 e2b,5.1,RX 7800 XT,gpu,16,Q4_K_M,8192,F16,yes,5.57,10.43,131072,,
Gemma 4 e2b,5.1,RX 7800 XT,gpu,16,Q5_K_M,8192,F16,yes,6.11,9.89,131072,,
Gemma 4 e2b,5.1,RX 7800 XT,gpu,16,Q6_K,8192,F16,yes,6.68,9.32,131072,,
Gemma 4 e2b,5.1,RX 7800 XT,gpu,16,Q8_0,8192,F16,yes,7.97,8.03,131072,,
Gemma 4 e2b,5.1,RX 7800 XT,gpu,16,FP16,8192,F16,yes,12.96,3.04,69544,,
Gemma 4 e2b,5.1,RX 9070 XT,gpu,16,Q4_K_M,8192,F16,yes,5.57,10.43,131072,,
Gemma 4 e2b,5.1,RX 9070 XT,gpu,16,Q5_K_M,8192,F16,yes,6.11,9.89,131072,,
Gemma 4 e2b,5.1,RX 9070 XT,gpu,16,Q6_K,8192,F16,yes,6.68,9.32,131072,,
Gemma 4 e2b,5.1,RX 9070 XT,gpu,16,Q8_0,8192,F16,yes,7.97,8.03,131072,,
Gemma 4 e2b,5.1,RX 9070 XT,gpu,16,FP16,8192,F16,yes,12.96,3.04,69544,,
Gemma 4 e2b,5.1,RX 9070,gpu,16,Q4_K_M,8192,F16,yes,5.57,10.43,131072,,
Gemma 4 e2b,5.1,RX 9070,gpu,16,Q5_K_M,8192,F16,yes,6.11,9.89,131072,,
Gemma 4 e2b,5.1,RX 9070,gpu,16,Q6_K,8192,F16,yes,6.68,9.32,131072,,
Gemma 4 e2b,5.1,RX 9070,gpu,16,Q8_0,8192,F16,yes,7.97,8.03,131072,,
Gemma 4 e2b,5.1,RX 9070,gpu,16,FP16,8192,F16,yes,12.96,3.04,69544,,
Gemma 4 e2b,5.1,Radeon PRO W7900,gpu,48,Q4_K_M,8192,F16,yes,5.57,42.43,131072,,
Gemma 4 e2b,5.1,Radeon PRO W7900,gpu,48,Q5_K_M,8192,F16,yes,6.11,41.89,131072,,
Gemma 4 e2b,5.1,Radeon PRO W7900,gpu,48,Q6_K,8192,F16,yes,6.68,41.32,131072,,
Gemma 4 e2b,5.1,Radeon PRO W7900,gpu,48,Q8_0,8192,F16,yes,7.97,40.03,131072,,
Gemma 4 e2b,5.1,Radeon PRO W7900,gpu,48,FP16,8192,F16,yes,12.96,35.04,131072,,
Gemma 4 e2b,5.1,2× RTX 3090,gpu,48,Q4_K_M,8192,F16,yes,7.57,40.43,131072,,
Gemma 4 e2b,5.1,2× RTX 3090,gpu,48,Q5_K_M,8192,F16,yes,8.11,39.89,131072,,
Gemma 4 e2b,5.1,2× RTX 3090,gpu,48,Q6_K,8192,F16,yes,8.68,39.32,131072,,
Gemma 4 e2b,5.1,2× RTX 3090,gpu,48,Q8_0,8192,F16,yes,9.97,38.03,131072,,
Gemma 4 e2b,5.1,2× RTX 3090,gpu,48,FP16,8192,F16,yes,14.96,33.04,131072,,
Gemma 4 e2b,5.1,2× RTX 4090,gpu,48,Q4_K_M,8192,F16,yes,7.57,40.43,131072,,
Gemma 4 e2b,5.1,2× RTX 4090,gpu,48,Q5_K_M,8192,F16,yes,8.11,39.89,131072,,
Gemma 4 e2b,5.1,2× RTX 4090,gpu,48,Q6_K,8192,F16,yes,8.68,39.32,131072,,
Gemma 4 e2b,5.1,2× RTX 4090,gpu,48,Q8_0,8192,F16,yes,9.97,38.03,131072,,
Gemma 4 e2b,5.1,2× RTX 4090,gpu,48,FP16,8192,F16,yes,14.96,33.04,131072,,
Gemma 4 e2b,5.1,4× RTX 3090,gpu,96,Q4_K_M,8192,F16,yes,11.57,84.43,131072,,
Gemma 4 e2b,5.1,4× RTX 3090,gpu,96,Q5_K_M,8192,F16,yes,12.11,83.89,131072,,
Gemma 4 e2b,5.1,4× RTX 3090,gpu,96,Q6_K,8192,F16,yes,12.68,83.32,131072,,
Gemma 4 e2b,5.1,4× RTX 3090,gpu,96,Q8_0,8192,F16,yes,13.97,82.03,131072,,
Gemma 4 e2b,5.1,4× RTX 3090,gpu,96,FP16,8192,F16,yes,18.96,77.04,131072,,
Gemma 4 e2b,5.1,A100 40GB,gpu,40,Q4_K_M,8192,F16,yes,5.57,34.43,131072,,
Gemma 4 e2b,5.1,A100 40GB,gpu,40,Q5_K_M,8192,F16,yes,6.11,33.89,131072,,
Gemma 4 e2b,5.1,A100 40GB,gpu,40,Q6_K,8192,F16,yes,6.68,33.32,131072,,
Gemma 4 e2b,5.1,A100 40GB,gpu,40,Q8_0,8192,F16,yes,7.97,32.03,131072,,
Gemma 4 e2b,5.1,A100 40GB,gpu,40,FP16,8192,F16,yes,12.96,27.04,131072,,
Gemma 4 e2b,5.1,A100 80GB,gpu,80,Q4_K_M,8192,F16,yes,5.57,74.43,131072,,
Gemma 4 e2b,5.1,A100 80GB,gpu,80,Q5_K_M,8192,F16,yes,6.11,73.89,131072,,
Gemma 4 e2b,5.1,A100 80GB,gpu,80,Q6_K,8192,F16,yes,6.68,73.32,131072,,
Gemma 4 e2b,5.1,A100 80GB,gpu,80,Q8_0,8192,F16,yes,7.97,72.03,131072,,
Gemma 4 e2b,5.1,A100 80GB,gpu,80,FP16,8192,F16,yes,12.96,67.04,131072,,
Gemma 4 e2b,5.1,H100 80GB,gpu,80,Q4_K_M,8192,F16,yes,5.57,74.43,131072,,
Gemma 4 e2b,5.1,H100 80GB,gpu,80,Q5_K_M,8192,F16,yes,6.11,73.89,131072,,
Gemma 4 e2b,5.1,H100 80GB,gpu,80,Q6_K,8192,F16,yes,6.68,73.32,131072,,
Gemma 4 e2b,5.1,H100 80GB,gpu,80,Q8_0,8192,F16,yes,7.97,72.03,131072,,
Gemma 4 e2b,5.1,H100 80GB,gpu,80,FP16,8192,F16,yes,12.96,67.04,131072,,
Gemma 4 e2b,5.1,H200 141GB,gpu,141,Q4_K_M,8192,F16,yes,5.57,135.43,131072,,
Gemma 4 e2b,5.1,H200 141GB,gpu,141,Q5_K_M,8192,F16,yes,6.11,134.89,131072,,
Gemma 4 e2b,5.1,H200 141GB,gpu,141,Q6_K,8192,F16,yes,6.68,134.32,131072,,
Gemma 4 e2b,5.1,H200 141GB,gpu,141,Q8_0,8192,F16,yes,7.97,133.03,131072,,
Gemma 4 e2b,5.1,H200 141GB,gpu,141,FP16,8192,F16,yes,12.96,128.04,131072,,
Gemma 4 e2b,5.1,B200,gpu,192,Q4_K_M,8192,F16,yes,5.57,186.43,131072,,
Gemma 4 e2b,5.1,B200,gpu,192,Q5_K_M,8192,F16,yes,6.11,185.89,131072,,
Gemma 4 e2b,5.1,B200,gpu,192,Q6_K,8192,F16,yes,6.68,185.32,131072,,
Gemma 4 e2b,5.1,B200,gpu,192,Q8_0,8192,F16,yes,7.97,184.03,131072,,
Gemma 4 e2b,5.1,B200,gpu,192,FP16,8192,F16,yes,12.96,179.04,131072,,
Gemma 4 e2b,5.1,M5 16GB,mac,16,4bit,8192,F16,yes,12.67,3.33,11817,,
Gemma 4 e2b,5.1,M5 16GB,mac,16,8bit,8192,F16,tight,14.1,1.9,0,,
Gemma 4 e2b,5.1,M5 16GB,mac,16,16bit,8192,F16,no,19.32,-3.32,0,,
Gemma 4 e2b,5.1,M5 24GB,mac,24,4bit,8192,F16,yes,12.67,11.33,131072,,
Gemma 4 e2b,5.1,M5 24GB,mac,24,8bit,8192,F16,yes,14.1,9.9,131072,,
Gemma 4 e2b,5.1,M5 24GB,mac,24,16bit,8192,F16,tight,19.32,4.68,4993,,
Gemma 4 e2b,5.1,M5 32GB,mac,32,4bit,8192,F16,yes,12.17,19.83,131072,,
Gemma 4 e2b,5.1,M5 32GB,mac,32,8bit,8192,F16,yes,13.6,18.4,131072,,
Gemma 4 e2b,5.1,M5 32GB,mac,32,16bit,8192,F16,yes,18.82,13.18,131072,,
Gemma 4 e2b,5.1,M5 Pro 24GB,mac,24,4bit,8192,F16,yes,12.67,11.33,131072,,
Gemma 4 e2b,5.1,M5 Pro 24GB,mac,24,8bit,8192,F16,yes,14.1,9.9,131072,,
Gemma 4 e2b,5.1,M5 Pro 24GB,mac,24,16bit,8192,F16,tight,19.32,4.68,4993,,
Gemma 4 e2b,5.1,M5 Pro 48GB,mac,48,4bit,8192,F16,yes,11.67,36.33,131072,,
Gemma 4 e2b,5.1,M5 Pro 48GB,mac,48,8bit,8192,F16,yes,13.1,34.9,131072,,
Gemma 4 e2b,5.1,M5 Pro 48GB,mac,48,16bit,8192,F16,yes,18.32,29.68,131072,,
Gemma 4 e2b,5.1,M5 Pro 64GB,mac,64,4bit,8192,F16,yes,11.67,52.33,131072,,
Gemma 4 e2b,5.1,M5 Pro 64GB,mac,64,8bit,8192,F16,yes,13.1,50.9,131072,,
Gemma 4 e2b,5.1,M5 Pro 64GB,mac,64,16bit,8192,F16,yes,18.32,45.68,131072,,
Gemma 4 e2b,5.1,M5 Max 36GB,mac,36,4bit,8192,F16,yes,12.17,23.83,131072,,
Gemma 4 e2b,5.1,M5 Max 36GB,mac,36,8bit,8192,F16,yes,13.6,22.4,131072,,
Gemma 4 e2b,5.1,M5 Max 36GB,mac,36,16bit,8192,F16,yes,18.82,17.18,131072,,
Gemma 4 e2b,5.1,M5 Max 48GB,mac,48,4bit,8192,F16,yes,11.67,36.33,131072,,
Gemma 4 e2b,5.1,M5 Max 48GB,mac,48,8bit,8192,F16,yes,13.1,34.9,131072,,
Gemma 4 e2b,5.1,M5 Max 48GB,mac,48,16bit,8192,F16,yes,18.32,29.68,131072,,
Gemma 4 e2b,5.1,M5 Max 64GB,mac,64,4bit,8192,F16,yes,11.67,52.33,131072,,
Gemma 4 e2b,5.1,M5 Max 64GB,mac,64,8bit,8192,F16,yes,13.1,50.9,131072,,
Gemma 4 e2b,5.1,M5 Max 64GB,mac,64,16bit,8192,F16,yes,18.32,45.68,131072,,
Gemma 4 e2b,5.1,M5 Max 128GB,mac,128,4bit,8192,F16,yes,11.67,116.33,131072,,
Gemma 4 e2b,5.1,M5 Max 128GB,mac,128,8bit,8192,F16,yes,13.1,114.9,131072,,
Gemma 4 e2b,5.1,M5 Max 128GB,mac,128,16bit,8192,F16,yes,18.32,109.68,131072,,
Gemma 4 e2b,5.1,M4 16GB,mac,16,4bit,8192,F16,yes,12.67,3.33,11817,,
Gemma 4 e2b,5.1,M4 16GB,mac,16,8bit,8192,F16,tight,14.1,1.9,0,,
Gemma 4 e2b,5.1,M4 16GB,mac,16,16bit,8192,F16,no,19.32,-3.32,0,,
Gemma 4 e2b,5.1,M4 24GB,mac,24,4bit,8192,F16,yes,12.67,11.33,131072,,
Gemma 4 e2b,5.1,M4 24GB,mac,24,8bit,8192,F16,yes,14.1,9.9,131072,,
Gemma 4 e2b,5.1,M4 24GB,mac,24,16bit,8192,F16,tight,19.32,4.68,4993,,
Gemma 4 e2b,5.1,M4 32GB,mac,32,4bit,8192,F16,yes,12.17,19.83,131072,,
Gemma 4 e2b,5.1,M4 32GB,mac,32,8bit,8192,F16,yes,13.6,18.4,131072,,
Gemma 4 e2b,5.1,M4 32GB,mac,32,16bit,8192,F16,yes,18.82,13.18,131072,,
Gemma 4 e2b,5.1,M4 Pro 24GB,mac,24,4bit,8192,F16,yes,12.67,11.33,131072,,
Gemma 4 e2b,5.1,M4 Pro 24GB,mac,24,8bit,8192,F16,yes,14.1,9.9,131072,,
Gemma 4 e2b,5.1,M4 Pro 24GB,mac,24,16bit,8192,F16,tight,19.32,4.68,4993,,
Gemma 4 e2b,5.1,M4 Pro 48GB,mac,48,4bit,8192,F16,yes,11.67,36.33,131072,,
Gemma 4 e2b,5.1,M4 Pro 48GB,mac,48,8bit,8192,F16,yes,13.1,34.9,131072,,
Gemma 4 e2b,5.1,M4 Pro 48GB,mac,48,16bit,8192,F16,yes,18.32,29.68,131072,,
Gemma 4 e2b,5.1,M4 Pro 64GB,mac,64,4bit,8192,F16,yes,11.67,52.33,131072,,
Gemma 4 e2b,5.1,M4 Pro 64GB,mac,64,8bit,8192,F16,yes,13.1,50.9,131072,,
Gemma 4 e2b,5.1,M4 Pro 64GB,mac,64,16bit,8192,F16,yes,18.32,45.68,131072,,
Gemma 4 e2b,5.1,M4 Max 36GB,mac,36,4bit,8192,F16,yes,12.17,23.83,131072,,
Gemma 4 e2b,5.1,M4 Max 36GB,mac,36,8bit,8192,F16,yes,13.6,22.4,131072,,
Gemma 4 e2b,5.1,M4 Max 36GB,mac,36,16bit,8192,F16,yes,18.82,17.18,131072,,
Gemma 4 e2b,5.1,M4 Max 48GB,mac,48,4bit,8192,F16,yes,11.67,36.33,131072,,
Gemma 4 e2b,5.1,M4 Max 48GB,mac,48,8bit,8192,F16,yes,13.1,34.9,131072,,
Gemma 4 e2b,5.1,M4 Max 48GB,mac,48,16bit,8192,F16,yes,18.32,29.68,131072,,
Gemma 4 e2b,5.1,M4 Max 64GB,mac,64,4bit,8192,F16,yes,11.67,52.33,131072,,
Gemma 4 e2b,5.1,M4 Max 64GB,mac,64,8bit,8192,F16,yes,13.1,50.9,131072,,
Gemma 4 e2b,5.1,M4 Max 64GB,mac,64,16bit,8192,F16,yes,18.32,45.68,131072,,
Gemma 4 e2b,5.1,M4 Max 128GB,mac,128,4bit,8192,F16,yes,11.67,116.33,131072,,
Gemma 4 e2b,5.1,M4 Max 128GB,mac,128,8bit,8192,F16,yes,13.1,114.9,131072,,
Gemma 4 e2b,5.1,M4 Max 128GB,mac,128,16bit,8192,F16,yes,18.32,109.68,131072,,
Gemma 4 e2b,5.1,M3 8GB,mac,8,4bit,8192,F16,no,12.67,-4.67,0,,
Gemma 4 e2b,5.1,M3 8GB,mac,8,8bit,8192,F16,no,14.1,-6.1,0,,
Gemma 4 e2b,5.1,M3 8GB,mac,8,16bit,8192,F16,no,19.32,-11.32,0,,
Gemma 4 e2b,5.1,M3 16GB,mac,16,4bit,8192,F16,yes,12.67,3.33,11817,,
Gemma 4 e2b,5.1,M3 16GB,mac,16,8bit,8192,F16,tight,14.1,1.9,0,,
Gemma 4 e2b,5.1,M3 16GB,mac,16,16bit,8192,F16,no,19.32,-3.32,0,,
Gemma 4 e2b,5.1,M3 24GB,mac,24,4bit,8192,F16,yes,12.67,11.33,131072,,
Gemma 4 e2b,5.1,M3 24GB,mac,24,8bit,8192,F16,yes,14.1,9.9,131072,,
Gemma 4 e2b,5.1,M3 24GB,mac,24,16bit,8192,F16,tight,19.32,4.68,4993,,
Gemma 4 e2b,5.1,M3 Pro 18GB,mac,18,4bit,8192,F16,yes,12.67,5.33,55557,,
Gemma 4 e2b,5.1,M3 Pro 18GB,mac,18,8bit,8192,F16,yes,14.1,3.9,16292,,
Gemma 4 e2b,5.1,M3 Pro 18GB,mac,18,16bit,8192,F16,no,19.32,-1.32,0,,
Gemma 4 e2b,5.1,M3 Pro 36GB,mac,36,4bit,8192,F16,yes,12.17,23.83,131072,,
Gemma 4 e2b,5.1,M3 Pro 36GB,mac,36,8bit,8192,F16,yes,13.6,22.4,131072,,
Gemma 4 e2b,5.1,M3 Pro 36GB,mac,36,16bit,8192,F16,yes,18.82,17.18,131072,,
Gemma 4 e2b,5.1,M3 Max 36GB,mac,36,4bit,8192,F16,yes,12.17,23.83,131072,,
Gemma 4 e2b,5.1,M3 Max 36GB,mac,36,8bit,8192,F16,yes,13.6,22.4,131072,,
Gemma 4 e2b,5.1,M3 Max 36GB,mac,36,16bit,8192,F16,yes,18.82,17.18,131072,,
Gemma 4 e2b,5.1,M3 Max 48GB,mac,48,4bit,8192,F16,yes,11.67,36.33,131072,,
Gemma 4 e2b,5.1,M3 Max 48GB,mac,48,8bit,8192,F16,yes,13.1,34.9,131072,,
Gemma 4 e2b,5.1,M3 Max 48GB,mac,48,16bit,8192,F16,yes,18.32,29.68,131072,,
Gemma 4 e2b,5.1,M3 Max 64GB,mac,64,4bit,8192,F16,yes,11.67,52.33,131072,,
Gemma 4 e2b,5.1,M3 Max 64GB,mac,64,8bit,8192,F16,yes,13.1,50.9,131072,,
Gemma 4 e2b,5.1,M3 Max 64GB,mac,64,16bit,8192,F16,yes,18.32,45.68,131072,,
Gemma 4 e2b,5.1,M3 Max 96GB,mac,96,4bit,8192,F16,yes,11.67,84.33,131072,,
Gemma 4 e2b,5.1,M3 Max 96GB,mac,96,8bit,8192,F16,yes,13.1,82.9,131072,,
Gemma 4 e2b,5.1,M3 Max 96GB,mac,96,16bit,8192,F16,yes,18.32,77.68,131072,,
Gemma 4 e2b,5.1,M3 Max 128GB,mac,128,4bit,8192,F16,yes,11.67,116.33,131072,,
Gemma 4 e2b,5.1,M3 Max 128GB,mac,128,8bit,8192,F16,yes,13.1,114.9,131072,,
Gemma 4 e2b,5.1,M3 Max 128GB,mac,128,16bit,8192,F16,yes,18.32,109.68,131072,,
Gemma 4 e2b,5.1,M3 Ultra 96GB,mac,96,4bit,8192,F16,yes,11.67,84.33,131072,,
Gemma 4 e2b,5.1,M3 Ultra 96GB,mac,96,8bit,8192,F16,yes,13.1,82.9,131072,,
Gemma 4 e2b,5.1,M3 Ultra 96GB,mac,96,16bit,8192,F16,yes,18.32,77.68,131072,,
Gemma 4 e2b,5.1,M3 Ultra 256GB,mac,256,4bit,8192,F16,yes,11.67,244.33,131072,,
Gemma 4 e2b,5.1,M3 Ultra 256GB,mac,256,8bit,8192,F16,yes,13.1,242.9,131072,,
Gemma 4 e2b,5.1,M3 Ultra 256GB,mac,256,16bit,8192,F16,yes,18.32,237.68,131072,,
Gemma 4 e2b,5.1,M3 Ultra 512GB,mac,512,4bit,8192,F16,yes,11.67,500.33,131072,,
Gemma 4 e2b,5.1,M3 Ultra 512GB,mac,512,8bit,8192,F16,yes,13.1,498.9,131072,,
Gemma 4 e2b,5.1,M3 Ultra 512GB,mac,512,16bit,8192,F16,yes,18.32,493.68,131072,,
Gemma 4 e2b,5.1,M2 8GB,mac,8,4bit,8192,F16,no,12.67,-4.67,0,,
Gemma 4 e2b,5.1,M2 8GB,mac,8,8bit,8192,F16,no,14.1,-6.1,0,,
Gemma 4 e2b,5.1,M2 8GB,mac,8,16bit,8192,F16,no,19.32,-11.32,0,,
Gemma 4 e2b,5.1,M2 16GB,mac,16,4bit,8192,F16,yes,12.67,3.33,11817,,
Gemma 4 e2b,5.1,M2 16GB,mac,16,8bit,8192,F16,tight,14.1,1.9,0,,
Gemma 4 e2b,5.1,M2 16GB,mac,16,16bit,8192,F16,no,19.32,-3.32,0,,
Gemma 4 e2b,5.1,M2 24GB,mac,24,4bit,8192,F16,yes,12.67,11.33,131072,,
Gemma 4 e2b,5.1,M2 24GB,mac,24,8bit,8192,F16,yes,14.1,9.9,131072,,
Gemma 4 e2b,5.1,M2 24GB,mac,24,16bit,8192,F16,tight,19.32,4.68,4993,,
Gemma 4 e2b,5.1,M2 Pro 16GB,mac,16,4bit,8192,F16,yes,12.67,3.33,11817,,
Gemma 4 e2b,5.1,M2 Pro 16GB,mac,16,8bit,8192,F16,tight,14.1,1.9,0,,
Gemma 4 e2b,5.1,M2 Pro 16GB,mac,16,16bit,8192,F16,no,19.32,-3.32,0,,
Gemma 4 e2b,5.1,M2 Pro 32GB,mac,32,4bit,8192,F16,yes,12.17,19.83,131072,,
Gemma 4 e2b,5.1,M2 Pro 32GB,mac,32,8bit,8192,F16,yes,13.6,18.4,131072,,
Gemma 4 e2b,5.1,M2 Pro 32GB,mac,32,16bit,8192,F16,yes,18.82,13.18,131072,,
Gemma 4 e2b,5.1,M2 Max 32GB,mac,32,4bit,8192,F16,yes,12.17,19.83,131072,,
Gemma 4 e2b,5.1,M2 Max 32GB,mac,32,8bit,8192,F16,yes,13.6,18.4,131072,,
Gemma 4 e2b,5.1,M2 Max 32GB,mac,32,16bit,8192,F16,yes,18.82,13.18,131072,,
Gemma 4 e2b,5.1,M2 Max 64GB,mac,64,4bit,8192,F16,yes,11.67,52.33,131072,,
Gemma 4 e2b,5.1,M2 Max 64GB,mac,64,8bit,8192,F16,yes,13.1,50.9,131072,,
Gemma 4 e2b,5.1,M2 Max 64GB,mac,64,16bit,8192,F16,yes,18.32,45.68,131072,,
Gemma 4 e2b,5.1,M2 Max 96GB,mac,96,4bit,8192,F16,yes,11.67,84.33,131072,,
Gemma 4 e2b,5.1,M2 Max 96GB,mac,96,8bit,8192,F16,yes,13.1,82.9,131072,,
Gemma 4 e2b,5.1,M2 Max 96GB,mac,96,16bit,8192,F16,yes,18.32,77.68,131072,,
Gemma 4 e2b,5.1,M2 Ultra 64GB,mac,64,4bit,8192,F16,yes,11.67,52.33,131072,,
Gemma 4 e2b,5.1,M2 Ultra 64GB,mac,64,8bit,8192,F16,yes,13.1,50.9,131072,,
Gemma 4 e2b,5.1,M2 Ultra 64GB,mac,64,16bit,8192,F16,yes,18.32,45.68,131072,,
Gemma 4 e2b,5.1,M2 Ultra 128GB,mac,128,4bit,8192,F16,yes,11.67,116.33,131072,,
Gemma 4 e2b,5.1,M2 Ultra 128GB,mac,128,8bit,8192,F16,yes,13.1,114.9,131072,,
Gemma 4 e2b,5.1,M2 Ultra 128GB,mac,128,16bit,8192,F16,yes,18.32,109.68,131072,,
Gemma 4 e2b,5.1,M2 Ultra 192GB,mac,192,4bit,8192,F16,yes,11.67,180.33,131072,,
Gemma 4 e2b,5.1,M2 Ultra 192GB,mac,192,8bit,8192,F16,yes,13.1,178.9,131072,,
Gemma 4 e2b,5.1,M2 Ultra 192GB,mac,192,16bit,8192,F16,yes,18.32,173.68,131072,,
Gemma 4 e2b,5.1,M1 8GB,mac,8,4bit,8192,F16,no,12.67,-4.67,0,,
Gemma 4 e2b,5.1,M1 8GB,mac,8,8bit,8192,F16,no,14.1,-6.1,0,,
Gemma 4 e2b,5.1,M1 8GB,mac,8,16bit,8192,F16,no,19.32,-11.32,0,,
Gemma 4 e2b,5.1,M1 16GB,mac,16,4bit,8192,F16,yes,12.67,3.33,11817,,
Gemma 4 e2b,5.1,M1 16GB,mac,16,8bit,8192,F16,tight,14.1,1.9,0,,
Gemma 4 e2b,5.1,M1 16GB,mac,16,16bit,8192,F16,no,19.32,-3.32,0,,
Gemma 4 e2b,5.1,M1 Pro 16GB,mac,16,4bit,8192,F16,yes,12.67,3.33,11817,,
Gemma 4 e2b,5.1,M1 Pro 16GB,mac,16,8bit,8192,F16,tight,14.1,1.9,0,,
Gemma 4 e2b,5.1,M1 Pro 16GB,mac,16,16bit,8192,F16,no,19.32,-3.32,0,,
Gemma 4 e2b,5.1,M1 Pro 32GB,mac,32,4bit,8192,F16,yes,12.17,19.83,131072,,
Gemma 4 e2b,5.1,M1 Pro 32GB,mac,32,8bit,8192,F16,yes,13.6,18.4,131072,,
Gemma 4 e2b,5.1,M1 Pro 32GB,mac,32,16bit,8192,F16,yes,18.82,13.18,131072,,
Gemma 4 e2b,5.1,M1 Max 32GB,mac,32,4bit,8192,F16,yes,12.17,19.83,131072,,
Gemma 4 e2b,5.1,M1 Max 32GB,mac,32,8bit,8192,F16,yes,13.6,18.4,131072,,
Gemma 4 e2b,5.1,M1 Max 32GB,mac,32,16bit,8192,F16,yes,18.82,13.18,131072,,
Gemma 4 e2b,5.1,M1 Max 64GB,mac,64,4bit,8192,F16,yes,11.67,52.33,131072,,
Gemma 4 e2b,5.1,M1 Max 64GB,mac,64,8bit,8192,F16,yes,13.1,50.9,131072,,
Gemma 4 e2b,5.1,M1 Max 64GB,mac,64,16bit,8192,F16,yes,18.32,45.68,131072,,
Gemma 4 e2b,5.1,M1 Ultra 64GB,mac,64,4bit,8192,F16,yes,11.67,52.33,131072,,
Gemma 4 e2b,5.1,M1 Ultra 64GB,mac,64,8bit,8192,F16,yes,13.1,50.9,131072,,
Gemma 4 e2b,5.1,M1 Ultra 64GB,mac,64,16bit,8192,F16,yes,18.32,45.68,131072,,
Gemma 4 e2b,5.1,M1 Ultra 128GB,mac,128,4bit,8192,F16,yes,11.67,116.33,131072,,
Gemma 4 e2b,5.1,M1 Ultra 128GB,mac,128,8bit,8192,F16,yes,13.1,114.9,131072,,
Gemma 4 e2b,5.1,M1 Ultra 128GB,mac,128,16bit,8192,F16,yes,18.32,109.68,131072,,
Gemma 4 e4b,8,RTX 5090,gpu,32,Q4_K_M,8192,F16,yes,7.52,24.48,131072,,
Gemma 4 e4b,8,RTX 5090,gpu,32,Q5_K_M,8192,F16,yes,8.36,23.64,131072,,
Gemma 4 e4b,8,RTX 5090,gpu,32,Q6_K,8192,F16,yes,9.26,22.74,131072,,
Gemma 4 e4b,8,RTX 5090,gpu,32,Q8_0,8192,F16,yes,11.28,20.72,131072,,
Gemma 4 e4b,8,RTX 5090,gpu,32,FP16,8192,F16,yes,19.1,12.9,131072,,
Gemma 4 e4b,8,RTX 5080,gpu,16,Q4_K_M,8192,F16,yes,7.52,8.48,131072,,
Gemma 4 e4b,8,RTX 5080,gpu,16,Q5_K_M,8192,F16,yes,8.36,7.64,131072,,
Gemma 4 e4b,8,RTX 5080,gpu,16,Q6_K,8192,F16,yes,9.26,6.74,131072,,
Gemma 4 e4b,8,RTX 5080,gpu,16,Q8_0,8192,F16,yes,11.28,4.72,94669,,
Gemma 4 e4b,8,RTX 5080,gpu,16,FP16,8192,F16,no,19.1,-3.1,0,,
Gemma 4 e4b,8,RTX 5070 Ti,gpu,16,Q4_K_M,8192,F16,yes,7.52,8.48,131072,,
Gemma 4 e4b,8,RTX 5070 Ti,gpu,16,Q5_K_M,8192,F16,yes,8.36,7.64,131072,,
Gemma 4 e4b,8,RTX 5070 Ti,gpu,16,Q6_K,8192,F16,yes,9.26,6.74,131072,,
Gemma 4 e4b,8,RTX 5070 Ti,gpu,16,Q8_0,8192,F16,yes,11.28,4.72,94669,,
Gemma 4 e4b,8,RTX 5070 Ti,gpu,16,FP16,8192,F16,no,19.1,-3.1,0,,
Gemma 4 e4b,8,RTX 5070,gpu,12,Q4_K_M,8192,F16,yes,7.52,4.48,93826,,
Gemma 4 e4b,8,RTX 5070,gpu,12,Q5_K_M,8192,F16,yes,8.36,3.64,75216,,
Gemma 4 e4b,8,RTX 5070,gpu,12,Q6_K,8192,F16,yes,9.26,2.74,55444,,
Gemma 4 e4b,8,RTX 5070,gpu,12,Q8_0,8192,F16,yes,11.28,0.72,10884,,
Gemma 4 e4b,8,RTX 5070,gpu,12,FP16,8192,F16,no,19.1,-7.1,0,,
Gemma 4 e4b,8,RTX 4090,gpu,24,Q4_K_M,8192,F16,yes,7.52,16.48,131072,,
Gemma 4 e4b,8,RTX 4090,gpu,24,Q5_K_M,8192,F16,yes,8.36,15.64,131072,,
Gemma 4 e4b,8,RTX 4090,gpu,24,Q6_K,8192,F16,yes,9.26,14.74,131072,,
Gemma 4 e4b,8,RTX 4090,gpu,24,Q8_0,8192,F16,yes,11.28,12.72,131072,,
Gemma 4 e4b,8,RTX 4090,gpu,24,FP16,8192,F16,yes,19.1,4.9,89757,,
Gemma 4 e4b,8,RTX 4080 SUPER,gpu,16,Q4_K_M,8192,F16,yes,7.52,8.48,131072,,
Gemma 4 e4b,8,RTX 4080 SUPER,gpu,16,Q5_K_M,8192,F16,yes,8.36,7.64,131072,,
Gemma 4 e4b,8,RTX 4080 SUPER,gpu,16,Q6_K,8192,F16,yes,9.26,6.74,131072,,
Gemma 4 e4b,8,RTX 4080 SUPER,gpu,16,Q8_0,8192,F16,yes,11.28,4.72,94669,,
Gemma 4 e4b,8,RTX 4080 SUPER,gpu,16,FP16,8192,F16,no,19.1,-3.1,0,,
Gemma 4 e4b,8,RTX 4070 Ti SUPER,gpu,16,Q4_K_M,8192,F16,yes,7.52,8.48,131072,,
Gemma 4 e4b,8,RTX 4070 Ti SUPER,gpu,16,Q5_K_M,8192,F16,yes,8.36,7.64,131072,,
Gemma 4 e4b,8,RTX 4070 Ti SUPER,gpu,16,Q6_K,8192,F16,yes,9.26,6.74,131072,,
Gemma 4 e4b,8,RTX 4070 Ti SUPER,gpu,16,Q8_0,8192,F16,yes,11.28,4.72,94669,,
Gemma 4 e4b,8,RTX 4070 Ti SUPER,gpu,16,FP16,8192,F16,no,19.1,-3.1,0,,
Gemma 4 e4b,8,RTX 4070,gpu,12,Q4_K_M,8192,F16,yes,7.52,4.48,93826,,
Gemma 4 e4b,8,RTX 4070,gpu,12,Q5_K_M,8192,F16,yes,8.36,3.64,75216,,
Gemma 4 e4b,8,RTX 4070,gpu,12,Q6_K,8192,F16,yes,9.26,2.74,55444,,
Gemma 4 e4b,8,RTX 4070,gpu,12,Q8_0,8192,F16,yes,11.28,0.72,10884,,
Gemma 4 e4b,8,RTX 4070,gpu,12,FP16,8192,F16,no,19.1,-7.1,0,,
Gemma 4 e4b,8,RTX 4060 Ti 16GB,gpu,16,Q4_K_M,8192,F16,yes,7.52,8.48,131072,,
Gemma 4 e4b,8,RTX 4060 Ti 16GB,gpu,16,Q5_K_M,8192,F16,yes,8.36,7.64,131072,,
Gemma 4 e4b,8,RTX 4060 Ti 16GB,gpu,16,Q6_K,8192,F16,yes,9.26,6.74,131072,,
Gemma 4 e4b,8,RTX 4060 Ti 16GB,gpu,16,Q8_0,8192,F16,yes,11.28,4.72,94669,,
Gemma 4 e4b,8,RTX 4060 Ti 16GB,gpu,16,FP16,8192,F16,no,19.1,-3.1,0,,
Gemma 4 e4b,8,RTX 3090,gpu,24,Q4_K_M,8192,F16,yes,7.52,16.48,131072,,
Gemma 4 e4b,8,RTX 3090,gpu,24,Q5_K_M,8192,F16,yes,8.36,15.64,131072,,
Gemma 4 e4b,8,RTX 3090,gpu,24,Q6_K,8192,F16,yes,9.26,14.74,131072,,
Gemma 4 e4b,8,RTX 3090,gpu,24,Q8_0,8192,F16,yes,11.28,12.72,131072,,
Gemma 4 e4b,8,RTX 3090,gpu,24,FP16,8192,F16,yes,19.1,4.9,89757,,
Gemma 4 e4b,8,RTX 3090 Ti,gpu,24,Q4_K_M,8192,F16,yes,7.52,16.48,131072,,
Gemma 4 e4b,8,RTX 3090 Ti,gpu,24,Q5_K_M,8192,F16,yes,8.36,15.64,131072,,
Gemma 4 e4b,8,RTX 3090 Ti,gpu,24,Q6_K,8192,F16,yes,9.26,14.74,131072,,
Gemma 4 e4b,8,RTX 3090 Ti,gpu,24,Q8_0,8192,F16,yes,11.28,12.72,131072,,
Gemma 4 e4b,8,RTX 3090 Ti,gpu,24,FP16,8192,F16,yes,19.1,4.9,89757,,
Gemma 4 e4b,8,RTX 3080 10GB,gpu,10,Q4_K_M,8192,F16,yes,7.52,2.48,51934,,
Gemma 4 e4b,8,RTX 3080 10GB,gpu,10,Q5_K_M,8192,F16,yes,8.36,1.64,33323,,
Gemma 4 e4b,8,RTX 3080 10GB,gpu,10,Q6_K,8192,F16,yes,9.26,0.74,13551,,
Gemma 4 e4b,8,RTX 3080 10GB,gpu,10,Q8_0,8192,F16,no,11.28,-1.28,0,,
Gemma 4 e4b,8,RTX 3080 10GB,gpu,10,FP16,8192,F16,no,19.1,-9.1,0,,
Gemma 4 e4b,8,RTX 3080 12GB,gpu,12,Q4_K_M,8192,F16,yes,7.52,4.48,93826,,
Gemma 4 e4b,8,RTX 3080 12GB,gpu,12,Q5_K_M,8192,F16,yes,8.36,3.64,75216,,
Gemma 4 e4b,8,RTX 3080 12GB,gpu,12,Q6_K,8192,F16,yes,9.26,2.74,55444,,
Gemma 4 e4b,8,RTX 3080 12GB,gpu,12,Q8_0,8192,F16,yes,11.28,0.72,10884,,
Gemma 4 e4b,8,RTX 3080 12GB,gpu,12,FP16,8192,F16,no,19.1,-7.1,0,,
Gemma 4 e4b,8,RTX 3060 12GB,gpu,12,Q4_K_M,8192,F16,yes,7.52,4.48,93826,,
Gemma 4 e4b,8,RTX 3060 12GB,gpu,12,Q5_K_M,8192,F16,yes,8.36,3.64,75216,,
Gemma 4 e4b,8,RTX 3060 12GB,gpu,12,Q6_K,8192,F16,yes,9.26,2.74,55444,,
Gemma 4 e4b,8,RTX 3060 12GB,gpu,12,Q8_0,8192,F16,yes,11.28,0.72,10884,,
Gemma 4 e4b,8,RTX 3060 12GB,gpu,12,FP16,8192,F16,no,19.1,-7.1,0,,
Gemma 4 e4b,8,RTX 5060 Ti 16GB,gpu,16,Q4_K_M,8192,F16,yes,7.52,8.48,131072,,
Gemma 4 e4b,8,RTX 5060 Ti 16GB,gpu,16,Q5_K_M,8192,F16,yes,8.36,7.64,131072,,
Gemma 4 e4b,8,RTX 5060 Ti 16GB,gpu,16,Q6_K,8192,F16,yes,9.26,6.74,131072,,
Gemma 4 e4b,8,RTX 5060 Ti 16GB,gpu,16,Q8_0,8192,F16,yes,11.28,4.72,94669,,
Gemma 4 e4b,8,RTX 5060 Ti 16GB,gpu,16,FP16,8192,F16,no,19.1,-3.1,0,,
Gemma 4 e4b,8,RTX 4070 Ti,gpu,12,Q4_K_M,8192,F16,yes,7.52,4.48,93826,,
Gemma 4 e4b,8,RTX 4070 Ti,gpu,12,Q5_K_M,8192,F16,yes,8.36,3.64,75216,,
Gemma 4 e4b,8,RTX 4070 Ti,gpu,12,Q6_K,8192,F16,yes,9.26,2.74,55444,,
Gemma 4 e4b,8,RTX 4070 Ti,gpu,12,Q8_0,8192,F16,yes,11.28,0.72,10884,,
Gemma 4 e4b,8,RTX 4070 Ti,gpu,12,FP16,8192,F16,no,19.1,-7.1,0,,
Gemma 4 e4b,8,RTX 4080,gpu,16,Q4_K_M,8192,F16,yes,7.52,8.48,131072,,
Gemma 4 e4b,8,RTX 4080,gpu,16,Q5_K_M,8192,F16,yes,8.36,7.64,131072,,
Gemma 4 e4b,8,RTX 4080,gpu,16,Q6_K,8192,F16,yes,9.26,6.74,131072,,
Gemma 4 e4b,8,RTX 4080,gpu,16,Q8_0,8192,F16,yes,11.28,4.72,94669,,
Gemma 4 e4b,8,RTX 4080,gpu,16,FP16,8192,F16,no,19.1,-3.1,0,,
Gemma 4 e4b,8,RTX 4060 Ti 8GB,gpu,8,Q4_K_M,8192,F16,yes,7.52,0.48,10041,,
Gemma 4 e4b,8,RTX 4060 Ti 8GB,gpu,8,Q5_K_M,8192,F16,no,8.36,-0.36,0,,
Gemma 4 e4b,8,RTX 4060 Ti 8GB,gpu,8,Q6_K,8192,F16,no,9.26,-1.26,0,,
Gemma 4 e4b,8,RTX 4060 Ti 8GB,gpu,8,Q8_0,8192,F16,no,11.28,-3.28,0,,
Gemma 4 e4b,8,RTX 4060 Ti 8GB,gpu,8,FP16,8192,F16,no,19.1,-11.1,0,,
Gemma 4 e4b,8,RTX 3060 8GB,gpu,8,Q4_K_M,8192,F16,yes,7.52,0.48,10041,,
Gemma 4 e4b,8,RTX 3060 8GB,gpu,8,Q5_K_M,8192,F16,no,8.36,-0.36,0,,
Gemma 4 e4b,8,RTX 3060 8GB,gpu,8,Q6_K,8192,F16,no,9.26,-1.26,0,,
Gemma 4 e4b,8,RTX 3060 8GB,gpu,8,Q8_0,8192,F16,no,11.28,-3.28,0,,
Gemma 4 e4b,8,RTX 3060 8GB,gpu,8,FP16,8192,F16,no,19.1,-11.1,0,,
Gemma 4 e4b,8,RTX 2080 Ti,gpu,11,Q4_K_M,8192,F16,yes,7.52,3.48,72880,,
Gemma 4 e4b,8,RTX 2080 Ti,gpu,11,Q5_K_M,8192,F16,yes,8.36,2.64,54270,,
Gemma 4 e4b,8,RTX 2080 Ti,gpu,11,Q6_K,8192,F16,yes,9.26,1.74,34498,,
Gemma 4 e4b,8,RTX 2080 Ti,gpu,11,Q8_0,8192,F16,no,11.28,-0.28,0,,
Gemma 4 e4b,8,RTX 2080 Ti,gpu,11,FP16,8192,F16,no,19.1,-8.1,0,,
Gemma 4 e4b,8,RTX 6000 Ada,gpu,48,Q4_K_M,8192,F16,yes,7.52,40.48,131072,,
Gemma 4 e4b,8,RTX 6000 Ada,gpu,48,Q5_K_M,8192,F16,yes,8.36,39.64,131072,,
Gemma 4 e4b,8,RTX 6000 Ada,gpu,48,Q6_K,8192,F16,yes,9.26,38.74,131072,,
Gemma 4 e4b,8,RTX 6000 Ada,gpu,48,Q8_0,8192,F16,yes,11.28,36.72,131072,,
Gemma 4 e4b,8,RTX 6000 Ada,gpu,48,FP16,8192,F16,yes,19.1,28.9,131072,,
Gemma 4 e4b,8,RTX PRO 6000 Blackwell,gpu,96,Q4_K_M,8192,F16,yes,7.52,88.48,131072,,
Gemma 4 e4b,8,RTX PRO 6000 Blackwell,gpu,96,Q5_K_M,8192,F16,yes,8.36,87.64,131072,,
Gemma 4 e4b,8,RTX PRO 6000 Blackwell,gpu,96,Q6_K,8192,F16,yes,9.26,86.74,131072,,
Gemma 4 e4b,8,RTX PRO 6000 Blackwell,gpu,96,Q8_0,8192,F16,yes,11.28,84.72,131072,,
Gemma 4 e4b,8,RTX PRO 6000 Blackwell,gpu,96,FP16,8192,F16,yes,19.1,76.9,131072,,
Gemma 4 e4b,8,RX 7900 XTX,gpu,24,Q4_K_M,8192,F16,yes,7.52,16.48,131072,,
Gemma 4 e4b,8,RX 7900 XTX,gpu,24,Q5_K_M,8192,F16,yes,8.36,15.64,131072,,
Gemma 4 e4b,8,RX 7900 XTX,gpu,24,Q6_K,8192,F16,yes,9.26,14.74,131072,,
Gemma 4 e4b,8,RX 7900 XTX,gpu,24,Q8_0,8192,F16,yes,11.28,12.72,131072,,
Gemma 4 e4b,8,RX 7900 XTX,gpu,24,FP16,8192,F16,yes,19.1,4.9,89757,,
Gemma 4 e4b,8,RX 7900 XT,gpu,20,Q4_K_M,8192,F16,yes,7.52,12.48,131072,,
Gemma 4 e4b,8,RX 7900 XT,gpu,20,Q5_K_M,8192,F16,yes,8.36,11.64,131072,,
Gemma 4 e4b,8,RX 7900 XT,gpu,20,Q6_K,8192,F16,yes,9.26,10.74,131072,,
Gemma 4 e4b,8,RX 7900 XT,gpu,20,Q8_0,8192,F16,yes,11.28,8.72,131072,,
Gemma 4 e4b,8,RX 7900 XT,gpu,20,FP16,8192,F16,tight,19.1,0.9,5972,,
Gemma 4 e4b,8,RX 7800 XT,gpu,16,Q4_K_M,8192,F16,yes,7.52,8.48,131072,,
Gemma 4 e4b,8,RX 7800 XT,gpu,16,Q5_K_M,8192,F16,yes,8.36,7.64,131072,,
Gemma 4 e4b,8,RX 7800 XT,gpu,16,Q6_K,8192,F16,yes,9.26,6.74,131072,,
Gemma 4 e4b,8,RX 7800 XT,gpu,16,Q8_0,8192,F16,yes,11.28,4.72,94669,,
Gemma 4 e4b,8,RX 7800 XT,gpu,16,FP16,8192,F16,no,19.1,-3.1,0,,
Gemma 4 e4b,8,RX 9070 XT,gpu,16,Q4_K_M,8192,F16,yes,7.52,8.48,131072,,
Gemma 4 e4b,8,RX 9070 XT,gpu,16,Q5_K_M,8192,F16,yes,8.36,7.64,131072,,
Gemma 4 e4b,8,RX 9070 XT,gpu,16,Q6_K,8192,F16,yes,9.26,6.74,131072,,
Gemma 4 e4b,8,RX 9070 XT,gpu,16,Q8_0,8192,F16,yes,11.28,4.72,94669,,
Gemma 4 e4b,8,RX 9070 XT,gpu,16,FP16,8192,F16,no,19.1,-3.1,0,,
Gemma 4 e4b,8,RX 9070,gpu,16,Q4_K_M,8192,F16,yes,7.52,8.48,131072,,
Gemma 4 e4b,8,RX 9070,gpu,16,Q5_K_M,8192,F16,yes,8.36,7.64,131072,,
Gemma 4 e4b,8,RX 9070,gpu,16,Q6_K,8192,F16,yes,9.26,6.74,131072,,
Gemma 4 e4b,8,RX 9070,gpu,16,Q8_0,8192,F16,yes,11.28,4.72,94669,,
Gemma 4 e4b,8,RX 9070,gpu,16,FP16,8192,F16,no,19.1,-3.1,0,,
Gemma 4 e4b,8,Radeon PRO W7900,gpu,48,Q4_K_M,8192,F16,yes,7.52,40.48,131072,,
Gemma 4 e4b,8,Radeon PRO W7900,gpu,48,Q5_K_M,8192,F16,yes,8.36,39.64,131072,,
Gemma 4 e4b,8,Radeon PRO W7900,gpu,48,Q6_K,8192,F16,yes,9.26,38.74,131072,,
Gemma 4 e4b,8,Radeon PRO W7900,gpu,48,Q8_0,8192,F16,yes,11.28,36.72,131072,,
Gemma 4 e4b,8,Radeon PRO W7900,gpu,48,FP16,8192,F16,yes,19.1,28.9,131072,,
Gemma 4 e4b,8,2× RTX 3090,gpu,48,Q4_K_M,8192,F16,yes,9.52,38.48,131072,,
Gemma 4 e4b,8,2× RTX 3090,gpu,48,Q5_K_M,8192,F16,yes,10.36,37.64,131072,,
Gemma 4 e4b,8,2× RTX 3090,gpu,48,Q6_K,8192,F16,yes,11.26,36.74,131072,,
Gemma 4 e4b,8,2× RTX 3090,gpu,48,Q8_0,8192,F16,yes,13.28,34.72,131072,,
Gemma 4 e4b,8,2× RTX 3090,gpu,48,FP16,8192,F16,yes,21.1,26.9,131072,,
Gemma 4 e4b,8,2× RTX 4090,gpu,48,Q4_K_M,8192,F16,yes,9.52,38.48,131072,,
Gemma 4 e4b,8,2× RTX 4090,gpu,48,Q5_K_M,8192,F16,yes,10.36,37.64,131072,,
Gemma 4 e4b,8,2× RTX 4090,gpu,48,Q6_K,8192,F16,yes,11.26,36.74,131072,,
Gemma 4 e4b,8,2× RTX 4090,gpu,48,Q8_0,8192,F16,yes,13.28,34.72,131072,,
Gemma 4 e4b,8,2× RTX 4090,gpu,48,FP16,8192,F16,yes,21.1,26.9,131072,,
Gemma 4 e4b,8,4× RTX 3090,gpu,96,Q4_K_M,8192,F16,yes,13.52,82.48,131072,,
Gemma 4 e4b,8,4× RTX 3090,gpu,96,Q5_K_M,8192,F16,yes,14.36,81.64,131072,,
Gemma 4 e4b,8,4× RTX 3090,gpu,96,Q6_K,8192,F16,yes,15.26,80.74,131072,,
Gemma 4 e4b,8,4× RTX 3090,gpu,96,Q8_0,8192,F16,yes,17.28,78.72,131072,,
Gemma 4 e4b,8,4× RTX 3090,gpu,96,FP16,8192,F16,yes,25.1,70.9,131072,,
Gemma 4 e4b,8,A100 40GB,gpu,40,Q4_K_M,8192,F16,yes,7.52,32.48,131072,,
Gemma 4 e4b,8,A100 40GB,gpu,40,Q5_K_M,8192,F16,yes,8.36,31.64,131072,,
Gemma 4 e4b,8,A100 40GB,gpu,40,Q6_K,8192,F16,yes,9.26,30.74,131072,,
Gemma 4 e4b,8,A100 40GB,gpu,40,Q8_0,8192,F16,yes,11.28,28.72,131072,,
Gemma 4 e4b,8,A100 40GB,gpu,40,FP16,8192,F16,yes,19.1,20.9,131072,,
Gemma 4 e4b,8,A100 80GB,gpu,80,Q4_K_M,8192,F16,yes,7.52,72.48,131072,,
Gemma 4 e4b,8,A100 80GB,gpu,80,Q5_K_M,8192,F16,yes,8.36,71.64,131072,,
Gemma 4 e4b,8,A100 80GB,gpu,80,Q6_K,8192,F16,yes,9.26,70.74,131072,,
Gemma 4 e4b,8,A100 80GB,gpu,80,Q8_0,8192,F16,yes,11.28,68.72,131072,,
Gemma 4 e4b,8,A100 80GB,gpu,80,FP16,8192,F16,yes,19.1,60.9,131072,,
Gemma 4 e4b,8,H100 80GB,gpu,80,Q4_K_M,8192,F16,yes,7.52,72.48,131072,,
Gemma 4 e4b,8,H100 80GB,gpu,80,Q5_K_M,8192,F16,yes,8.36,71.64,131072,,
Gemma 4 e4b,8,H100 80GB,gpu,80,Q6_K,8192,F16,yes,9.26,70.74,131072,,
Gemma 4 e4b,8,H100 80GB,gpu,80,Q8_0,8192,F16,yes,11.28,68.72,131072,,
Gemma 4 e4b,8,H100 80GB,gpu,80,FP16,8192,F16,yes,19.1,60.9,131072,,
Gemma 4 e4b,8,H200 141GB,gpu,141,Q4_K_M,8192,F16,yes,7.52,133.48,131072,,
Gemma 4 e4b,8,H200 141GB,gpu,141,Q5_K_M,8192,F16,yes,8.36,132.64,131072,,
Gemma 4 e4b,8,H200 141GB,gpu,141,Q6_K,8192,F16,yes,9.26,131.74,131072,,
Gemma 4 e4b,8,H200 141GB,gpu,141,Q8_0,8192,F16,yes,11.28,129.72,131072,,
Gemma 4 e4b,8,H200 141GB,gpu,141,FP16,8192,F16,yes,19.1,121.9,131072,,
Gemma 4 e4b,8,B200,gpu,192,Q4_K_M,8192,F16,yes,7.52,184.48,131072,,
Gemma 4 e4b,8,B200,gpu,192,Q5_K_M,8192,F16,yes,8.36,183.64,131072,,
Gemma 4 e4b,8,B200,gpu,192,Q6_K,8192,F16,yes,9.26,182.74,131072,,
Gemma 4 e4b,8,B200,gpu,192,Q8_0,8192,F16,yes,11.28,180.72,131072,,
Gemma 4 e4b,8,B200,gpu,192,FP16,8192,F16,yes,19.1,172.9,131072,,
Gemma 4 e4b,8,M5 16GB,mac,16,4bit,8192,F16,tight,14.63,1.37,0,,
Gemma 4 e4b,8,M5 16GB,mac,16,8bit,8192,F16,no,17.25,-1.25,0,,
Gemma 4 e4b,8,M5 16GB,mac,16,16bit,8192,F16,no,25.1,-9.1,0,,
Gemma 4 e4b,8,M5 24GB,mac,24,4bit,8192,F16,yes,14.63,9.37,109037,,
Gemma 4 e4b,8,M5 24GB,mac,24,8bit,8192,F16,yes,17.25,6.75,51080,,
Gemma 4 e4b,8,M5 24GB,mac,24,16bit,8192,F16,no,25.1,-1.1,0,,
Gemma 4 e4b,8,M5 32GB,mac,32,4bit,8192,F16,yes,14.13,17.87,131072,,
Gemma 4 e4b,8,M5 32GB,mac,32,8bit,8192,F16,yes,16.75,15.25,131072,,
Gemma 4 e4b,8,M5 32GB,mac,32,16bit,8192,F16,yes,24.6,7.4,30267,,
Gemma 4 e4b,8,M5 Pro 24GB,mac,24,4bit,8192,F16,yes,14.63,9.37,109037,,
Gemma 4 e4b,8,M5 Pro 24GB,mac,24,8bit,8192,F16,yes,17.25,6.75,51080,,
Gemma 4 e4b,8,M5 Pro 24GB,mac,24,16bit,8192,F16,no,25.1,-1.1,0,,
Gemma 4 e4b,8,M5 Pro 48GB,mac,48,4bit,8192,F16,yes,13.63,34.37,131072,,
Gemma 4 e4b,8,M5 Pro 48GB,mac,48,8bit,8192,F16,yes,16.25,31.75,131072,,
Gemma 4 e4b,8,M5 Pro 48GB,mac,48,16bit,8192,F16,yes,24.1,23.9,131072,,
Gemma 4 e4b,8,M5 Pro 64GB,mac,64,4bit,8192,F16,yes,13.63,50.37,131072,,
Gemma 4 e4b,8,M5 Pro 64GB,mac,64,8bit,8192,F16,yes,16.25,47.75,131072,,
Gemma 4 e4b,8,M5 Pro 64GB,mac,64,16bit,8192,F16,yes,24.1,39.9,131072,,
Gemma 4 e4b,8,M5 Max 36GB,mac,36,4bit,8192,F16,yes,14.13,21.87,131072,,
Gemma 4 e4b,8,M5 Max 36GB,mac,36,8bit,8192,F16,yes,16.75,19.25,131072,,
Gemma 4 e4b,8,M5 Max 36GB,mac,36,16bit,8192,F16,yes,24.6,11.4,100823,,
Gemma 4 e4b,8,M5 Max 48GB,mac,48,4bit,8192,F16,yes,13.63,34.37,131072,,
Gemma 4 e4b,8,M5 Max 48GB,mac,48,8bit,8192,F16,yes,16.25,31.75,131072,,
Gemma 4 e4b,8,M5 Max 48GB,mac,48,16bit,8192,F16,yes,24.1,23.9,131072,,
Gemma 4 e4b,8,M5 Max 64GB,mac,64,4bit,8192,F16,yes,13.63,50.37,131072,,
Gemma 4 e4b,8,M5 Max 64GB,mac,64,8bit,8192,F16,yes,16.25,47.75,131072,,
Gemma 4 e4b,8,M5 Max 64GB,mac,64,16bit,8192,F16,yes,24.1,39.9,131072,,
Gemma 4 e4b,8,M5 Max 128GB,mac,128,4bit,8192,F16,yes,13.63,114.37,131072,,
Gemma 4 e4b,8,M5 Max 128GB,mac,128,8bit,8192,F16,yes,16.25,111.75,131072,,
Gemma 4 e4b,8,M5 Max 128GB,mac,128,16bit,8192,F16,yes,24.1,103.9,131072,,
Gemma 4 e4b,8,M4 16GB,mac,16,4bit,8192,F16,tight,14.63,1.37,0,,
Gemma 4 e4b,8,M4 16GB,mac,16,8bit,8192,F16,no,17.25,-1.25,0,,
Gemma 4 e4b,8,M4 16GB,mac,16,16bit,8192,F16,no,25.1,-9.1,0,,
Gemma 4 e4b,8,M4 24GB,mac,24,4bit,8192,F16,yes,14.63,9.37,109037,,
Gemma 4 e4b,8,M4 24GB,mac,24,8bit,8192,F16,yes,17.25,6.75,51080,,
Gemma 4 e4b,8,M4 24GB,mac,24,16bit,8192,F16,no,25.1,-1.1,0,,
Gemma 4 e4b,8,M4 32GB,mac,32,4bit,8192,F16,yes,14.13,17.87,131072,,
Gemma 4 e4b,8,M4 32GB,mac,32,8bit,8192,F16,yes,16.75,15.25,131072,,
Gemma 4 e4b,8,M4 32GB,mac,32,16bit,8192,F16,yes,24.6,7.4,30267,,
Gemma 4 e4b,8,M4 Pro 24GB,mac,24,4bit,8192,F16,yes,14.63,9.37,109037,,
Gemma 4 e4b,8,M4 Pro 24GB,mac,24,8bit,8192,F16,yes,17.25,6.75,51080,,
Gemma 4 e4b,8,M4 Pro 24GB,mac,24,16bit,8192,F16,no,25.1,-1.1,0,,
Gemma 4 e4b,8,M4 Pro 48GB,mac,48,4bit,8192,F16,yes,13.63,34.37,131072,,
Gemma 4 e4b,8,M4 Pro 48GB,mac,48,8bit,8192,F16,yes,16.25,31.75,131072,,
Gemma 4 e4b,8,M4 Pro 48GB,mac,48,16bit,8192,F16,yes,24.1,23.9,131072,,
Gemma 4 e4b,8,M4 Pro 64GB,mac,64,4bit,8192,F16,yes,13.63,50.37,131072,,
Gemma 4 e4b,8,M4 Pro 64GB,mac,64,8bit,8192,F16,yes,16.25,47.75,131072,,
Gemma 4 e4b,8,M4 Pro 64GB,mac,64,16bit,8192,F16,yes,24.1,39.9,131072,,
Gemma 4 e4b,8,M4 Max 36GB,mac,36,4bit,8192,F16,yes,14.13,21.87,131072,,
Gemma 4 e4b,8,M4 Max 36GB,mac,36,8bit,8192,F16,yes,16.75,19.25,131072,,
Gemma 4 e4b,8,M4 Max 36GB,mac,36,16bit,8192,F16,yes,24.6,11.4,100823,,
Gemma 4 e4b,8,M4 Max 48GB,mac,48,4bit,8192,F16,yes,13.63,34.37,131072,,
Gemma 4 e4b,8,M4 Max 48GB,mac,48,8bit,8192,F16,yes,16.25,31.75,131072,,
Gemma 4 e4b,8,M4 Max 48GB,mac,48,16bit,8192,F16,yes,24.1,23.9,131072,,
Gemma 4 e4b,8,M4 Max 64GB,mac,64,4bit,8192,F16,yes,13.63,50.37,131072,,
Gemma 4 e4b,8,M4 Max 64GB,mac,64,8bit,8192,F16,yes,16.25,47.75,131072,,
Gemma 4 e4b,8,M4 Max 64GB,mac,64,16bit,8192,F16,yes,24.1,39.9,131072,,
Gemma 4 e4b,8,M4 Max 128GB,mac,128,4bit,8192,F16,yes,13.63,114.37,131072,,
Gemma 4 e4b,8,M4 Max 128GB,mac,128,8bit,8192,F16,yes,16.25,111.75,131072,,
Gemma 4 e4b,8,M4 Max 128GB,mac,128,16bit,8192,F16,yes,24.1,103.9,131072,,
Gemma 4 e4b,8,M3 8GB,mac,8,4bit,8192,F16,no,14.63,-6.63,0,,
Gemma 4 e4b,8,M3 8GB,mac,8,8bit,8192,F16,no,17.25,-9.25,0,,
Gemma 4 e4b,8,M3 8GB,mac,8,16bit,8192,F16,no,25.1,-17.1,0,,
Gemma 4 e4b,8,M3 16GB,mac,16,4bit,8192,F16,tight,14.63,1.37,0,,
Gemma 4 e4b,8,M3 16GB,mac,16,8bit,8192,F16,no,17.25,-1.25,0,,
Gemma 4 e4b,8,M3 16GB,mac,16,16bit,8192,F16,no,25.1,-9.1,0,,
Gemma 4 e4b,8,M3 24GB,mac,24,4bit,8192,F16,yes,14.63,9.37,109037,,
Gemma 4 e4b,8,M3 24GB,mac,24,8bit,8192,F16,yes,17.25,6.75,51080,,
Gemma 4 e4b,8,M3 24GB,mac,24,16bit,8192,F16,no,25.1,-1.1,0,,
Gemma 4 e4b,8,M3 Pro 18GB,mac,18,4bit,8192,F16,tight,14.63,3.37,3203,,
Gemma 4 e4b,8,M3 Pro 18GB,mac,18,8bit,8192,F16,tight,17.25,0.75,0,,
Gemma 4 e4b,8,M3 Pro 18GB,mac,18,16bit,8192,F16,no,25.1,-7.1,0,,
Gemma 4 e4b,8,M3 Pro 36GB,mac,36,4bit,8192,F16,yes,14.13,21.87,131072,,
Gemma 4 e4b,8,M3 Pro 36GB,mac,36,8bit,8192,F16,yes,16.75,19.25,131072,,
Gemma 4 e4b,8,M3 Pro 36GB,mac,36,16bit,8192,F16,yes,24.6,11.4,100823,,
Gemma 4 e4b,8,M3 Max 36GB,mac,36,4bit,8192,F16,yes,14.13,21.87,131072,,
Gemma 4 e4b,8,M3 Max 36GB,mac,36,8bit,8192,F16,yes,16.75,19.25,131072,,
Gemma 4 e4b,8,M3 Max 36GB,mac,36,16bit,8192,F16,yes,24.6,11.4,100823,,
Gemma 4 e4b,8,M3 Max 48GB,mac,48,4bit,8192,F16,yes,13.63,34.37,131072,,
Gemma 4 e4b,8,M3 Max 48GB,mac,48,8bit,8192,F16,yes,16.25,31.75,131072,,
Gemma 4 e4b,8,M3 Max 48GB,mac,48,16bit,8192,F16,yes,24.1,23.9,131072,,
Gemma 4 e4b,8,M3 Max 64GB,mac,64,4bit,8192,F16,yes,13.63,50.37,131072,,
Gemma 4 e4b,8,M3 Max 64GB,mac,64,8bit,8192,F16,yes,16.25,47.75,131072,,
Gemma 4 e4b,8,M3 Max 64GB,mac,64,16bit,8192,F16,yes,24.1,39.9,131072,,
Gemma 4 e4b,8,M3 Max 96GB,mac,96,4bit,8192,F16,yes,13.63,82.37,131072,,
Gemma 4 e4b,8,M3 Max 96GB,mac,96,8bit,8192,F16,yes,16.25,79.75,131072,,
Gemma 4 e4b,8,M3 Max 96GB,mac,96,16bit,8192,F16,yes,24.1,71.9,131072,,
Gemma 4 e4b,8,M3 Max 128GB,mac,128,4bit,8192,F16,yes,13.63,114.37,131072,,
Gemma 4 e4b,8,M3 Max 128GB,mac,128,8bit,8192,F16,yes,16.25,111.75,131072,,
Gemma 4 e4b,8,M3 Max 128GB,mac,128,16bit,8192,F16,yes,24.1,103.9,131072,,
Gemma 4 e4b,8,M3 Ultra 96GB,mac,96,4bit,8192,F16,yes,13.63,82.37,131072,,
Gemma 4 e4b,8,M3 Ultra 96GB,mac,96,8bit,8192,F16,yes,16.25,79.75,131072,,
Gemma 4 e4b,8,M3 Ultra 96GB,mac,96,16bit,8192,F16,yes,24.1,71.9,131072,,
Gemma 4 e4b,8,M3 Ultra 256GB,mac,256,4bit,8192,F16,yes,13.63,242.37,131072,,
Gemma 4 e4b,8,M3 Ultra 256GB,mac,256,8bit,8192,F16,yes,16.25,239.75,131072,,
Gemma 4 e4b,8,M3 Ultra 256GB,mac,256,16bit,8192,F16,yes,24.1,231.9,131072,,
Gemma 4 e4b,8,M3 Ultra 512GB,mac,512,4bit,8192,F16,yes,13.63,498.37,131072,,
Gemma 4 e4b,8,M3 Ultra 512GB,mac,512,8bit,8192,F16,yes,16.25,495.75,131072,,
Gemma 4 e4b,8,M3 Ultra 512GB,mac,512,16bit,8192,F16,yes,24.1,487.9,131072,,
Gemma 4 e4b,8,M2 8GB,mac,8,4bit,8192,F16,no,14.63,-6.63,0,,
Gemma 4 e4b,8,M2 8GB,mac,8,8bit,8192,F16,no,17.25,-9.25,0,,
Gemma 4 e4b,8,M2 8GB,mac,8,16bit,8192,F16,no,25.1,-17.1,0,,
Gemma 4 e4b,8,M2 16GB,mac,16,4bit,8192,F16,tight,14.63,1.37,0,,
Gemma 4 e4b,8,M2 16GB,mac,16,8bit,8192,F16,no,17.25,-1.25,0,,
Gemma 4 e4b,8,M2 16GB,mac,16,16bit,8192,F16,no,25.1,-9.1,0,,
Gemma 4 e4b,8,M2 24GB,mac,24,4bit,8192,F16,yes,14.63,9.37,109037,,
Gemma 4 e4b,8,M2 24GB,mac,24,8bit,8192,F16,yes,17.25,6.75,51080,,
Gemma 4 e4b,8,M2 24GB,mac,24,16bit,8192,F16,no,25.1,-1.1,0,,
Gemma 4 e4b,8,M2 Pro 16GB,mac,16,4bit,8192,F16,tight,14.63,1.37,0,,
Gemma 4 e4b,8,M2 Pro 16GB,mac,16,8bit,8192,F16,no,17.25,-1.25,0,,
Gemma 4 e4b,8,M2 Pro 16GB,mac,16,16bit,8192,F16,no,25.1,-9.1,0,,
Gemma 4 e4b,8,M2 Pro 32GB,mac,32,4bit,8192,F16,yes,14.13,17.87,131072,,
Gemma 4 e4b,8,M2 Pro 32GB,mac,32,8bit,8192,F16,yes,16.75,15.25,131072,,
Gemma 4 e4b,8,M2 Pro 32GB,mac,32,16bit,8192,F16,yes,24.6,7.4,30267,,
Gemma 4 e4b,8,M2 Max 32GB,mac,32,4bit,8192,F16,yes,14.13,17.87,131072,,
Gemma 4 e4b,8,M2 Max 32GB,mac,32,8bit,8192,F16,yes,16.75,15.25,131072,,
Gemma 4 e4b,8,M2 Max 32GB,mac,32,16bit,8192,F16,yes,24.6,7.4,30267,,
Gemma 4 e4b,8,M2 Max 64GB,mac,64,4bit,8192,F16,yes,13.63,50.37,131072,,
Gemma 4 e4b,8,M2 Max 64GB,mac,64,8bit,8192,F16,yes,16.25,47.75,131072,,
Gemma 4 e4b,8,M2 Max 64GB,mac,64,16bit,8192,F16,yes,24.1,39.9,131072,,
Gemma 4 e4b,8,M2 Max 96GB,mac,96,4bit,8192,F16,yes,13.63,82.37,131072,,
Gemma 4 e4b,8,M2 Max 96GB,mac,96,8bit,8192,F16,yes,16.25,79.75,131072,,
Gemma 4 e4b,8,M2 Max 96GB,mac,96,16bit,8192,F16,yes,24.1,71.9,131072,,
Gemma 4 e4b,8,M2 Ultra 64GB,mac,64,4bit,8192,F16,yes,13.63,50.37,131072,,
Gemma 4 e4b,8,M2 Ultra 64GB,mac,64,8bit,8192,F16,yes,16.25,47.75,131072,,
Gemma 4 e4b,8,M2 Ultra 64GB,mac,64,16bit,8192,F16,yes,24.1,39.9,131072,,
Gemma 4 e4b,8,M2 Ultra 128GB,mac,128,4bit,8192,F16,yes,13.63,114.37,131072,,
Gemma 4 e4b,8,M2 Ultra 128GB,mac,128,8bit,8192,F16,yes,16.25,111.75,131072,,
Gemma 4 e4b,8,M2 Ultra 128GB,mac,128,16bit,8192,F16,yes,24.1,103.9,131072,,
Gemma 4 e4b,8,M2 Ultra 192GB,mac,192,4bit,8192,F16,yes,13.63,178.37,131072,,
Gemma 4 e4b,8,M2 Ultra 192GB,mac,192,8bit,8192,F16,yes,16.25,175.75,131072,,
Gemma 4 e4b,8,M2 Ultra 192GB,mac,192,16bit,8192,F16,yes,24.1,167.9,131072,,
Gemma 4 e4b,8,M1 8GB,mac,8,4bit,8192,F16,no,14.63,-6.63,0,,
Gemma 4 e4b,8,M1 8GB,mac,8,8bit,8192,F16,no,17.25,-9.25,0,,
Gemma 4 e4b,8,M1 8GB,mac,8,16bit,8192,F16,no,25.1,-17.1,0,,
Gemma 4 e4b,8,M1 16GB,mac,16,4bit,8192,F16,tight,14.63,1.37,0,,
Gemma 4 e4b,8,M1 16GB,mac,16,8bit,8192,F16,no,17.25,-1.25,0,,
Gemma 4 e4b,8,M1 16GB,mac,16,16bit,8192,F16,no,25.1,-9.1,0,,
Gemma 4 e4b,8,M1 Pro 16GB,mac,16,4bit,8192,F16,tight,14.63,1.37,0,,
Gemma 4 e4b,8,M1 Pro 16GB,mac,16,8bit,8192,F16,no,17.25,-1.25,0,,
Gemma 4 e4b,8,M1 Pro 16GB,mac,16,16bit,8192,F16,no,25.1,-9.1,0,,
Gemma 4 e4b,8,M1 Pro 32GB,mac,32,4bit,8192,F16,yes,14.13,17.87,131072,,
Gemma 4 e4b,8,M1 Pro 32GB,mac,32,8bit,8192,F16,yes,16.75,15.25,131072,,
Gemma 4 e4b,8,M1 Pro 32GB,mac,32,16bit,8192,F16,yes,24.6,7.4,30267,,
Gemma 4 e4b,8,M1 Max 32GB,mac,32,4bit,8192,F16,yes,14.13,17.87,131072,,
Gemma 4 e4b,8,M1 Max 32GB,mac,32,8bit,8192,F16,yes,16.75,15.25,131072,,
Gemma 4 e4b,8,M1 Max 32GB,mac,32,16bit,8192,F16,yes,24.6,7.4,30267,,
Gemma 4 e4b,8,M1 Max 64GB,mac,64,4bit,8192,F16,yes,13.63,50.37,131072,,
Gemma 4 e4b,8,M1 Max 64GB,mac,64,8bit,8192,F16,yes,16.25,47.75,131072,,
Gemma 4 e4b,8,M1 Max 64GB,mac,64,16bit,8192,F16,yes,24.1,39.9,131072,,
Gemma 4 e4b,8,M1 Ultra 64GB,mac,64,4bit,8192,F16,yes,13.63,50.37,131072,,
Gemma 4 e4b,8,M1 Ultra 64GB,mac,64,8bit,8192,F16,yes,16.25,47.75,131072,,
Gemma 4 e4b,8,M1 Ultra 64GB,mac,64,16bit,8192,F16,yes,24.1,39.9,131072,,
Gemma 4 e4b,8,M1 Ultra 128GB,mac,128,4bit,8192,F16,yes,13.63,114.37,131072,,
Gemma 4 e4b,8,M1 Ultra 128GB,mac,128,8bit,8192,F16,yes,16.25,111.75,131072,,
Gemma 4 e4b,8,M1 Ultra 128GB,mac,128,16bit,8192,F16,yes,24.1,103.9,131072,,
Gemma 4 12b,11.95,RTX 5090,gpu,32,Q4_K_M,8192,F16,yes,10.37,21.63,262144,,
Gemma 4 12b,11.95,RTX 5090,gpu,32,Q5_K_M,8192,F16,yes,11.64,20.36,262144,,
Gemma 4 12b,11.95,RTX 5090,gpu,32,Q6_K,8192,F16,yes,12.98,19.02,262144,,
Gemma 4 12b,11.95,RTX 5090,gpu,32,Q8_0,8192,F16,yes,15.99,16.01,262144,,
Gemma 4 12b,11.95,RTX 5090,gpu,32,FP16,8192,F16,yes,27.68,4.32,65412,,
Gemma 4 12b,11.95,RTX 5080,gpu,16,Q4_K_M,8192,F16,yes,10.37,5.63,109672,,
Gemma 4 12b,11.95,RTX 5080,gpu,16,Q5_K_M,8192,F16,yes,11.64,4.36,83155,,
Gemma 4 12b,11.95,RTX 5080,gpu,16,Q6_K,8192,F16,yes,12.98,3.02,54983,,
Gemma 4 12b,11.95,RTX 5080,gpu,16,Q8_0,8192,F16,tight,15.99,0.01,0,,
Gemma 4 12b,11.95,RTX 5080,gpu,16,FP16,8192,F16,no,27.68,-11.68,0,,
Gemma 4 12b,11.95,RTX 5070 Ti,gpu,16,Q4_K_M,8192,F16,yes,10.37,5.63,109672,,
Gemma 4 12b,11.95,RTX 5070 Ti,gpu,16,Q5_K_M,8192,F16,yes,11.64,4.36,83155,,
Gemma 4 12b,11.95,RTX 5070 Ti,gpu,16,Q6_K,8192,F16,yes,12.98,3.02,54983,,
Gemma 4 12b,11.95,RTX 5070 Ti,gpu,16,Q8_0,8192,F16,tight,15.99,0.01,0,,
Gemma 4 12b,11.95,RTX 5070 Ti,gpu,16,FP16,8192,F16,no,27.68,-11.68,0,,
Gemma 4 12b,11.95,RTX 5070,gpu,12,Q4_K_M,8192,F16,yes,10.37,1.63,29752,,
Gemma 4 12b,11.95,RTX 5070,gpu,12,Q5_K_M,8192,F16,tight,11.64,0.36,3235,,
Gemma 4 12b,11.95,RTX 5070,gpu,12,Q6_K,8192,F16,no,12.98,-0.98,0,,
Gemma 4 12b,11.95,RTX 5070,gpu,12,Q8_0,8192,F16,no,15.99,-3.99,0,,
Gemma 4 12b,11.95,RTX 5070,gpu,12,FP16,8192,F16,no,27.68,-15.68,0,,
Gemma 4 12b,11.95,RTX 4090,gpu,24,Q4_K_M,8192,F16,yes,10.37,13.63,262144,,
Gemma 4 12b,11.95,RTX 4090,gpu,24,Q5_K_M,8192,F16,yes,11.64,12.36,242994,,
Gemma 4 12b,11.95,RTX 4090,gpu,24,Q6_K,8192,F16,yes,12.98,11.02,214823,,
Gemma 4 12b,11.95,RTX 4090,gpu,24,Q8_0,8192,F16,yes,15.99,8.01,151332,,
Gemma 4 12b,11.95,RTX 4090,gpu,24,FP16,8192,F16,no,27.68,-3.68,0,,
Gemma 4 12b,11.95,RTX 4080 SUPER,gpu,16,Q4_K_M,8192,F16,yes,10.37,5.63,109672,,
Gemma 4 12b,11.95,RTX 4080 SUPER,gpu,16,Q5_K_M,8192,F16,yes,11.64,4.36,83155,,
Gemma 4 12b,11.95,RTX 4080 SUPER,gpu,16,Q6_K,8192,F16,yes,12.98,3.02,54983,,
Gemma 4 12b,11.95,RTX 4080 SUPER,gpu,16,Q8_0,8192,F16,tight,15.99,0.01,0,,
Gemma 4 12b,11.95,RTX 4080 SUPER,gpu,16,FP16,8192,F16,no,27.68,-11.68,0,,
Gemma 4 12b,11.95,RTX 4070 Ti SUPER,gpu,16,Q4_K_M,8192,F16,yes,10.37,5.63,109672,,
Gemma 4 12b,11.95,RTX 4070 Ti SUPER,gpu,16,Q5_K_M,8192,F16,yes,11.64,4.36,83155,,
Gemma 4 12b,11.95,RTX 4070 Ti SUPER,gpu,16,Q6_K,8192,F16,yes,12.98,3.02,54983,,
Gemma 4 12b,11.95,RTX 4070 Ti SUPER,gpu,16,Q8_0,8192,F16,tight,15.99,0.01,0,,
Gemma 4 12b,11.95,RTX 4070 Ti SUPER,gpu,16,FP16,8192,F16,no,27.68,-11.68,0,,
Gemma 4 12b,11.95,RTX 4070,gpu,12,Q4_K_M,8192,F16,yes,10.37,1.63,29752,,
Gemma 4 12b,11.95,RTX 4070,gpu,12,Q5_K_M,8192,F16,tight,11.64,0.36,3235,,
Gemma 4 12b,11.95,RTX 4070,gpu,12,Q6_K,8192,F16,no,12.98,-0.98,0,,
Gemma 4 12b,11.95,RTX 4070,gpu,12,Q8_0,8192,F16,no,15.99,-3.99,0,,
Gemma 4 12b,11.95,RTX 4070,gpu,12,FP16,8192,F16,no,27.68,-15.68,0,,
Gemma 4 12b,11.95,RTX 4060 Ti 16GB,gpu,16,Q4_K_M,8192,F16,yes,10.37,5.63,109672,,
Gemma 4 12b,11.95,RTX 4060 Ti 16GB,gpu,16,Q5_K_M,8192,F16,yes,11.64,4.36,83155,,
Gemma 4 12b,11.95,RTX 4060 Ti 16GB,gpu,16,Q6_K,8192,F16,yes,12.98,3.02,54983,,
Gemma 4 12b,11.95,RTX 4060 Ti 16GB,gpu,16,Q8_0,8192,F16,tight,15.99,0.01,0,,
Gemma 4 12b,11.95,RTX 4060 Ti 16GB,gpu,16,FP16,8192,F16,no,27.68,-11.68,0,,
Gemma 4 12b,11.95,RTX 3090,gpu,24,Q4_K_M,8192,F16,yes,10.37,13.63,262144,,
Gemma 4 12b,11.95,RTX 3090,gpu,24,Q5_K_M,8192,F16,yes,11.64,12.36,242994,,
Gemma 4 12b,11.95,RTX 3090,gpu,24,Q6_K,8192,F16,yes,12.98,11.02,214823,,
Gemma 4 12b,11.95,RTX 3090,gpu,24,Q8_0,8192,F16,yes,15.99,8.01,151332,,
Gemma 4 12b,11.95,RTX 3090,gpu,24,FP16,8192,F16,no,27.68,-3.68,0,,
Gemma 4 12b,11.95,RTX 3090 Ti,gpu,24,Q4_K_M,8192,F16,yes,10.37,13.63,262144,,
Gemma 4 12b,11.95,RTX 3090 Ti,gpu,24,Q5_K_M,8192,F16,yes,11.64,12.36,242994,,
Gemma 4 12b,11.95,RTX 3090 Ti,gpu,24,Q6_K,8192,F16,yes,12.98,11.02,214823,,
Gemma 4 12b,11.95,RTX 3090 Ti,gpu,24,Q8_0,8192,F16,yes,15.99,8.01,151332,,
Gemma 4 12b,11.95,RTX 3090 Ti,gpu,24,FP16,8192,F16,no,27.68,-3.68,0,,
Gemma 4 12b,11.95,RTX 3080 10GB,gpu,10,Q4_K_M,8192,F16,no,10.37,-0.37,0,,
Gemma 4 12b,11.95,RTX 3080 10GB,gpu,10,Q5_K_M,8192,F16,no,11.64,-1.64,0,,
Gemma 4 12b,11.95,RTX 3080 10GB,gpu,10,Q6_K,8192,F16,no,12.98,-2.98,0,,
Gemma 4 12b,11.95,RTX 3080 10GB,gpu,10,Q8_0,8192,F16,no,15.99,-5.99,0,,
Gemma 4 12b,11.95,RTX 3080 10GB,gpu,10,FP16,8192,F16,no,27.68,-17.68,0,,
Gemma 4 12b,11.95,RTX 3080 12GB,gpu,12,Q4_K_M,8192,F16,yes,10.37,1.63,29752,,
Gemma 4 12b,11.95,RTX 3080 12GB,gpu,12,Q5_K_M,8192,F16,tight,11.64,0.36,3235,,
Gemma 4 12b,11.95,RTX 3080 12GB,gpu,12,Q6_K,8192,F16,no,12.98,-0.98,0,,
Gemma 4 12b,11.95,RTX 3080 12GB,gpu,12,Q8_0,8192,F16,no,15.99,-3.99,0,,
Gemma 4 12b,11.95,RTX 3080 12GB,gpu,12,FP16,8192,F16,no,27.68,-15.68,0,,
Gemma 4 12b,11.95,RTX 3060 12GB,gpu,12,Q4_K_M,8192,F16,yes,10.37,1.63,29752,,
Gemma 4 12b,11.95,RTX 3060 12GB,gpu,12,Q5_K_M,8192,F16,tight,11.64,0.36,3235,,
Gemma 4 12b,11.95,RTX 3060 12GB,gpu,12,Q6_K,8192,F16,no,12.98,-0.98,0,,
Gemma 4 12b,11.95,RTX 3060 12GB,gpu,12,Q8_0,8192,F16,no,15.99,-3.99,0,,
Gemma 4 12b,11.95,RTX 3060 12GB,gpu,12,FP16,8192,F16,no,27.68,-15.68,0,,
Gemma 4 12b,11.95,RTX 5060 Ti 16GB,gpu,16,Q4_K_M,8192,F16,yes,10.37,5.63,109672,,
Gemma 4 12b,11.95,RTX 5060 Ti 16GB,gpu,16,Q5_K_M,8192,F16,yes,11.64,4.36,83155,,
Gemma 4 12b,11.95,RTX 5060 Ti 16GB,gpu,16,Q6_K,8192,F16,yes,12.98,3.02,54983,,
Gemma 4 12b,11.95,RTX 5060 Ti 16GB,gpu,16,Q8_0,8192,F16,tight,15.99,0.01,0,,
Gemma 4 12b,11.95,RTX 5060 Ti 16GB,gpu,16,FP16,8192,F16,no,27.68,-11.68,0,,
Gemma 4 12b,11.95,RTX 4070 Ti,gpu,12,Q4_K_M,8192,F16,yes,10.37,1.63,29752,,
Gemma 4 12b,11.95,RTX 4070 Ti,gpu,12,Q5_K_M,8192,F16,tight,11.64,0.36,3235,,
Gemma 4 12b,11.95,RTX 4070 Ti,gpu,12,Q6_K,8192,F16,no,12.98,-0.98,0,,
Gemma 4 12b,11.95,RTX 4070 Ti,gpu,12,Q8_0,8192,F16,no,15.99,-3.99,0,,
Gemma 4 12b,11.95,RTX 4070 Ti,gpu,12,FP16,8192,F16,no,27.68,-15.68,0,,
Gemma 4 12b,11.95,RTX 4080,gpu,16,Q4_K_M,8192,F16,yes,10.37,5.63,109672,,
Gemma 4 12b,11.95,RTX 4080,gpu,16,Q5_K_M,8192,F16,yes,11.64,4.36,83155,,
Gemma 4 12b,11.95,RTX 4080,gpu,16,Q6_K,8192,F16,yes,12.98,3.02,54983,,
Gemma 4 12b,11.95,RTX 4080,gpu,16,Q8_0,8192,F16,tight,15.99,0.01,0,,
Gemma 4 12b,11.95,RTX 4080,gpu,16,FP16,8192,F16,no,27.68,-11.68,0,,
Gemma 4 12b,11.95,RTX 4060 Ti 8GB,gpu,8,Q4_K_M,8192,F16,no,10.37,-2.37,0,,
Gemma 4 12b,11.95,RTX 4060 Ti 8GB,gpu,8,Q5_K_M,8192,F16,no,11.64,-3.64,0,,
Gemma 4 12b,11.95,RTX 4060 Ti 8GB,gpu,8,Q6_K,8192,F16,no,12.98,-4.98,0,,
Gemma 4 12b,11.95,RTX 4060 Ti 8GB,gpu,8,Q8_0,8192,F16,no,15.99,-7.99,0,,
Gemma 4 12b,11.95,RTX 4060 Ti 8GB,gpu,8,FP16,8192,F16,no,27.68,-19.68,0,,
Gemma 4 12b,11.95,RTX 3060 8GB,gpu,8,Q4_K_M,8192,F16,no,10.37,-2.37,0,,
Gemma 4 12b,11.95,RTX 3060 8GB,gpu,8,Q5_K_M,8192,F16,no,11.64,-3.64,0,,
Gemma 4 12b,11.95,RTX 3060 8GB,gpu,8,Q6_K,8192,F16,no,12.98,-4.98,0,,
Gemma 4 12b,11.95,RTX 3060 8GB,gpu,8,Q8_0,8192,F16,no,15.99,-7.99,0,,
Gemma 4 12b,11.95,RTX 3060 8GB,gpu,8,FP16,8192,F16,no,27.68,-19.68,0,,
Gemma 4 12b,11.95,RTX 2080 Ti,gpu,11,Q4_K_M,8192,F16,yes,10.37,0.63,9772,,
Gemma 4 12b,11.95,RTX 2080 Ti,gpu,11,Q5_K_M,8192,F16,no,11.64,-0.64,0,,
Gemma 4 12b,11.95,RTX 2080 Ti,gpu,11,Q6_K,8192,F16,no,12.98,-1.98,0,,
Gemma 4 12b,11.95,RTX 2080 Ti,gpu,11,Q8_0,8192,F16,no,15.99,-4.99,0,,
Gemma 4 12b,11.95,RTX 2080 Ti,gpu,11,FP16,8192,F16,no,27.68,-16.68,0,,
Gemma 4 12b,11.95,RTX 6000 Ada,gpu,48,Q4_K_M,8192,F16,yes,10.37,37.63,262144,,
Gemma 4 12b,11.95,RTX 6000 Ada,gpu,48,Q5_K_M,8192,F16,yes,11.64,36.36,262144,,
Gemma 4 12b,11.95,RTX 6000 Ada,gpu,48,Q6_K,8192,F16,yes,12.98,35.02,262144,,
Gemma 4 12b,11.95,RTX 6000 Ada,gpu,48,Q8_0,8192,F16,yes,15.99,32.01,262144,,
Gemma 4 12b,11.95,RTX 6000 Ada,gpu,48,FP16,8192,F16,yes,27.68,20.32,262144,,
Gemma 4 12b,11.95,RTX PRO 6000 Blackwell,gpu,96,Q4_K_M,8192,F16,yes,10.37,85.63,262144,,
Gemma 4 12b,11.95,RTX PRO 6000 Blackwell,gpu,96,Q5_K_M,8192,F16,yes,11.64,84.36,262144,,
Gemma 4 12b,11.95,RTX PRO 6000 Blackwell,gpu,96,Q6_K,8192,F16,yes,12.98,83.02,262144,,
Gemma 4 12b,11.95,RTX PRO 6000 Blackwell,gpu,96,Q8_0,8192,F16,yes,15.99,80.01,262144,,
Gemma 4 12b,11.95,RTX PRO 6000 Blackwell,gpu,96,FP16,8192,F16,yes,27.68,68.32,262144,,
Gemma 4 12b,11.95,RX 7900 XTX,gpu,24,Q4_K_M,8192,F16,yes,10.37,13.63,262144,,
Gemma 4 12b,11.95,RX 7900 XTX,gpu,24,Q5_K_M,8192,F16,yes,11.64,12.36,242994,,
Gemma 4 12b,11.95,RX 7900 XTX,gpu,24,Q6_K,8192,F16,yes,12.98,11.02,214823,,
Gemma 4 12b,11.95,RX 7900 XTX,gpu,24,Q8_0,8192,F16,yes,15.99,8.01,151332,,
Gemma 4 12b,11.95,RX 7900 XTX,gpu,24,FP16,8192,F16,no,27.68,-3.68,0,,
Gemma 4 12b,11.95,RX 7900 XT,gpu,20,Q4_K_M,8192,F16,yes,10.37,9.63,189592,,
Gemma 4 12b,11.95,RX 7900 XT,gpu,20,Q5_K_M,8192,F16,yes,11.64,8.36,163075,,
Gemma 4 12b,11.95,RX 7900 XT,gpu,20,Q6_K,8192,F16,yes,12.98,7.02,134903,,
Gemma 4 12b,11.95,RX 7900 XT,gpu,20,Q8_0,8192,F16,yes,15.99,4.01,71412,,
Gemma 4 12b,11.95,RX 7900 XT,gpu,20,FP16,8192,F16,no,27.68,-7.68,0,,
Gemma 4 12b,11.95,RX 7800 XT,gpu,16,Q4_K_M,8192,F16,yes,10.37,5.63,109672,,
Gemma 4 12b,11.95,RX 7800 XT,gpu,16,Q5_K_M,8192,F16,yes,11.64,4.36,83155,,
Gemma 4 12b,11.95,RX 7800 XT,gpu,16,Q6_K,8192,F16,yes,12.98,3.02,54983,,
Gemma 4 12b,11.95,RX 7800 XT,gpu,16,Q8_0,8192,F16,tight,15.99,0.01,0,,
Gemma 4 12b,11.95,RX 7800 XT,gpu,16,FP16,8192,F16,no,27.68,-11.68,0,,
Gemma 4 12b,11.95,RX 9070 XT,gpu,16,Q4_K_M,8192,F16,yes,10.37,5.63,109672,,
Gemma 4 12b,11.95,RX 9070 XT,gpu,16,Q5_K_M,8192,F16,yes,11.64,4.36,83155,,
Gemma 4 12b,11.95,RX 9070 XT,gpu,16,Q6_K,8192,F16,yes,12.98,3.02,54983,,
Gemma 4 12b,11.95,RX 9070 XT,gpu,16,Q8_0,8192,F16,tight,15.99,0.01,0,,
Gemma 4 12b,11.95,RX 9070 XT,gpu,16,FP16,8192,F16,no,27.68,-11.68,0,,
Gemma 4 12b,11.95,RX 9070,gpu,16,Q4_K_M,8192,F16,yes,10.37,5.63,109672,,
Gemma 4 12b,11.95,RX 9070,gpu,16,Q5_K_M,8192,F16,yes,11.64,4.36,83155,,
Gemma 4 12b,11.95,RX 9070,gpu,16,Q6_K,8192,F16,yes,12.98,3.02,54983,,
Gemma 4 12b,11.95,RX 9070,gpu,16,Q8_0,8192,F16,tight,15.99,0.01,0,,
Gemma 4 12b,11.95,RX 9070,gpu,16,FP16,8192,F16,no,27.68,-11.68,0,,
Gemma 4 12b,11.95,Radeon PRO W7900,gpu,48,Q4_K_M,8192,F16,yes,10.37,37.63,262144,,
Gemma 4 12b,11.95,Radeon PRO W7900,gpu,48,Q5_K_M,8192,F16,yes,11.64,36.36,262144,,
Gemma 4 12b,11.95,Radeon PRO W7900,gpu,48,Q6_K,8192,F16,yes,12.98,35.02,262144,,
Gemma 4 12b,11.95,Radeon PRO W7900,gpu,48,Q8_0,8192,F16,yes,15.99,32.01,262144,,
Gemma 4 12b,11.95,Radeon PRO W7900,gpu,48,FP16,8192,F16,yes,27.68,20.32,262144,,
Gemma 4 12b,11.95,2× RTX 3090,gpu,48,Q4_K_M,8192,F16,yes,12.37,35.63,262144,,
Gemma 4 12b,11.95,2× RTX 3090,gpu,48,Q5_K_M,8192,F16,yes,13.64,34.36,262144,,
Gemma 4 12b,11.95,2× RTX 3090,gpu,48,Q6_K,8192,F16,yes,14.98,33.02,262144,,
Gemma 4 12b,11.95,2× RTX 3090,gpu,48,Q8_0,8192,F16,yes,17.99,30.01,262144,,
Gemma 4 12b,11.95,2× RTX 3090,gpu,48,FP16,8192,F16,yes,29.68,18.32,262144,,
Gemma 4 12b,11.95,2× RTX 4090,gpu,48,Q4_K_M,8192,F16,yes,12.37,35.63,262144,,
Gemma 4 12b,11.95,2× RTX 4090,gpu,48,Q5_K_M,8192,F16,yes,13.64,34.36,262144,,
Gemma 4 12b,11.95,2× RTX 4090,gpu,48,Q6_K,8192,F16,yes,14.98,33.02,262144,,
Gemma 4 12b,11.95,2× RTX 4090,gpu,48,Q8_0,8192,F16,yes,17.99,30.01,262144,,
Gemma 4 12b,11.95,2× RTX 4090,gpu,48,FP16,8192,F16,yes,29.68,18.32,262144,,
Gemma 4 12b,11.95,4× RTX 3090,gpu,96,Q4_K_M,8192,F16,yes,16.37,79.63,262144,,
Gemma 4 12b,11.95,4× RTX 3090,gpu,96,Q5_K_M,8192,F16,yes,17.64,78.36,262144,,
Gemma 4 12b,11.95,4× RTX 3090,gpu,96,Q6_K,8192,F16,yes,18.98,77.02,262144,,
Gemma 4 12b,11.95,4× RTX 3090,gpu,96,Q8_0,8192,F16,yes,21.99,74.01,262144,,
Gemma 4 12b,11.95,4× RTX 3090,gpu,96,FP16,8192,F16,yes,33.68,62.32,262144,,
Gemma 4 12b,11.95,A100 40GB,gpu,40,Q4_K_M,8192,F16,yes,10.37,29.63,262144,,
Gemma 4 12b,11.95,A100 40GB,gpu,40,Q5_K_M,8192,F16,yes,11.64,28.36,262144,,
Gemma 4 12b,11.95,A100 40GB,gpu,40,Q6_K,8192,F16,yes,12.98,27.02,262144,,
Gemma 4 12b,11.95,A100 40GB,gpu,40,Q8_0,8192,F16,yes,15.99,24.01,262144,,
Gemma 4 12b,11.95,A100 40GB,gpu,40,FP16,8192,F16,yes,27.68,12.32,225252,,
Gemma 4 12b,11.95,A100 80GB,gpu,80,Q4_K_M,8192,F16,yes,10.37,69.63,262144,,
Gemma 4 12b,11.95,A100 80GB,gpu,80,Q5_K_M,8192,F16,yes,11.64,68.36,262144,,
Gemma 4 12b,11.95,A100 80GB,gpu,80,Q6_K,8192,F16,yes,12.98,67.02,262144,,
Gemma 4 12b,11.95,A100 80GB,gpu,80,Q8_0,8192,F16,yes,15.99,64.01,262144,,
Gemma 4 12b,11.95,A100 80GB,gpu,80,FP16,8192,F16,yes,27.68,52.32,262144,,
Gemma 4 12b,11.95,H100 80GB,gpu,80,Q4_K_M,8192,F16,yes,10.37,69.63,262144,,
Gemma 4 12b,11.95,H100 80GB,gpu,80,Q5_K_M,8192,F16,yes,11.64,68.36,262144,,
Gemma 4 12b,11.95,H100 80GB,gpu,80,Q6_K,8192,F16,yes,12.98,67.02,262144,,
Gemma 4 12b,11.95,H100 80GB,gpu,80,Q8_0,8192,F16,yes,15.99,64.01,262144,,
Gemma 4 12b,11.95,H100 80GB,gpu,80,FP16,8192,F16,yes,27.68,52.32,262144,,
Gemma 4 12b,11.95,H200 141GB,gpu,141,Q4_K_M,8192,F16,yes,10.37,130.63,262144,,
Gemma 4 12b,11.95,H200 141GB,gpu,141,Q5_K_M,8192,F16,yes,11.64,129.36,262144,,
Gemma 4 12b,11.95,H200 141GB,gpu,141,Q6_K,8192,F16,yes,12.98,128.02,262144,,
Gemma 4 12b,11.95,H200 141GB,gpu,141,Q8_0,8192,F16,yes,15.99,125.01,262144,,
Gemma 4 12b,11.95,H200 141GB,gpu,141,FP16,8192,F16,yes,27.68,113.32,262144,,
Gemma 4 12b,11.95,B200,gpu,192,Q4_K_M,8192,F16,yes,10.37,181.63,262144,,
Gemma 4 12b,11.95,B200,gpu,192,Q5_K_M,8192,F16,yes,11.64,180.36,262144,,
Gemma 4 12b,11.95,B200,gpu,192,Q6_K,8192,F16,yes,12.98,179.02,262144,,
Gemma 4 12b,11.95,B200,gpu,192,Q8_0,8192,F16,yes,15.99,176.01,262144,,
Gemma 4 12b,11.95,B200,gpu,192,FP16,8192,F16,yes,27.68,164.32,262144,,
Gemma 4 12b,11.95,M5 16GB,mac,16,4bit,8192,F16,tight,15.98,0.02,0,,
Gemma 4 12b,11.95,M5 16GB,mac,16,8bit,8192,F16,no,22.21,-6.21,0,,
Gemma 4 12b,11.95,M5 16GB,mac,16,16bit,8192,F16,no,34.68,-18.68,0,,
Gemma 4 12b,11.95,M5 24GB,mac,24,4bit,8192,F16,yes,15.98,8.02,75886,,
Gemma 4 12b,11.95,M5 24GB,mac,24,8bit,8192,F16,tight,22.21,1.79,0,,
Gemma 4 12b,11.95,M5 24GB,mac,24,16bit,8192,F16,no,34.68,-10.68,0,,
Gemma 4 12b,11.95,M5 32GB,mac,32,4bit,8192,F16,yes,15.48,16.52,221004,,
Gemma 4 12b,11.95,M5 32GB,mac,32,8bit,8192,F16,yes,21.71,10.29,89926,,
Gemma 4 12b,11.95,M5 32GB,mac,32,16bit,8192,F16,no,34.18,-2.18,0,,
Gemma 4 12b,11.95,M5 Pro 24GB,mac,24,4bit,8192,F16,yes,15.98,8.02,75886,,
Gemma 4 12b,11.95,M5 Pro 24GB,mac,24,8bit,8192,F16,tight,22.21,1.79,0,,
Gemma 4 12b,11.95,M5 Pro 24GB,mac,24,16bit,8192,F16,no,34.68,-10.68,0,,
Gemma 4 12b,11.95,M5 Pro 48GB,mac,48,4bit,8192,F16,yes,14.98,33.02,262144,,
Gemma 4 12b,11.95,M5 Pro 48GB,mac,48,8bit,8192,F16,yes,21.21,26.79,262144,,
Gemma 4 12b,11.95,M5 Pro 48GB,mac,48,16bit,8192,F16,yes,33.68,14.32,107491,,
Gemma 4 12b,11.95,M5 Pro 64GB,mac,64,4bit,8192,F16,yes,14.98,49.02,262144,,
Gemma 4 12b,11.95,M5 Pro 64GB,mac,64,8bit,8192,F16,yes,21.21,42.79,262144,,
Gemma 4 12b,11.95,M5 Pro 64GB,mac,64,16bit,8192,F16,yes,33.68,30.32,262144,,
Gemma 4 12b,11.95,M5 Max 36GB,mac,36,4bit,8192,F16,yes,15.48,20.52,262144,,
Gemma 4 12b,11.95,M5 Max 36GB,mac,36,8bit,8192,F16,yes,21.71,14.29,157227,,
Gemma 4 12b,11.95,M5 Max 36GB,mac,36,16bit,8192,F16,tight,34.18,1.82,0,,
Gemma 4 12b,11.95,M5 Max 48GB,mac,48,4bit,8192,F16,yes,14.98,33.02,262144,,
Gemma 4 12b,11.95,M5 Max 48GB,mac,48,8bit,8192,F16,yes,21.21,26.79,262144,,
Gemma 4 12b,11.95,M5 Max 48GB,mac,48,16bit,8192,F16,yes,33.68,14.32,107491,,
Gemma 4 12b,11.95,M5 Max 64GB,mac,64,4bit,8192,F16,yes,14.98,49.02,262144,,
Gemma 4 12b,11.95,M5 Max 64GB,mac,64,8bit,8192,F16,yes,21.21,42.79,262144,,
Gemma 4 12b,11.95,M5 Max 64GB,mac,64,16bit,8192,F16,yes,33.68,30.32,262144,,
Gemma 4 12b,11.95,M5 Max 128GB,mac,128,4bit,8192,F16,yes,14.98,113.02,262144,,
Gemma 4 12b,11.95,M5 Max 128GB,mac,128,8bit,8192,F16,yes,21.21,106.79,262144,,
Gemma 4 12b,11.95,M5 Max 128GB,mac,128,16bit,8192,F16,yes,33.68,94.32,262144,,
Gemma 4 12b,11.95,M4 16GB,mac,16,4bit,8192,F16,tight,15.98,0.02,0,,
Gemma 4 12b,11.95,M4 16GB,mac,16,8bit,8192,F16,no,22.21,-6.21,0,,
Gemma 4 12b,11.95,M4 16GB,mac,16,16bit,8192,F16,no,34.68,-18.68,0,,
Gemma 4 12b,11.95,M4 24GB,mac,24,4bit,8192,F16,yes,15.98,8.02,75886,,
Gemma 4 12b,11.95,M4 24GB,mac,24,8bit,8192,F16,tight,22.21,1.79,0,,
Gemma 4 12b,11.95,M4 24GB,mac,24,16bit,8192,F16,no,34.68,-10.68,0,,
Gemma 4 12b,11.95,M4 32GB,mac,32,4bit,8192,F16,yes,15.48,16.52,221004,,
Gemma 4 12b,11.95,M4 32GB,mac,32,8bit,8192,F16,yes,21.71,10.29,89926,,
Gemma 4 12b,11.95,M4 32GB,mac,32,16bit,8192,F16,no,34.18,-2.18,0,,
Gemma 4 12b,11.95,M4 Pro 24GB,mac,24,4bit,8192,F16,yes,15.98,8.02,75886,,
Gemma 4 12b,11.95,M4 Pro 24GB,mac,24,8bit,8192,F16,tight,22.21,1.79,0,,
Gemma 4 12b,11.95,M4 Pro 24GB,mac,24,16bit,8192,F16,no,34.68,-10.68,0,,
Gemma 4 12b,11.95,M4 Pro 48GB,mac,48,4bit,8192,F16,yes,14.98,33.02,262144,,
Gemma 4 12b,11.95,M4 Pro 48GB,mac,48,8bit,8192,F16,yes,21.21,26.79,262144,,
Gemma 4 12b,11.95,M4 Pro 48GB,mac,48,16bit,8192,F16,yes,33.68,14.32,107491,,
Gemma 4 12b,11.95,M4 Pro 64GB,mac,64,4bit,8192,F16,yes,14.98,49.02,262144,,
Gemma 4 12b,11.95,M4 Pro 64GB,mac,64,8bit,8192,F16,yes,21.21,42.79,262144,,
Gemma 4 12b,11.95,M4 Pro 64GB,mac,64,16bit,8192,F16,yes,33.68,30.32,262144,,
Gemma 4 12b,11.95,M4 Max 36GB,mac,36,4bit,8192,F16,yes,15.48,20.52,262144,,
Gemma 4 12b,11.95,M4 Max 36GB,mac,36,8bit,8192,F16,yes,21.71,14.29,157227,,
Gemma 4 12b,11.95,M4 Max 36GB,mac,36,16bit,8192,F16,tight,34.18,1.82,0,,
Gemma 4 12b,11.95,M4 Max 48GB,mac,48,4bit,8192,F16,yes,14.98,33.02,262144,,
Gemma 4 12b,11.95,M4 Max 48GB,mac,48,8bit,8192,F16,yes,21.21,26.79,262144,,
Gemma 4 12b,11.95,M4 Max 48GB,mac,48,16bit,8192,F16,yes,33.68,14.32,107491,,
Gemma 4 12b,11.95,M4 Max 64GB,mac,64,4bit,8192,F16,yes,14.98,49.02,262144,,
Gemma 4 12b,11.95,M4 Max 64GB,mac,64,8bit,8192,F16,yes,21.21,42.79,262144,,
Gemma 4 12b,11.95,M4 Max 64GB,mac,64,16bit,8192,F16,yes,33.68,30.32,262144,,
Gemma 4 12b,11.95,M4 Max 128GB,mac,128,4bit,8192,F16,yes,14.98,113.02,262144,,
Gemma 4 12b,11.95,M4 Max 128GB,mac,128,8bit,8192,F16,yes,21.21,106.79,262144,,
Gemma 4 12b,11.95,M4 Max 128GB,mac,128,16bit,8192,F16,yes,33.68,94.32,262144,,
Gemma 4 12b,11.95,M3 8GB,mac,8,4bit,8192,F16,no,15.98,-7.98,0,,
Gemma 4 12b,11.95,M3 8GB,mac,8,8bit,8192,F16,no,22.21,-14.21,0,,
Gemma 4 12b,11.95,M3 8GB,mac,8,16bit,8192,F16,no,34.68,-26.68,0,,
Gemma 4 12b,11.95,M3 16GB,mac,16,4bit,8192,F16,tight,15.98,0.02,0,,
Gemma 4 12b,11.95,M3 16GB,mac,16,8bit,8192,F16,no,22.21,-6.21,0,,
Gemma 4 12b,11.95,M3 16GB,mac,16,16bit,8192,F16,no,34.68,-18.68,0,,
Gemma 4 12b,11.95,M3 24GB,mac,24,4bit,8192,F16,yes,15.98,8.02,75886,,
Gemma 4 12b,11.95,M3 24GB,mac,24,8bit,8192,F16,tight,22.21,1.79,0,,
Gemma 4 12b,11.95,M3 24GB,mac,24,16bit,8192,F16,no,34.68,-10.68,0,,
Gemma 4 12b,11.95,M3 Pro 18GB,mac,18,4bit,8192,F16,tight,15.98,2.02,0,,
Gemma 4 12b,11.95,M3 Pro 18GB,mac,18,8bit,8192,F16,no,22.21,-4.21,0,,
Gemma 4 12b,11.95,M3 Pro 18GB,mac,18,16bit,8192,F16,no,34.68,-16.68,0,,
Gemma 4 12b,11.95,M3 Pro 36GB,mac,36,4bit,8192,F16,yes,15.48,20.52,262144,,
Gemma 4 12b,11.95,M3 Pro 36GB,mac,36,8bit,8192,F16,yes,21.71,14.29,157227,,
Gemma 4 12b,11.95,M3 Pro 36GB,mac,36,16bit,8192,F16,tight,34.18,1.82,0,,
Gemma 4 12b,11.95,M3 Max 36GB,mac,36,4bit,8192,F16,yes,15.48,20.52,262144,,
Gemma 4 12b,11.95,M3 Max 36GB,mac,36,8bit,8192,F16,yes,21.71,14.29,157227,,
Gemma 4 12b,11.95,M3 Max 36GB,mac,36,16bit,8192,F16,tight,34.18,1.82,0,,
Gemma 4 12b,11.95,M3 Max 48GB,mac,48,4bit,8192,F16,yes,14.98,33.02,262144,,
Gemma 4 12b,11.95,M3 Max 48GB,mac,48,8bit,8192,F16,yes,21.21,26.79,262144,,
Gemma 4 12b,11.95,M3 Max 48GB,mac,48,16bit,8192,F16,yes,33.68,14.32,107491,,
Gemma 4 12b,11.95,M3 Max 64GB,mac,64,4bit,8192,F16,yes,14.98,49.02,262144,,
Gemma 4 12b,11.95,M3 Max 64GB,mac,64,8bit,8192,F16,yes,21.21,42.79,262144,,
Gemma 4 12b,11.95,M3 Max 64GB,mac,64,16bit,8192,F16,yes,33.68,30.32,262144,,
Gemma 4 12b,11.95,M3 Max 96GB,mac,96,4bit,8192,F16,yes,14.98,81.02,262144,,
Gemma 4 12b,11.95,M3 Max 96GB,mac,96,8bit,8192,F16,yes,21.21,74.79,262144,,
Gemma 4 12b,11.95,M3 Max 96GB,mac,96,16bit,8192,F16,yes,33.68,62.32,262144,,
Gemma 4 12b,11.95,M3 Max 128GB,mac,128,4bit,8192,F16,yes,14.98,113.02,262144,,
Gemma 4 12b,11.95,M3 Max 128GB,mac,128,8bit,8192,F16,yes,21.21,106.79,262144,,
Gemma 4 12b,11.95,M3 Max 128GB,mac,128,16bit,8192,F16,yes,33.68,94.32,262144,,
Gemma 4 12b,11.95,M3 Ultra 96GB,mac,96,4bit,8192,F16,yes,14.98,81.02,262144,,
Gemma 4 12b,11.95,M3 Ultra 96GB,mac,96,8bit,8192,F16,yes,21.21,74.79,262144,,
Gemma 4 12b,11.95,M3 Ultra 96GB,mac,96,16bit,8192,F16,yes,33.68,62.32,262144,,
Gemma 4 12b,11.95,M3 Ultra 256GB,mac,256,4bit,8192,F16,yes,14.98,241.02,262144,,
Gemma 4 12b,11.95,M3 Ultra 256GB,mac,256,8bit,8192,F16,yes,21.21,234.79,262144,,
Gemma 4 12b,11.95,M3 Ultra 256GB,mac,256,16bit,8192,F16,yes,33.68,222.32,262144,,
Gemma 4 12b,11.95,M3 Ultra 512GB,mac,512,4bit,8192,F16,yes,14.98,497.02,262144,,
Gemma 4 12b,11.95,M3 Ultra 512GB,mac,512,8bit,8192,F16,yes,21.21,490.79,262144,,
Gemma 4 12b,11.95,M3 Ultra 512GB,mac,512,16bit,8192,F16,yes,33.68,478.32,262144,,
Gemma 4 12b,11.95,M2 8GB,mac,8,4bit,8192,F16,no,15.98,-7.98,0,,
Gemma 4 12b,11.95,M2 8GB,mac,8,8bit,8192,F16,no,22.21,-14.21,0,,
Gemma 4 12b,11.95,M2 8GB,mac,8,16bit,8192,F16,no,34.68,-26.68,0,,
Gemma 4 12b,11.95,M2 16GB,mac,16,4bit,8192,F16,tight,15.98,0.02,0,,
Gemma 4 12b,11.95,M2 16GB,mac,16,8bit,8192,F16,no,22.21,-6.21,0,,
Gemma 4 12b,11.95,M2 16GB,mac,16,16bit,8192,F16,no,34.68,-18.68,0,,
Gemma 4 12b,11.95,M2 24GB,mac,24,4bit,8192,F16,yes,15.98,8.02,75886,,
Gemma 4 12b,11.95,M2 24GB,mac,24,8bit,8192,F16,tight,22.21,1.79,0,,
Gemma 4 12b,11.95,M2 24GB,mac,24,16bit,8192,F16,no,34.68,-10.68,0,,
Gemma 4 12b,11.95,M2 Pro 16GB,mac,16,4bit,8192,F16,tight,15.98,0.02,0,,
Gemma 4 12b,11.95,M2 Pro 16GB,mac,16,8bit,8192,F16,no,22.21,-6.21,0,,
Gemma 4 12b,11.95,M2 Pro 16GB,mac,16,16bit,8192,F16,no,34.68,-18.68,0,,
Gemma 4 12b,11.95,M2 Pro 32GB,mac,32,4bit,8192,F16,yes,15.48,16.52,221004,,
Gemma 4 12b,11.95,M2 Pro 32GB,mac,32,8bit,8192,F16,yes,21.71,10.29,89926,,
Gemma 4 12b,11.95,M2 Pro 32GB,mac,32,16bit,8192,F16,no,34.18,-2.18,0,,
Gemma 4 12b,11.95,M2 Max 32GB,mac,32,4bit,8192,F16,yes,15.48,16.52,221004,,
Gemma 4 12b,11.95,M2 Max 32GB,mac,32,8bit,8192,F16,yes,21.71,10.29,89926,,
Gemma 4 12b,11.95,M2 Max 32GB,mac,32,16bit,8192,F16,no,34.18,-2.18,0,,
Gemma 4 12b,11.95,M2 Max 64GB,mac,64,4bit,8192,F16,yes,14.98,49.02,262144,,
Gemma 4 12b,11.95,M2 Max 64GB,mac,64,8bit,8192,F16,yes,21.21,42.79,262144,,
Gemma 4 12b,11.95,M2 Max 64GB,mac,64,16bit,8192,F16,yes,33.68,30.32,262144,,
Gemma 4 12b,11.95,M2 Max 96GB,mac,96,4bit,8192,F16,yes,14.98,81.02,262144,,
Gemma 4 12b,11.95,M2 Max 96GB,mac,96,8bit,8192,F16,yes,21.21,74.79,262144,,
Gemma 4 12b,11.95,M2 Max 96GB,mac,96,16bit,8192,F16,yes,33.68,62.32,262144,,
Gemma 4 12b,11.95,M2 Ultra 64GB,mac,64,4bit,8192,F16,yes,14.98,49.02,262144,,
Gemma 4 12b,11.95,M2 Ultra 64GB,mac,64,8bit,8192,F16,yes,21.21,42.79,262144,,
Gemma 4 12b,11.95,M2 Ultra 64GB,mac,64,16bit,8192,F16,yes,33.68,30.32,262144,,
Gemma 4 12b,11.95,M2 Ultra 128GB,mac,128,4bit,8192,F16,yes,14.98,113.02,262144,,
Gemma 4 12b,11.95,M2 Ultra 128GB,mac,128,8bit,8192,F16,yes,21.21,106.79,262144,,
Gemma 4 12b,11.95,M2 Ultra 128GB,mac,128,16bit,8192,F16,yes,33.68,94.32,262144,,
Gemma 4 12b,11.95,M2 Ultra 192GB,mac,192,4bit,8192,F16,yes,14.98,177.02,262144,,
Gemma 4 12b,11.95,M2 Ultra 192GB,mac,192,8bit,8192,F16,yes,21.21,170.79,262144,,
Gemma 4 12b,11.95,M2 Ultra 192GB,mac,192,16bit,8192,F16,yes,33.68,158.32,262144,,
Gemma 4 12b,11.95,M1 8GB,mac,8,4bit,8192,F16,no,15.98,-7.98,0,,
Gemma 4 12b,11.95,M1 8GB,mac,8,8bit,8192,F16,no,22.21,-14.21,0,,
Gemma 4 12b,11.95,M1 8GB,mac,8,16bit,8192,F16,no,34.68,-26.68,0,,
Gemma 4 12b,11.95,M1 16GB,mac,16,4bit,8192,F16,tight,15.98,0.02,0,,
Gemma 4 12b,11.95,M1 16GB,mac,16,8bit,8192,F16,no,22.21,-6.21,0,,
Gemma 4 12b,11.95,M1 16GB,mac,16,16bit,8192,F16,no,34.68,-18.68,0,,
Gemma 4 12b,11.95,M1 Pro 16GB,mac,16,4bit,8192,F16,tight,15.98,0.02,0,,
Gemma 4 12b,11.95,M1 Pro 16GB,mac,16,8bit,8192,F16,no,22.21,-6.21,0,,
Gemma 4 12b,11.95,M1 Pro 16GB,mac,16,16bit,8192,F16,no,34.68,-18.68,0,,
Gemma 4 12b,11.95,M1 Pro 32GB,mac,32,4bit,8192,F16,yes,15.48,16.52,221004,,
Gemma 4 12b,11.95,M1 Pro 32GB,mac,32,8bit,8192,F16,yes,21.71,10.29,89926,,
Gemma 4 12b,11.95,M1 Pro 32GB,mac,32,16bit,8192,F16,no,34.18,-2.18,0,,
Gemma 4 12b,11.95,M1 Max 32GB,mac,32,4bit,8192,F16,yes,15.48,16.52,221004,,
Gemma 4 12b,11.95,M1 Max 32GB,mac,32,8bit,8192,F16,yes,21.71,10.29,89926,,
Gemma 4 12b,11.95,M1 Max 32GB,mac,32,16bit,8192,F16,no,34.18,-2.18,0,,
Gemma 4 12b,11.95,M1 Max 64GB,mac,64,4bit,8192,F16,yes,14.98,49.02,262144,,
Gemma 4 12b,11.95,M1 Max 64GB,mac,64,8bit,8192,F16,yes,21.21,42.79,262144,,
Gemma 4 12b,11.95,M1 Max 64GB,mac,64,16bit,8192,F16,yes,33.68,30.32,262144,,
Gemma 4 12b,11.95,M1 Ultra 64GB,mac,64,4bit,8192,F16,yes,14.98,49.02,262144,,
Gemma 4 12b,11.95,M1 Ultra 64GB,mac,64,8bit,8192,F16,yes,21.21,42.79,262144,,
Gemma 4 12b,11.95,M1 Ultra 64GB,mac,64,16bit,8192,F16,yes,33.68,30.32,262144,,
Gemma 4 12b,11.95,M1 Ultra 128GB,mac,128,4bit,8192,F16,yes,14.98,113.02,262144,,
Gemma 4 12b,11.95,M1 Ultra 128GB,mac,128,8bit,8192,F16,yes,21.21,106.79,262144,,
Gemma 4 12b,11.95,M1 Ultra 128GB,mac,128,16bit,8192,F16,yes,33.68,94.32,262144,,
Gemma 4 26b A4B,25.5,RTX 5090,gpu,32,Q4_K_M,8192,F16,yes,18.92,13.08,229180,,
Gemma 4 26b A4B,25.5,RTX 5090,gpu,32,Q5_K_M,8192,F16,yes,21.61,10.39,177376,,
Gemma 4 26b A4B,25.5,RTX 5090,gpu,32,Q6_K,8192,F16,yes,24.47,7.53,122338,,
Gemma 4 26b A4B,25.5,RTX 5090,gpu,32,Q8_0,8192,F16,tight,30.91,1.09,502,,
Gemma 4 26b A4B,25.5,RTX 5090,gpu,32,FP16,8192,F16,no,55.85,-23.85,0,,
Gemma 4 26b A4B,25.5,RTX 5080,gpu,16,Q4_K_M,8192,F16,no,18.92,-2.92,0,,
Gemma 4 26b A4B,25.5,RTX 5080,gpu,16,Q5_K_M,8192,F16,no,21.61,-5.61,0,,
Gemma 4 26b A4B,25.5,RTX 5080,gpu,16,Q6_K,8192,F16,no,24.47,-8.47,0,,
Gemma 4 26b A4B,25.5,RTX 5080,gpu,16,Q8_0,8192,F16,no,30.91,-14.91,0,,
Gemma 4 26b A4B,25.5,RTX 5080,gpu,16,FP16,8192,F16,no,55.85,-39.85,0,,
Gemma 4 26b A4B,25.5,RTX 5070 Ti,gpu,16,Q4_K_M,8192,F16,no,18.92,-2.92,0,,
Gemma 4 26b A4B,25.5,RTX 5070 Ti,gpu,16,Q5_K_M,8192,F16,no,21.61,-5.61,0,,
Gemma 4 26b A4B,25.5,RTX 5070 Ti,gpu,16,Q6_K,8192,F16,no,24.47,-8.47,0,,
Gemma 4 26b A4B,25.5,RTX 5070 Ti,gpu,16,Q8_0,8192,F16,no,30.91,-14.91,0,,
Gemma 4 26b A4B,25.5,RTX 5070 Ti,gpu,16,FP16,8192,F16,no,55.85,-39.85,0,,
Gemma 4 26b A4B,25.5,RTX 5070,gpu,12,Q4_K_M,8192,F16,no,18.92,-6.92,0,,
Gemma 4 26b A4B,25.5,RTX 5070,gpu,12,Q5_K_M,8192,F16,no,21.61,-9.61,0,,
Gemma 4 26b A4B,25.5,RTX 5070,gpu,12,Q6_K,8192,F16,no,24.47,-12.47,0,,
Gemma 4 26b A4B,25.5,RTX 5070,gpu,12,Q8_0,8192,F16,no,30.91,-18.91,0,,
Gemma 4 26b A4B,25.5,RTX 5070,gpu,12,FP16,8192,F16,no,55.85,-43.85,0,,
Gemma 4 26b A4B,25.5,RTX 4090,gpu,24,Q4_K_M,8192,F16,yes,18.92,5.08,82842,,
Gemma 4 26b A4B,25.5,RTX 4090,gpu,24,Q5_K_M,8192,F16,yes,21.61,2.39,31037,,
Gemma 4 26b A4B,25.5,RTX 4090,gpu,24,Q6_K,8192,F16,no,24.47,-0.47,0,,
Gemma 4 26b A4B,25.5,RTX 4090,gpu,24,Q8_0,8192,F16,no,30.91,-6.91,0,,
Gemma 4 26b A4B,25.5,RTX 4090,gpu,24,FP16,8192,F16,no,55.85,-31.85,0,,
Gemma 4 26b A4B,25.5,RTX 4080 SUPER,gpu,16,Q4_K_M,8192,F16,no,18.92,-2.92,0,,
Gemma 4 26b A4B,25.5,RTX 4080 SUPER,gpu,16,Q5_K_M,8192,F16,no,21.61,-5.61,0,,
Gemma 4 26b A4B,25.5,RTX 4080 SUPER,gpu,16,Q6_K,8192,F16,no,24.47,-8.47,0,,
Gemma 4 26b A4B,25.5,RTX 4080 SUPER,gpu,16,Q8_0,8192,F16,no,30.91,-14.91,0,,
Gemma 4 26b A4B,25.5,RTX 4080 SUPER,gpu,16,FP16,8192,F16,no,55.85,-39.85,0,,
Gemma 4 26b A4B,25.5,RTX 4070 Ti SUPER,gpu,16,Q4_K_M,8192,F16,no,18.92,-2.92,0,,
Gemma 4 26b A4B,25.5,RTX 4070 Ti SUPER,gpu,16,Q5_K_M,8192,F16,no,21.61,-5.61,0,,
Gemma 4 26b A4B,25.5,RTX 4070 Ti SUPER,gpu,16,Q6_K,8192,F16,no,24.47,-8.47,0,,
Gemma 4 26b A4B,25.5,RTX 4070 Ti SUPER,gpu,16,Q8_0,8192,F16,no,30.91,-14.91,0,,
Gemma 4 26b A4B,25.5,RTX 4070 Ti SUPER,gpu,16,FP16,8192,F16,no,55.85,-39.85,0,,
Gemma 4 26b A4B,25.5,RTX 4070,gpu,12,Q4_K_M,8192,F16,no,18.92,-6.92,0,,
Gemma 4 26b A4B,25.5,RTX 4070,gpu,12,Q5_K_M,8192,F16,no,21.61,-9.61,0,,
Gemma 4 26b A4B,25.5,RTX 4070,gpu,12,Q6_K,8192,F16,no,24.47,-12.47,0,,
Gemma 4 26b A4B,25.5,RTX 4070,gpu,12,Q8_0,8192,F16,no,30.91,-18.91,0,,
Gemma 4 26b A4B,25.5,RTX 4070,gpu,12,FP16,8192,F16,no,55.85,-43.85,0,,
Gemma 4 26b A4B,25.5,RTX 4060 Ti 16GB,gpu,16,Q4_K_M,8192,F16,no,18.92,-2.92,0,,
Gemma 4 26b A4B,25.5,RTX 4060 Ti 16GB,gpu,16,Q5_K_M,8192,F16,no,21.61,-5.61,0,,
Gemma 4 26b A4B,25.5,RTX 4060 Ti 16GB,gpu,16,Q6_K,8192,F16,no,24.47,-8.47,0,,
Gemma 4 26b A4B,25.5,RTX 4060 Ti 16GB,gpu,16,Q8_0,8192,F16,no,30.91,-14.91,0,,
Gemma 4 26b A4B,25.5,RTX 4060 Ti 16GB,gpu,16,FP16,8192,F16,no,55.85,-39.85,0,,
Gemma 4 26b A4B,25.5,RTX 3090,gpu,24,Q4_K_M,8192,F16,yes,18.92,5.08,82842,,
Gemma 4 26b A4B,25.5,RTX 3090,gpu,24,Q5_K_M,8192,F16,yes,21.61,2.39,31037,,
Gemma 4 26b A4B,25.5,RTX 3090,gpu,24,Q6_K,8192,F16,no,24.47,-0.47,0,,
Gemma 4 26b A4B,25.5,RTX 3090,gpu,24,Q8_0,8192,F16,no,30.91,-6.91,0,,
Gemma 4 26b A4B,25.5,RTX 3090,gpu,24,FP16,8192,F16,no,55.85,-31.85,0,,
Gemma 4 26b A4B,25.5,RTX 3090 Ti,gpu,24,Q4_K_M,8192,F16,yes,18.92,5.08,82842,,
Gemma 4 26b A4B,25.5,RTX 3090 Ti,gpu,24,Q5_K_M,8192,F16,yes,21.61,2.39,31037,,
Gemma 4 26b A4B,25.5,RTX 3090 Ti,gpu,24,Q6_K,8192,F16,no,24.47,-0.47,0,,
Gemma 4 26b A4B,25.5,RTX 3090 Ti,gpu,24,Q8_0,8192,F16,no,30.91,-6.91,0,,
Gemma 4 26b A4B,25.5,RTX 3090 Ti,gpu,24,FP16,8192,F16,no,55.85,-31.85,0,,
Gemma 4 26b A4B,25.5,RTX 3080 10GB,gpu,10,Q4_K_M,8192,F16,no,18.92,-8.92,0,,
Gemma 4 26b A4B,25.5,RTX 3080 10GB,gpu,10,Q5_K_M,8192,F16,no,21.61,-11.61,0,,
Gemma 4 26b A4B,25.5,RTX 3080 10GB,gpu,10,Q6_K,8192,F16,no,24.47,-14.47,0,,
Gemma 4 26b A4B,25.5,RTX 3080 10GB,gpu,10,Q8_0,8192,F16,no,30.91,-20.91,0,,
Gemma 4 26b A4B,25.5,RTX 3080 10GB,gpu,10,FP16,8192,F16,no,55.85,-45.85,0,,
Gemma 4 26b A4B,25.5,RTX 3080 12GB,gpu,12,Q4_K_M,8192,F16,no,18.92,-6.92,0,,
Gemma 4 26b A4B,25.5,RTX 3080 12GB,gpu,12,Q5_K_M,8192,F16,no,21.61,-9.61,0,,
Gemma 4 26b A4B,25.5,RTX 3080 12GB,gpu,12,Q6_K,8192,F16,no,24.47,-12.47,0,,
Gemma 4 26b A4B,25.5,RTX 3080 12GB,gpu,12,Q8_0,8192,F16,no,30.91,-18.91,0,,
Gemma 4 26b A4B,25.5,RTX 3080 12GB,gpu,12,FP16,8192,F16,no,55.85,-43.85,0,,
Gemma 4 26b A4B,25.5,RTX 3060 12GB,gpu,12,Q4_K_M,8192,F16,no,18.92,-6.92,0,,
Gemma 4 26b A4B,25.5,RTX 3060 12GB,gpu,12,Q5_K_M,8192,F16,no,21.61,-9.61,0,,
Gemma 4 26b A4B,25.5,RTX 3060 12GB,gpu,12,Q6_K,8192,F16,no,24.47,-12.47,0,,
Gemma 4 26b A4B,25.5,RTX 3060 12GB,gpu,12,Q8_0,8192,F16,no,30.91,-18.91,0,,
Gemma 4 26b A4B,25.5,RTX 3060 12GB,gpu,12,FP16,8192,F16,no,55.85,-43.85,0,,
Gemma 4 26b A4B,25.5,RTX 5060 Ti 16GB,gpu,16,Q4_K_M,8192,F16,no,18.92,-2.92,0,,
Gemma 4 26b A4B,25.5,RTX 5060 Ti 16GB,gpu,16,Q5_K_M,8192,F16,no,21.61,-5.61,0,,
Gemma 4 26b A4B,25.5,RTX 5060 Ti 16GB,gpu,16,Q6_K,8192,F16,no,24.47,-8.47,0,,
Gemma 4 26b A4B,25.5,RTX 5060 Ti 16GB,gpu,16,Q8_0,8192,F16,no,30.91,-14.91,0,,
Gemma 4 26b A4B,25.5,RTX 5060 Ti 16GB,gpu,16,FP16,8192,F16,no,55.85,-39.85,0,,
Gemma 4 26b A4B,25.5,RTX 4070 Ti,gpu,12,Q4_K_M,8192,F16,no,18.92,-6.92,0,,
Gemma 4 26b A4B,25.5,RTX 4070 Ti,gpu,12,Q5_K_M,8192,F16,no,21.61,-9.61,0,,
Gemma 4 26b A4B,25.5,RTX 4070 Ti,gpu,12,Q6_K,8192,F16,no,24.47,-12.47,0,,
Gemma 4 26b A4B,25.5,RTX 4070 Ti,gpu,12,Q8_0,8192,F16,no,30.91,-18.91,0,,
Gemma 4 26b A4B,25.5,RTX 4070 Ti,gpu,12,FP16,8192,F16,no,55.85,-43.85,0,,
Gemma 4 26b A4B,25.5,RTX 4080,gpu,16,Q4_K_M,8192,F16,no,18.92,-2.92,0,,
Gemma 4 26b A4B,25.5,RTX 4080,gpu,16,Q5_K_M,8192,F16,no,21.61,-5.61,0,,
Gemma 4 26b A4B,25.5,RTX 4080,gpu,16,Q6_K,8192,F16,no,24.47,-8.47,0,,
Gemma 4 26b A4B,25.5,RTX 4080,gpu,16,Q8_0,8192,F16,no,30.91,-14.91,0,,
Gemma 4 26b A4B,25.5,RTX 4080,gpu,16,FP16,8192,F16,no,55.85,-39.85,0,,
Gemma 4 26b A4B,25.5,RTX 4060 Ti 8GB,gpu,8,Q4_K_M,8192,F16,no,18.92,-10.92,0,,
Gemma 4 26b A4B,25.5,RTX 4060 Ti 8GB,gpu,8,Q5_K_M,8192,F16,no,21.61,-13.61,0,,
Gemma 4 26b A4B,25.5,RTX 4060 Ti 8GB,gpu,8,Q6_K,8192,F16,no,24.47,-16.47,0,,
Gemma 4 26b A4B,25.5,RTX 4060 Ti 8GB,gpu,8,Q8_0,8192,F16,no,30.91,-22.91,0,,
Gemma 4 26b A4B,25.5,RTX 4060 Ti 8GB,gpu,8,FP16,8192,F16,no,55.85,-47.85,0,,
Gemma 4 26b A4B,25.5,RTX 3060 8GB,gpu,8,Q4_K_M,8192,F16,no,18.92,-10.92,0,,
Gemma 4 26b A4B,25.5,RTX 3060 8GB,gpu,8,Q5_K_M,8192,F16,no,21.61,-13.61,0,,
Gemma 4 26b A4B,25.5,RTX 3060 8GB,gpu,8,Q6_K,8192,F16,no,24.47,-16.47,0,,
Gemma 4 26b A4B,25.5,RTX 3060 8GB,gpu,8,Q8_0,8192,F16,no,30.91,-22.91,0,,
Gemma 4 26b A4B,25.5,RTX 3060 8GB,gpu,8,FP16,8192,F16,no,55.85,-47.85,0,,
Gemma 4 26b A4B,25.5,RTX 2080 Ti,gpu,11,Q4_K_M,8192,F16,no,18.92,-7.92,0,,
Gemma 4 26b A4B,25.5,RTX 2080 Ti,gpu,11,Q5_K_M,8192,F16,no,21.61,-10.61,0,,
Gemma 4 26b A4B,25.5,RTX 2080 Ti,gpu,11,Q6_K,8192,F16,no,24.47,-13.47,0,,
Gemma 4 26b A4B,25.5,RTX 2080 Ti,gpu,11,Q8_0,8192,F16,no,30.91,-19.91,0,,
Gemma 4 26b A4B,25.5,RTX 2080 Ti,gpu,11,FP16,8192,F16,no,55.85,-44.85,0,,
Gemma 4 26b A4B,25.5,RTX 6000 Ada,gpu,48,Q4_K_M,8192,F16,yes,18.92,29.08,262144,,
Gemma 4 26b A4B,25.5,RTX 6000 Ada,gpu,48,Q5_K_M,8192,F16,yes,21.61,26.39,262144,,
Gemma 4 26b A4B,25.5,RTX 6000 Ada,gpu,48,Q6_K,8192,F16,yes,24.47,23.53,262144,,
Gemma 4 26b A4B,25.5,RTX 6000 Ada,gpu,48,Q8_0,8192,F16,yes,30.91,17.09,262144,,
Gemma 4 26b A4B,25.5,RTX 6000 Ada,gpu,48,FP16,8192,F16,no,55.85,-7.85,0,,
Gemma 4 26b A4B,25.5,RTX PRO 6000 Blackwell,gpu,96,Q4_K_M,8192,F16,yes,18.92,77.08,262144,,
Gemma 4 26b A4B,25.5,RTX PRO 6000 Blackwell,gpu,96,Q5_K_M,8192,F16,yes,21.61,74.39,262144,,
Gemma 4 26b A4B,25.5,RTX PRO 6000 Blackwell,gpu,96,Q6_K,8192,F16,yes,24.47,71.53,262144,,
Gemma 4 26b A4B,25.5,RTX PRO 6000 Blackwell,gpu,96,Q8_0,8192,F16,yes,30.91,65.09,262144,,
Gemma 4 26b A4B,25.5,RTX PRO 6000 Blackwell,gpu,96,FP16,8192,F16,yes,55.85,40.15,262144,,
Gemma 4 26b A4B,25.5,RX 7900 XTX,gpu,24,Q4_K_M,8192,F16,yes,18.92,5.08,82842,,
Gemma 4 26b A4B,25.5,RX 7900 XTX,gpu,24,Q5_K_M,8192,F16,yes,21.61,2.39,31037,,
Gemma 4 26b A4B,25.5,RX 7900 XTX,gpu,24,Q6_K,8192,F16,no,24.47,-0.47,0,,
Gemma 4 26b A4B,25.5,RX 7900 XTX,gpu,24,Q8_0,8192,F16,no,30.91,-6.91,0,,
Gemma 4 26b A4B,25.5,RX 7900 XTX,gpu,24,FP16,8192,F16,no,55.85,-31.85,0,,
Gemma 4 26b A4B,25.5,RX 7900 XT,gpu,20,Q4_K_M,8192,F16,yes,18.92,1.08,9673,,
Gemma 4 26b A4B,25.5,RX 7900 XT,gpu,20,Q5_K_M,8192,F16,no,21.61,-1.61,0,,
Gemma 4 26b A4B,25.5,RX 7900 XT,gpu,20,Q6_K,8192,F16,no,24.47,-4.47,0,,
Gemma 4 26b A4B,25.5,RX 7900 XT,gpu,20,Q8_0,8192,F16,no,30.91,-10.91,0,,
Gemma 4 26b A4B,25.5,RX 7900 XT,gpu,20,FP16,8192,F16,no,55.85,-35.85,0,,
Gemma 4 26b A4B,25.5,RX 7800 XT,gpu,16,Q4_K_M,8192,F16,no,18.92,-2.92,0,,
Gemma 4 26b A4B,25.5,RX 7800 XT,gpu,16,Q5_K_M,8192,F16,no,21.61,-5.61,0,,
Gemma 4 26b A4B,25.5,RX 7800 XT,gpu,16,Q6_K,8192,F16,no,24.47,-8.47,0,,
Gemma 4 26b A4B,25.5,RX 7800 XT,gpu,16,Q8_0,8192,F16,no,30.91,-14.91,0,,
Gemma 4 26b A4B,25.5,RX 7800 XT,gpu,16,FP16,8192,F16,no,55.85,-39.85,0,,
Gemma 4 26b A4B,25.5,RX 9070 XT,gpu,16,Q4_K_M,8192,F16,no,18.92,-2.92,0,,
Gemma 4 26b A4B,25.5,RX 9070 XT,gpu,16,Q5_K_M,8192,F16,no,21.61,-5.61,0,,
Gemma 4 26b A4B,25.5,RX 9070 XT,gpu,16,Q6_K,8192,F16,no,24.47,-8.47,0,,
Gemma 4 26b A4B,25.5,RX 9070 XT,gpu,16,Q8_0,8192,F16,no,30.91,-14.91,0,,
Gemma 4 26b A4B,25.5,RX 9070 XT,gpu,16,FP16,8192,F16,no,55.85,-39.85,0,,
Gemma 4 26b A4B,25.5,RX 9070,gpu,16,Q4_K_M,8192,F16,no,18.92,-2.92,0,,
Gemma 4 26b A4B,25.5,RX 9070,gpu,16,Q5_K_M,8192,F16,no,21.61,-5.61,0,,
Gemma 4 26b A4B,25.5,RX 9070,gpu,16,Q6_K,8192,F16,no,24.47,-8.47,0,,
Gemma 4 26b A4B,25.5,RX 9070,gpu,16,Q8_0,8192,F16,no,30.91,-14.91,0,,
Gemma 4 26b A4B,25.5,RX 9070,gpu,16,FP16,8192,F16,no,55.85,-39.85,0,,
Gemma 4 26b A4B,25.5,Radeon PRO W7900,gpu,48,Q4_K_M,8192,F16,yes,18.92,29.08,262144,,
Gemma 4 26b A4B,25.5,Radeon PRO W7900,gpu,48,Q5_K_M,8192,F16,yes,21.61,26.39,262144,,
Gemma 4 26b A4B,25.5,Radeon PRO W7900,gpu,48,Q6_K,8192,F16,yes,24.47,23.53,262144,,
Gemma 4 26b A4B,25.5,Radeon PRO W7900,gpu,48,Q8_0,8192,F16,yes,30.91,17.09,262144,,
Gemma 4 26b A4B,25.5,Radeon PRO W7900,gpu,48,FP16,8192,F16,no,55.85,-7.85,0,,
Gemma 4 26b A4B,25.5,2× RTX 3090,gpu,48,Q4_K_M,8192,F16,yes,20.92,27.08,262144,,
Gemma 4 26b A4B,25.5,2× RTX 3090,gpu,48,Q5_K_M,8192,F16,yes,23.61,24.39,262144,,
Gemma 4 26b A4B,25.5,2× RTX 3090,gpu,48,Q6_K,8192,F16,yes,26.47,21.53,262144,,
Gemma 4 26b A4B,25.5,2× RTX 3090,gpu,48,Q8_0,8192,F16,yes,32.91,15.09,252466,,
Gemma 4 26b A4B,25.5,2× RTX 3090,gpu,48,FP16,8192,F16,no,57.85,-9.85,0,,
Gemma 4 26b A4B,25.5,2× RTX 4090,gpu,48,Q4_K_M,8192,F16,yes,20.92,27.08,262144,,
Gemma 4 26b A4B,25.5,2× RTX 4090,gpu,48,Q5_K_M,8192,F16,yes,23.61,24.39,262144,,
Gemma 4 26b A4B,25.5,2× RTX 4090,gpu,48,Q6_K,8192,F16,yes,26.47,21.53,262144,,
Gemma 4 26b A4B,25.5,2× RTX 4090,gpu,48,Q8_0,8192,F16,yes,32.91,15.09,252466,,
Gemma 4 26b A4B,25.5,2× RTX 4090,gpu,48,FP16,8192,F16,no,57.85,-9.85,0,,
Gemma 4 26b A4B,25.5,4× RTX 3090,gpu,96,Q4_K_M,8192,F16,yes,24.92,71.08,262144,,
Gemma 4 26b A4B,25.5,4× RTX 3090,gpu,96,Q5_K_M,8192,F16,yes,27.61,68.39,262144,,
Gemma 4 26b A4B,25.5,4× RTX 3090,gpu,96,Q6_K,8192,F16,yes,30.47,65.53,262144,,
Gemma 4 26b A4B,25.5,4× RTX 3090,gpu,96,Q8_0,8192,F16,yes,36.91,59.09,262144,,
Gemma 4 26b A4B,25.5,4× RTX 3090,gpu,96,FP16,8192,F16,yes,61.85,34.15,262144,,
Gemma 4 26b A4B,25.5,A100 40GB,gpu,40,Q4_K_M,8192,F16,yes,18.92,21.08,262144,,
Gemma 4 26b A4B,25.5,A100 40GB,gpu,40,Q5_K_M,8192,F16,yes,21.61,18.39,262144,,
Gemma 4 26b A4B,25.5,A100 40GB,gpu,40,Q6_K,8192,F16,yes,24.47,15.53,262144,,
Gemma 4 26b A4B,25.5,A100 40GB,gpu,40,Q8_0,8192,F16,yes,30.91,9.09,144638,,
Gemma 4 26b A4B,25.5,A100 40GB,gpu,40,FP16,8192,F16,no,55.85,-15.85,0,,
Gemma 4 26b A4B,25.5,A100 80GB,gpu,80,Q4_K_M,8192,F16,yes,18.92,61.08,262144,,
Gemma 4 26b A4B,25.5,A100 80GB,gpu,80,Q5_K_M,8192,F16,yes,21.61,58.39,262144,,
Gemma 4 26b A4B,25.5,A100 80GB,gpu,80,Q6_K,8192,F16,yes,24.47,55.53,262144,,
Gemma 4 26b A4B,25.5,A100 80GB,gpu,80,Q8_0,8192,F16,yes,30.91,49.09,262144,,
Gemma 4 26b A4B,25.5,A100 80GB,gpu,80,FP16,8192,F16,yes,55.85,24.15,262144,,
Gemma 4 26b A4B,25.5,H100 80GB,gpu,80,Q4_K_M,8192,F16,yes,18.92,61.08,262144,,
Gemma 4 26b A4B,25.5,H100 80GB,gpu,80,Q5_K_M,8192,F16,yes,21.61,58.39,262144,,
Gemma 4 26b A4B,25.5,H100 80GB,gpu,80,Q6_K,8192,F16,yes,24.47,55.53,262144,,
Gemma 4 26b A4B,25.5,H100 80GB,gpu,80,Q8_0,8192,F16,yes,30.91,49.09,262144,,
Gemma 4 26b A4B,25.5,H100 80GB,gpu,80,FP16,8192,F16,yes,55.85,24.15,262144,,
Gemma 4 26b A4B,25.5,H200 141GB,gpu,141,Q4_K_M,8192,F16,yes,18.92,122.08,262144,,
Gemma 4 26b A4B,25.5,H200 141GB,gpu,141,Q5_K_M,8192,F16,yes,21.61,119.39,262144,,
Gemma 4 26b A4B,25.5,H200 141GB,gpu,141,Q6_K,8192,F16,yes,24.47,116.53,262144,,
Gemma 4 26b A4B,25.5,H200 141GB,gpu,141,Q8_0,8192,F16,yes,30.91,110.09,262144,,
Gemma 4 26b A4B,25.5,H200 141GB,gpu,141,FP16,8192,F16,yes,55.85,85.15,262144,,
Gemma 4 26b A4B,25.5,B200,gpu,192,Q4_K_M,8192,F16,yes,18.92,173.08,262144,,
Gemma 4 26b A4B,25.5,B200,gpu,192,Q5_K_M,8192,F16,yes,21.61,170.39,262144,,
Gemma 4 26b A4B,25.5,B200,gpu,192,Q6_K,8192,F16,yes,24.47,167.53,262144,,
Gemma 4 26b A4B,25.5,B200,gpu,192,Q8_0,8192,F16,yes,30.91,161.09,262144,,
Gemma 4 26b A4B,25.5,B200,gpu,192,FP16,8192,F16,yes,55.85,136.15,262144,,
Gemma 4 26b A4B,25.5,M5 16GB,mac,16,4bit,8192,F16,no,26.14,-10.14,0,,
Gemma 4 26b A4B,25.5,M5 16GB,mac,16,8bit,8192,F16,no,35.98,-19.98,0,,
Gemma 4 26b A4B,25.5,M5 16GB,mac,16,16bit,8192,F16,no,60.19,-44.19,0,,
Gemma 4 26b A4B,25.5,M5 24GB,mac,24,4bit,8192,F16,no,26.14,-2.14,0,,
Gemma 4 26b A4B,25.5,M5 24GB,mac,24,8bit,8192,F16,no,35.98,-11.98,0,,
Gemma 4 26b A4B,25.5,M5 24GB,mac,24,16bit,8192,F16,no,60.19,-36.19,0,,
Gemma 4 26b A4B,25.5,M5 32GB,mac,32,4bit,8192,F16,tight,25.64,6.36,7399,,
Gemma 4 26b A4B,25.5,M5 32GB,mac,32,8bit,8192,F16,no,35.48,-3.48,0,,
Gemma 4 26b A4B,25.5,M5 32GB,mac,32,16bit,8192,F16,no,59.69,-27.69,0,,
Gemma 4 26b A4B,25.5,M5 Pro 24GB,mac,24,4bit,8192,F16,no,26.14,-2.14,0,,
Gemma 4 26b A4B,25.5,M5 Pro 24GB,mac,24,8bit,8192,F16,no,35.98,-11.98,0,,
Gemma 4 26b A4B,25.5,M5 Pro 24GB,mac,24,16bit,8192,F16,no,60.19,-36.19,0,,
Gemma 4 26b A4B,25.5,M5 Pro 48GB,mac,48,4bit,8192,F16,yes,25.14,22.86,262144,,
Gemma 4 26b A4B,25.5,M5 Pro 48GB,mac,48,8bit,8192,F16,yes,34.98,13.02,73993,,
Gemma 4 26b A4B,25.5,M5 Pro 48GB,mac,48,16bit,8192,F16,no,59.19,-11.19,0,,
Gemma 4 26b A4B,25.5,M5 Pro 64GB,mac,64,4bit,8192,F16,yes,25.14,38.86,262144,,
Gemma 4 26b A4B,25.5,M5 Pro 64GB,mac,64,8bit,8192,F16,yes,34.98,29.02,262144,,
Gemma 4 26b A4B,25.5,M5 Pro 64GB,mac,64,16bit,8192,F16,tight,59.19,4.81,0,,
Gemma 4 26b A4B,25.5,M5 Max 36GB,mac,36,4bit,8192,F16,yes,25.64,10.36,69015,,
Gemma 4 26b A4B,25.5,M5 Max 36GB,mac,36,8bit,8192,F16,tight,35.48,0.52,0,,
Gemma 4 26b A4B,25.5,M5 Max 36GB,mac,36,16bit,8192,F16,no,59.69,-23.69,0,,
Gemma 4 26b A4B,25.5,M5 Max 48GB,mac,48,4bit,8192,F16,yes,25.14,22.86,262144,,
Gemma 4 26b A4B,25.5,M5 Max 48GB,mac,48,8bit,8192,F16,yes,34.98,13.02,73993,,
Gemma 4 26b A4B,25.5,M5 Max 48GB,mac,48,16bit,8192,F16,no,59.19,-11.19,0,,
Gemma 4 26b A4B,25.5,M5 Max 64GB,mac,64,4bit,8192,F16,yes,25.14,38.86,262144,,
Gemma 4 26b A4B,25.5,M5 Max 64GB,mac,64,8bit,8192,F16,yes,34.98,29.02,262144,,
Gemma 4 26b A4B,25.5,M5 Max 64GB,mac,64,16bit,8192,F16,tight,59.19,4.81,0,,
Gemma 4 26b A4B,25.5,M5 Max 128GB,mac,128,4bit,8192,F16,yes,25.14,102.86,262144,,
Gemma 4 26b A4B,25.5,M5 Max 128GB,mac,128,8bit,8192,F16,yes,34.98,93.02,262144,,
Gemma 4 26b A4B,25.5,M5 Max 128GB,mac,128,16bit,8192,F16,yes,59.19,68.81,262144,,
Gemma 4 26b A4B,25.5,M4 16GB,mac,16,4bit,8192,F16,no,26.14,-10.14,0,,
Gemma 4 26b A4B,25.5,M4 16GB,mac,16,8bit,8192,F16,no,35.98,-19.98,0,,
Gemma 4 26b A4B,25.5,M4 16GB,mac,16,16bit,8192,F16,no,60.19,-44.19,0,,
Gemma 4 26b A4B,25.5,M4 24GB,mac,24,4bit,8192,F16,no,26.14,-2.14,0,,
Gemma 4 26b A4B,25.5,M4 24GB,mac,24,8bit,8192,F16,no,35.98,-11.98,0,,
Gemma 4 26b A4B,25.5,M4 24GB,mac,24,16bit,8192,F16,no,60.19,-36.19,0,,
Gemma 4 26b A4B,25.5,M4 32GB,mac,32,4bit,8192,F16,tight,25.64,6.36,7399,,
Gemma 4 26b A4B,25.5,M4 32GB,mac,32,8bit,8192,F16,no,35.48,-3.48,0,,
Gemma 4 26b A4B,25.5,M4 32GB,mac,32,16bit,8192,F16,no,59.69,-27.69,0,,
Gemma 4 26b A4B,25.5,M4 Pro 24GB,mac,24,4bit,8192,F16,no,26.14,-2.14,0,,
Gemma 4 26b A4B,25.5,M4 Pro 24GB,mac,24,8bit,8192,F16,no,35.98,-11.98,0,,
Gemma 4 26b A4B,25.5,M4 Pro 24GB,mac,24,16bit,8192,F16,no,60.19,-36.19,0,,
Gemma 4 26b A4B,25.5,M4 Pro 48GB,mac,48,4bit,8192,F16,yes,25.14,22.86,262144,,
Gemma 4 26b A4B,25.5,M4 Pro 48GB,mac,48,8bit,8192,F16,yes,34.98,13.02,73993,,
Gemma 4 26b A4B,25.5,M4 Pro 48GB,mac,48,16bit,8192,F16,no,59.19,-11.19,0,,
Gemma 4 26b A4B,25.5,M4 Pro 64GB,mac,64,4bit,8192,F16,yes,25.14,38.86,262144,,
Gemma 4 26b A4B,25.5,M4 Pro 64GB,mac,64,8bit,8192,F16,yes,34.98,29.02,262144,,
Gemma 4 26b A4B,25.5,M4 Pro 64GB,mac,64,16bit,8192,F16,tight,59.19,4.81,0,,
Gemma 4 26b A4B,25.5,M4 Max 36GB,mac,36,4bit,8192,F16,yes,25.64,10.36,69015,,
Gemma 4 26b A4B,25.5,M4 Max 36GB,mac,36,8bit,8192,F16,tight,35.48,0.52,0,,
Gemma 4 26b A4B,25.5,M4 Max 36GB,mac,36,16bit,8192,F16,no,59.69,-23.69,0,,
Gemma 4 26b A4B,25.5,M4 Max 48GB,mac,48,4bit,8192,F16,yes,25.14,22.86,262144,,
Gemma 4 26b A4B,25.5,M4 Max 48GB,mac,48,8bit,8192,F16,yes,34.98,13.02,73993,,
Gemma 4 26b A4B,25.5,M4 Max 48GB,mac,48,16bit,8192,F16,no,59.19,-11.19,0,,
Gemma 4 26b A4B,25.5,M4 Max 64GB,mac,64,4bit,8192,F16,yes,25.14,38.86,262144,,
Gemma 4 26b A4B,25.5,M4 Max 64GB,mac,64,8bit,8192,F16,yes,34.98,29.02,262144,,
Gemma 4 26b A4B,25.5,M4 Max 64GB,mac,64,16bit,8192,F16,tight,59.19,4.81,0,,
Gemma 4 26b A4B,25.5,M4 Max 128GB,mac,128,4bit,8192,F16,yes,25.14,102.86,262144,,
Gemma 4 26b A4B,25.5,M4 Max 128GB,mac,128,8bit,8192,F16,yes,34.98,93.02,262144,,
Gemma 4 26b A4B,25.5,M4 Max 128GB,mac,128,16bit,8192,F16,yes,59.19,68.81,262144,,
Gemma 4 26b A4B,25.5,M3 8GB,mac,8,4bit,8192,F16,no,26.14,-18.14,0,,
Gemma 4 26b A4B,25.5,M3 8GB,mac,8,8bit,8192,F16,no,35.98,-27.98,0,,
Gemma 4 26b A4B,25.5,M3 8GB,mac,8,16bit,8192,F16,no,60.19,-52.19,0,,
Gemma 4 26b A4B,25.5,M3 16GB,mac,16,4bit,8192,F16,no,26.14,-10.14,0,,
Gemma 4 26b A4B,25.5,M3 16GB,mac,16,8bit,8192,F16,no,35.98,-19.98,0,,
Gemma 4 26b A4B,25.5,M3 16GB,mac,16,16bit,8192,F16,no,60.19,-44.19,0,,
Gemma 4 26b A4B,25.5,M3 24GB,mac,24,4bit,8192,F16,no,26.14,-2.14,0,,
Gemma 4 26b A4B,25.5,M3 24GB,mac,24,8bit,8192,F16,no,35.98,-11.98,0,,
Gemma 4 26b A4B,25.5,M3 24GB,mac,24,16bit,8192,F16,no,60.19,-36.19,0,,
Gemma 4 26b A4B,25.5,M3 Pro 18GB,mac,18,4bit,8192,F16,no,26.14,-8.14,0,,
Gemma 4 26b A4B,25.5,M3 Pro 18GB,mac,18,8bit,8192,F16,no,35.98,-17.98,0,,
Gemma 4 26b A4B,25.5,M3 Pro 18GB,mac,18,16bit,8192,F16,no,60.19,-42.19,0,,
Gemma 4 26b A4B,25.5,M3 Pro 36GB,mac,36,4bit,8192,F16,yes,25.64,10.36,69015,,
Gemma 4 26b A4B,25.5,M3 Pro 36GB,mac,36,8bit,8192,F16,tight,35.48,0.52,0,,
Gemma 4 26b A4B,25.5,M3 Pro 36GB,mac,36,16bit,8192,F16,no,59.69,-23.69,0,,
Gemma 4 26b A4B,25.5,M3 Max 36GB,mac,36,4bit,8192,F16,yes,25.64,10.36,69015,,
Gemma 4 26b A4B,25.5,M3 Max 36GB,mac,36,8bit,8192,F16,tight,35.48,0.52,0,,
Gemma 4 26b A4B,25.5,M3 Max 36GB,mac,36,16bit,8192,F16,no,59.69,-23.69,0,,
Gemma 4 26b A4B,25.5,M3 Max 48GB,mac,48,4bit,8192,F16,yes,25.14,22.86,262144,,
Gemma 4 26b A4B,25.5,M3 Max 48GB,mac,48,8bit,8192,F16,yes,34.98,13.02,73993,,
Gemma 4 26b A4B,25.5,M3 Max 48GB,mac,48,16bit,8192,F16,no,59.19,-11.19,0,,
Gemma 4 26b A4B,25.5,M3 Max 64GB,mac,64,4bit,8192,F16,yes,25.14,38.86,262144,,
Gemma 4 26b A4B,25.5,M3 Max 64GB,mac,64,8bit,8192,F16,yes,34.98,29.02,262144,,
Gemma 4 26b A4B,25.5,M3 Max 64GB,mac,64,16bit,8192,F16,tight,59.19,4.81,0,,
Gemma 4 26b A4B,25.5,M3 Max 96GB,mac,96,4bit,8192,F16,yes,25.14,70.86,262144,,
Gemma 4 26b A4B,25.5,M3 Max 96GB,mac,96,8bit,8192,F16,yes,34.98,61.02,262144,,
Gemma 4 26b A4B,25.5,M3 Max 96GB,mac,96,16bit,8192,F16,yes,59.19,36.81,262144,,
Gemma 4 26b A4B,25.5,M3 Max 128GB,mac,128,4bit,8192,F16,yes,25.14,102.86,262144,,
Gemma 4 26b A4B,25.5,M3 Max 128GB,mac,128,8bit,8192,F16,yes,34.98,93.02,262144,,
Gemma 4 26b A4B,25.5,M3 Max 128GB,mac,128,16bit,8192,F16,yes,59.19,68.81,262144,,
Gemma 4 26b A4B,25.5,M3 Ultra 96GB,mac,96,4bit,8192,F16,yes,25.14,70.86,262144,,
Gemma 4 26b A4B,25.5,M3 Ultra 96GB,mac,96,8bit,8192,F16,yes,34.98,61.02,262144,,
Gemma 4 26b A4B,25.5,M3 Ultra 96GB,mac,96,16bit,8192,F16,yes,59.19,36.81,262144,,
Gemma 4 26b A4B,25.5,M3 Ultra 256GB,mac,256,4bit,8192,F16,yes,25.14,230.86,262144,,
Gemma 4 26b A4B,25.5,M3 Ultra 256GB,mac,256,8bit,8192,F16,yes,34.98,221.02,262144,,
Gemma 4 26b A4B,25.5,M3 Ultra 256GB,mac,256,16bit,8192,F16,yes,59.19,196.81,262144,,
Gemma 4 26b A4B,25.5,M3 Ultra 512GB,mac,512,4bit,8192,F16,yes,25.14,486.86,262144,,
Gemma 4 26b A4B,25.5,M3 Ultra 512GB,mac,512,8bit,8192,F16,yes,34.98,477.02,262144,,
Gemma 4 26b A4B,25.5,M3 Ultra 512GB,mac,512,16bit,8192,F16,yes,59.19,452.81,262144,,
Gemma 4 26b A4B,25.5,M2 8GB,mac,8,4bit,8192,F16,no,26.14,-18.14,0,,
Gemma 4 26b A4B,25.5,M2 8GB,mac,8,8bit,8192,F16,no,35.98,-27.98,0,,
Gemma 4 26b A4B,25.5,M2 8GB,mac,8,16bit,8192,F16,no,60.19,-52.19,0,,
Gemma 4 26b A4B,25.5,M2 16GB,mac,16,4bit,8192,F16,no,26.14,-10.14,0,,
Gemma 4 26b A4B,25.5,M2 16GB,mac,16,8bit,8192,F16,no,35.98,-19.98,0,,
Gemma 4 26b A4B,25.5,M2 16GB,mac,16,16bit,8192,F16,no,60.19,-44.19,0,,
Gemma 4 26b A4B,25.5,M2 24GB,mac,24,4bit,8192,F16,no,26.14,-2.14,0,,
Gemma 4 26b A4B,25.5,M2 24GB,mac,24,8bit,8192,F16,no,35.98,-11.98,0,,
Gemma 4 26b A4B,25.5,M2 24GB,mac,24,16bit,8192,F16,no,60.19,-36.19,0,,
Gemma 4 26b A4B,25.5,M2 Pro 16GB,mac,16,4bit,8192,F16,no,26.14,-10.14,0,,
Gemma 4 26b A4B,25.5,M2 Pro 16GB,mac,16,8bit,8192,F16,no,35.98,-19.98,0,,
Gemma 4 26b A4B,25.5,M2 Pro 16GB,mac,16,16bit,8192,F16,no,60.19,-44.19,0,,
Gemma 4 26b A4B,25.5,M2 Pro 32GB,mac,32,4bit,8192,F16,tight,25.64,6.36,7399,,
Gemma 4 26b A4B,25.5,M2 Pro 32GB,mac,32,8bit,8192,F16,no,35.48,-3.48,0,,
Gemma 4 26b A4B,25.5,M2 Pro 32GB,mac,32,16bit,8192,F16,no,59.69,-27.69,0,,
Gemma 4 26b A4B,25.5,M2 Max 32GB,mac,32,4bit,8192,F16,tight,25.64,6.36,7399,,
Gemma 4 26b A4B,25.5,M2 Max 32GB,mac,32,8bit,8192,F16,no,35.48,-3.48,0,,
Gemma 4 26b A4B,25.5,M2 Max 32GB,mac,32,16bit,8192,F16,no,59.69,-27.69,0,,
Gemma 4 26b A4B,25.5,M2 Max 64GB,mac,64,4bit,8192,F16,yes,25.14,38.86,262144,,
Gemma 4 26b A4B,25.5,M2 Max 64GB,mac,64,8bit,8192,F16,yes,34.98,29.02,262144,,
Gemma 4 26b A4B,25.5,M2 Max 64GB,mac,64,16bit,8192,F16,tight,59.19,4.81,0,,
Gemma 4 26b A4B,25.5,M2 Max 96GB,mac,96,4bit,8192,F16,yes,25.14,70.86,262144,,
Gemma 4 26b A4B,25.5,M2 Max 96GB,mac,96,8bit,8192,F16,yes,34.98,61.02,262144,,
Gemma 4 26b A4B,25.5,M2 Max 96GB,mac,96,16bit,8192,F16,yes,59.19,36.81,262144,,
Gemma 4 26b A4B,25.5,M2 Ultra 64GB,mac,64,4bit,8192,F16,yes,25.14,38.86,262144,,
Gemma 4 26b A4B,25.5,M2 Ultra 64GB,mac,64,8bit,8192,F16,yes,34.98,29.02,262144,,
Gemma 4 26b A4B,25.5,M2 Ultra 64GB,mac,64,16bit,8192,F16,tight,59.19,4.81,0,,
Gemma 4 26b A4B,25.5,M2 Ultra 128GB,mac,128,4bit,8192,F16,yes,25.14,102.86,262144,,
Gemma 4 26b A4B,25.5,M2 Ultra 128GB,mac,128,8bit,8192,F16,yes,34.98,93.02,262144,,
Gemma 4 26b A4B,25.5,M2 Ultra 128GB,mac,128,16bit,8192,F16,yes,59.19,68.81,262144,,
Gemma 4 26b A4B,25.5,M2 Ultra 192GB,mac,192,4bit,8192,F16,yes,25.14,166.86,262144,,
Gemma 4 26b A4B,25.5,M2 Ultra 192GB,mac,192,8bit,8192,F16,yes,34.98,157.02,262144,,
Gemma 4 26b A4B,25.5,M2 Ultra 192GB,mac,192,16bit,8192,F16,yes,59.19,132.81,262144,,
Gemma 4 26b A4B,25.5,M1 8GB,mac,8,4bit,8192,F16,no,26.14,-18.14,0,,
Gemma 4 26b A4B,25.5,M1 8GB,mac,8,8bit,8192,F16,no,35.98,-27.98,0,,
Gemma 4 26b A4B,25.5,M1 8GB,mac,8,16bit,8192,F16,no,60.19,-52.19,0,,
Gemma 4 26b A4B,25.5,M1 16GB,mac,16,4bit,8192,F16,no,26.14,-10.14,0,,
Gemma 4 26b A4B,25.5,M1 16GB,mac,16,8bit,8192,F16,no,35.98,-19.98,0,,
Gemma 4 26b A4B,25.5,M1 16GB,mac,16,16bit,8192,F16,no,60.19,-44.19,0,,
Gemma 4 26b A4B,25.5,M1 Pro 16GB,mac,16,4bit,8192,F16,no,26.14,-10.14,0,,
Gemma 4 26b A4B,25.5,M1 Pro 16GB,mac,16,8bit,8192,F16,no,35.98,-19.98,0,,
Gemma 4 26b A4B,25.5,M1 Pro 16GB,mac,16,16bit,8192,F16,no,60.19,-44.19,0,,
Gemma 4 26b A4B,25.5,M1 Pro 32GB,mac,32,4bit,8192,F16,tight,25.64,6.36,7399,,
Gemma 4 26b A4B,25.5,M1 Pro 32GB,mac,32,8bit,8192,F16,no,35.48,-3.48,0,,
Gemma 4 26b A4B,25.5,M1 Pro 32GB,mac,32,16bit,8192,F16,no,59.69,-27.69,0,,
Gemma 4 26b A4B,25.5,M1 Max 32GB,mac,32,4bit,8192,F16,tight,25.64,6.36,7399,,
Gemma 4 26b A4B,25.5,M1 Max 32GB,mac,32,8bit,8192,F16,no,35.48,-3.48,0,,
Gemma 4 26b A4B,25.5,M1 Max 32GB,mac,32,16bit,8192,F16,no,59.69,-27.69,0,,
Gemma 4 26b A4B,25.5,M1 Max 64GB,mac,64,4bit,8192,F16,yes,25.14,38.86,262144,,
Gemma 4 26b A4B,25.5,M1 Max 64GB,mac,64,8bit,8192,F16,yes,34.98,29.02,262144,,
Gemma 4 26b A4B,25.5,M1 Max 64GB,mac,64,16bit,8192,F16,tight,59.19,4.81,0,,
Gemma 4 26b A4B,25.5,M1 Ultra 64GB,mac,64,4bit,8192,F16,yes,25.14,38.86,262144,,
Gemma 4 26b A4B,25.5,M1 Ultra 64GB,mac,64,8bit,8192,F16,yes,34.98,29.02,262144,,
Gemma 4 26b A4B,25.5,M1 Ultra 64GB,mac,64,16bit,8192,F16,tight,59.19,4.81,0,,
Gemma 4 26b A4B,25.5,M1 Ultra 128GB,mac,128,4bit,8192,F16,yes,25.14,102.86,262144,,
Gemma 4 26b A4B,25.5,M1 Ultra 128GB,mac,128,8bit,8192,F16,yes,34.98,93.02,262144,,
Gemma 4 26b A4B,25.5,M1 Ultra 128GB,mac,128,16bit,8192,F16,yes,59.19,68.81,262144,,
Gemma 4 31b,30.7,RTX 5090,gpu,32,Q4_K_M,8192,F16,yes,23.45,8.55,67184,,
Gemma 4 31b,30.7,RTX 5090,gpu,32,Q5_K_M,8192,F16,yes,26.69,5.31,39673,,
Gemma 4 31b,30.7,RTX 5090,gpu,32,Q6_K,8192,F16,yes,30.13,1.87,10445,,
Gemma 4 31b,30.7,RTX 5090,gpu,32,Q8_0,8192,F16,no,37.89,-5.89,0,,
Gemma 4 31b,30.7,RTX 5090,gpu,32,FP16,8192,F16,no,67.91,-35.91,0,,
Gemma 4 31b,30.7,RTX 5080,gpu,16,Q4_K_M,8192,F16,no,23.45,-7.45,0,,
Gemma 4 31b,30.7,RTX 5080,gpu,16,Q5_K_M,8192,F16,no,26.69,-10.69,0,,
Gemma 4 31b,30.7,RTX 5080,gpu,16,Q6_K,8192,F16,no,30.13,-14.13,0,,
Gemma 4 31b,30.7,RTX 5080,gpu,16,Q8_0,8192,F16,no,37.89,-21.89,0,,
Gemma 4 31b,30.7,RTX 5080,gpu,16,FP16,8192,F16,no,67.91,-51.91,0,,
Gemma 4 31b,30.7,RTX 5070 Ti,gpu,16,Q4_K_M,8192,F16,no,23.45,-7.45,0,,
Gemma 4 31b,30.7,RTX 5070 Ti,gpu,16,Q5_K_M,8192,F16,no,26.69,-10.69,0,,
Gemma 4 31b,30.7,RTX 5070 Ti,gpu,16,Q6_K,8192,F16,no,30.13,-14.13,0,,
Gemma 4 31b,30.7,RTX 5070 Ti,gpu,16,Q8_0,8192,F16,no,37.89,-21.89,0,,
Gemma 4 31b,30.7,RTX 5070 Ti,gpu,16,FP16,8192,F16,no,67.91,-51.91,0,,
Gemma 4 31b,30.7,RTX 5070,gpu,12,Q4_K_M,8192,F16,no,23.45,-11.45,0,,
Gemma 4 31b,30.7,RTX 5070,gpu,12,Q5_K_M,8192,F16,no,26.69,-14.69,0,,
Gemma 4 31b,30.7,RTX 5070,gpu,12,Q6_K,8192,F16,no,30.13,-18.13,0,,
Gemma 4 31b,30.7,RTX 5070,gpu,12,Q8_0,8192,F16,no,37.89,-25.89,0,,
Gemma 4 31b,30.7,RTX 5070,gpu,12,FP16,8192,F16,no,67.91,-55.91,0,,
Gemma 4 31b,30.7,RTX 4090,gpu,24,Q4_K_M,8192,F16,tight,23.45,0.55,2634,,
Gemma 4 31b,30.7,RTX 4090,gpu,24,Q5_K_M,8192,F16,no,26.69,-2.69,0,,
Gemma 4 31b,30.7,RTX 4090,gpu,24,Q6_K,8192,F16,no,30.13,-6.13,0,,
Gemma 4 31b,30.7,RTX 4090,gpu,24,Q8_0,8192,F16,no,37.89,-13.89,0,,
Gemma 4 31b,30.7,RTX 4090,gpu,24,FP16,8192,F16,no,67.91,-43.91,0,,
Gemma 4 31b,30.7,RTX 4080 SUPER,gpu,16,Q4_K_M,8192,F16,no,23.45,-7.45,0,,
Gemma 4 31b,30.7,RTX 4080 SUPER,gpu,16,Q5_K_M,8192,F16,no,26.69,-10.69,0,,
Gemma 4 31b,30.7,RTX 4080 SUPER,gpu,16,Q6_K,8192,F16,no,30.13,-14.13,0,,
Gemma 4 31b,30.7,RTX 4080 SUPER,gpu,16,Q8_0,8192,F16,no,37.89,-21.89,0,,
Gemma 4 31b,30.7,RTX 4080 SUPER,gpu,16,FP16,8192,F16,no,67.91,-51.91,0,,
Gemma 4 31b,30.7,RTX 4070 Ti SUPER,gpu,16,Q4_K_M,8192,F16,no,23.45,-7.45,0,,
Gemma 4 31b,30.7,RTX 4070 Ti SUPER,gpu,16,Q5_K_M,8192,F16,no,26.69,-10.69,0,,
Gemma 4 31b,30.7,RTX 4070 Ti SUPER,gpu,16,Q6_K,8192,F16,no,30.13,-14.13,0,,
Gemma 4 31b,30.7,RTX 4070 Ti SUPER,gpu,16,Q8_0,8192,F16,no,37.89,-21.89,0,,
Gemma 4 31b,30.7,RTX 4070 Ti SUPER,gpu,16,FP16,8192,F16,no,67.91,-51.91,0,,
Gemma 4 31b,30.7,RTX 4070,gpu,12,Q4_K_M,8192,F16,no,23.45,-11.45,0,,
Gemma 4 31b,30.7,RTX 4070,gpu,12,Q5_K_M,8192,F16,no,26.69,-14.69,0,,
Gemma 4 31b,30.7,RTX 4070,gpu,12,Q6_K,8192,F16,no,30.13,-18.13,0,,
Gemma 4 31b,30.7,RTX 4070,gpu,12,Q8_0,8192,F16,no,37.89,-25.89,0,,
Gemma 4 31b,30.7,RTX 4070,gpu,12,FP16,8192,F16,no,67.91,-55.91,0,,
Gemma 4 31b,30.7,RTX 4060 Ti 16GB,gpu,16,Q4_K_M,8192,F16,no,23.45,-7.45,0,,
Gemma 4 31b,30.7,RTX 4060 Ti 16GB,gpu,16,Q5_K_M,8192,F16,no,26.69,-10.69,0,,
Gemma 4 31b,30.7,RTX 4060 Ti 16GB,gpu,16,Q6_K,8192,F16,no,30.13,-14.13,0,,
Gemma 4 31b,30.7,RTX 4060 Ti 16GB,gpu,16,Q8_0,8192,F16,no,37.89,-21.89,0,,
Gemma 4 31b,30.7,RTX 4060 Ti 16GB,gpu,16,FP16,8192,F16,no,67.91,-51.91,0,,
Gemma 4 31b,30.7,RTX 3090,gpu,24,Q4_K_M,8192,F16,tight,23.45,0.55,2634,,
Gemma 4 31b,30.7,RTX 3090,gpu,24,Q5_K_M,8192,F16,no,26.69,-2.69,0,,
Gemma 4 31b,30.7,RTX 3090,gpu,24,Q6_K,8192,F16,no,30.13,-6.13,0,,
Gemma 4 31b,30.7,RTX 3090,gpu,24,Q8_0,8192,F16,no,37.89,-13.89,0,,
Gemma 4 31b,30.7,RTX 3090,gpu,24,FP16,8192,F16,no,67.91,-43.91,0,,
Gemma 4 31b,30.7,RTX 3090 Ti,gpu,24,Q4_K_M,8192,F16,tight,23.45,0.55,2634,,
Gemma 4 31b,30.7,RTX 3090 Ti,gpu,24,Q5_K_M,8192,F16,no,26.69,-2.69,0,,
Gemma 4 31b,30.7,RTX 3090 Ti,gpu,24,Q6_K,8192,F16,no,30.13,-6.13,0,,
Gemma 4 31b,30.7,RTX 3090 Ti,gpu,24,Q8_0,8192,F16,no,37.89,-13.89,0,,
Gemma 4 31b,30.7,RTX 3090 Ti,gpu,24,FP16,8192,F16,no,67.91,-43.91,0,,
Gemma 4 31b,30.7,RTX 3080 10GB,gpu,10,Q4_K_M,8192,F16,no,23.45,-13.45,0,,
Gemma 4 31b,30.7,RTX 3080 10GB,gpu,10,Q5_K_M,8192,F16,no,26.69,-16.69,0,,
Gemma 4 31b,30.7,RTX 3080 10GB,gpu,10,Q6_K,8192,F16,no,30.13,-20.13,0,,
Gemma 4 31b,30.7,RTX 3080 10GB,gpu,10,Q8_0,8192,F16,no,37.89,-27.89,0,,
Gemma 4 31b,30.7,RTX 3080 10GB,gpu,10,FP16,8192,F16,no,67.91,-57.91,0,,
Gemma 4 31b,30.7,RTX 3080 12GB,gpu,12,Q4_K_M,8192,F16,no,23.45,-11.45,0,,
Gemma 4 31b,30.7,RTX 3080 12GB,gpu,12,Q5_K_M,8192,F16,no,26.69,-14.69,0,,
Gemma 4 31b,30.7,RTX 3080 12GB,gpu,12,Q6_K,8192,F16,no,30.13,-18.13,0,,
Gemma 4 31b,30.7,RTX 3080 12GB,gpu,12,Q8_0,8192,F16,no,37.89,-25.89,0,,
Gemma 4 31b,30.7,RTX 3080 12GB,gpu,12,FP16,8192,F16,no,67.91,-55.91,0,,
Gemma 4 31b,30.7,RTX 3060 12GB,gpu,12,Q4_K_M,8192,F16,no,23.45,-11.45,0,,
Gemma 4 31b,30.7,RTX 3060 12GB,gpu,12,Q5_K_M,8192,F16,no,26.69,-14.69,0,,
Gemma 4 31b,30.7,RTX 3060 12GB,gpu,12,Q6_K,8192,F16,no,30.13,-18.13,0,,
Gemma 4 31b,30.7,RTX 3060 12GB,gpu,12,Q8_0,8192,F16,no,37.89,-25.89,0,,
Gemma 4 31b,30.7,RTX 3060 12GB,gpu,12,FP16,8192,F16,no,67.91,-55.91,0,,
Gemma 4 31b,30.7,RTX 5060 Ti 16GB,gpu,16,Q4_K_M,8192,F16,no,23.45,-7.45,0,,
Gemma 4 31b,30.7,RTX 5060 Ti 16GB,gpu,16,Q5_K_M,8192,F16,no,26.69,-10.69,0,,
Gemma 4 31b,30.7,RTX 5060 Ti 16GB,gpu,16,Q6_K,8192,F16,no,30.13,-14.13,0,,
Gemma 4 31b,30.7,RTX 5060 Ti 16GB,gpu,16,Q8_0,8192,F16,no,37.89,-21.89,0,,
Gemma 4 31b,30.7,RTX 5060 Ti 16GB,gpu,16,FP16,8192,F16,no,67.91,-51.91,0,,
Gemma 4 31b,30.7,RTX 4070 Ti,gpu,12,Q4_K_M,8192,F16,no,23.45,-11.45,0,,
Gemma 4 31b,30.7,RTX 4070 Ti,gpu,12,Q5_K_M,8192,F16,no,26.69,-14.69,0,,
Gemma 4 31b,30.7,RTX 4070 Ti,gpu,12,Q6_K,8192,F16,no,30.13,-18.13,0,,
Gemma 4 31b,30.7,RTX 4070 Ti,gpu,12,Q8_0,8192,F16,no,37.89,-25.89,0,,
Gemma 4 31b,30.7,RTX 4070 Ti,gpu,12,FP16,8192,F16,no,67.91,-55.91,0,,
Gemma 4 31b,30.7,RTX 4080,gpu,16,Q4_K_M,8192,F16,no,23.45,-7.45,0,,
Gemma 4 31b,30.7,RTX 4080,gpu,16,Q5_K_M,8192,F16,no,26.69,-10.69,0,,
Gemma 4 31b,30.7,RTX 4080,gpu,16,Q6_K,8192,F16,no,30.13,-14.13,0,,
Gemma 4 31b,30.7,RTX 4080,gpu,16,Q8_0,8192,F16,no,37.89,-21.89,0,,
Gemma 4 31b,30.7,RTX 4080,gpu,16,FP16,8192,F16,no,67.91,-51.91,0,,
Gemma 4 31b,30.7,RTX 4060 Ti 8GB,gpu,8,Q4_K_M,8192,F16,no,23.45,-15.45,0,,
Gemma 4 31b,30.7,RTX 4060 Ti 8GB,gpu,8,Q5_K_M,8192,F16,no,26.69,-18.69,0,,
Gemma 4 31b,30.7,RTX 4060 Ti 8GB,gpu,8,Q6_K,8192,F16,no,30.13,-22.13,0,,
Gemma 4 31b,30.7,RTX 4060 Ti 8GB,gpu,8,Q8_0,8192,F16,no,37.89,-29.89,0,,
Gemma 4 31b,30.7,RTX 4060 Ti 8GB,gpu,8,FP16,8192,F16,no,67.91,-59.91,0,,
Gemma 4 31b,30.7,RTX 3060 8GB,gpu,8,Q4_K_M,8192,F16,no,23.45,-15.45,0,,
Gemma 4 31b,30.7,RTX 3060 8GB,gpu,8,Q5_K_M,8192,F16,no,26.69,-18.69,0,,
Gemma 4 31b,30.7,RTX 3060 8GB,gpu,8,Q6_K,8192,F16,no,30.13,-22.13,0,,
Gemma 4 31b,30.7,RTX 3060 8GB,gpu,8,Q8_0,8192,F16,no,37.89,-29.89,0,,
Gemma 4 31b,30.7,RTX 3060 8GB,gpu,8,FP16,8192,F16,no,67.91,-59.91,0,,
Gemma 4 31b,30.7,RTX 2080 Ti,gpu,11,Q4_K_M,8192,F16,no,23.45,-12.45,0,,
Gemma 4 31b,30.7,RTX 2080 Ti,gpu,11,Q5_K_M,8192,F16,no,26.69,-15.69,0,,
Gemma 4 31b,30.7,RTX 2080 Ti,gpu,11,Q6_K,8192,F16,no,30.13,-19.13,0,,
Gemma 4 31b,30.7,RTX 2080 Ti,gpu,11,Q8_0,8192,F16,no,37.89,-26.89,0,,
Gemma 4 31b,30.7,RTX 2080 Ti,gpu,11,FP16,8192,F16,no,67.91,-56.91,0,,
Gemma 4 31b,30.7,RTX 6000 Ada,gpu,48,Q4_K_M,8192,F16,yes,23.45,24.55,196284,,
Gemma 4 31b,30.7,RTX 6000 Ada,gpu,48,Q5_K_M,8192,F16,yes,26.69,21.31,168773,,
Gemma 4 31b,30.7,RTX 6000 Ada,gpu,48,Q6_K,8192,F16,yes,30.13,17.87,139545,,
Gemma 4 31b,30.7,RTX 6000 Ada,gpu,48,Q8_0,8192,F16,yes,37.89,10.11,73675,,
Gemma 4 31b,30.7,RTX 6000 Ada,gpu,48,FP16,8192,F16,no,67.91,-19.91,0,,
Gemma 4 31b,30.7,RTX PRO 6000 Blackwell,gpu,96,Q4_K_M,8192,F16,yes,23.45,72.55,262144,,
Gemma 4 31b,30.7,RTX PRO 6000 Blackwell,gpu,96,Q5_K_M,8192,F16,yes,26.69,69.31,262144,,
Gemma 4 31b,30.7,RTX PRO 6000 Blackwell,gpu,96,Q6_K,8192,F16,yes,30.13,65.87,262144,,
Gemma 4 31b,30.7,RTX PRO 6000 Blackwell,gpu,96,Q8_0,8192,F16,yes,37.89,58.11,262144,,
Gemma 4 31b,30.7,RTX PRO 6000 Blackwell,gpu,96,FP16,8192,F16,yes,67.91,28.09,206002,,
Gemma 4 31b,30.7,RX 7900 XTX,gpu,24,Q4_K_M,8192,F16,tight,23.45,0.55,2634,,
Gemma 4 31b,30.7,RX 7900 XTX,gpu,24,Q5_K_M,8192,F16,no,26.69,-2.69,0,,
Gemma 4 31b,30.7,RX 7900 XTX,gpu,24,Q6_K,8192,F16,no,30.13,-6.13,0,,
Gemma 4 31b,30.7,RX 7900 XTX,gpu,24,Q8_0,8192,F16,no,37.89,-13.89,0,,
Gemma 4 31b,30.7,RX 7900 XTX,gpu,24,FP16,8192,F16,no,67.91,-43.91,0,,
Gemma 4 31b,30.7,RX 7900 XT,gpu,20,Q4_K_M,8192,F16,no,23.45,-3.45,0,,
Gemma 4 31b,30.7,RX 7900 XT,gpu,20,Q5_K_M,8192,F16,no,26.69,-6.69,0,,
Gemma 4 31b,30.7,RX 7900 XT,gpu,20,Q6_K,8192,F16,no,30.13,-10.13,0,,
Gemma 4 31b,30.7,RX 7900 XT,gpu,20,Q8_0,8192,F16,no,37.89,-17.89,0,,
Gemma 4 31b,30.7,RX 7900 XT,gpu,20,FP16,8192,F16,no,67.91,-47.91,0,,
Gemma 4 31b,30.7,RX 7800 XT,gpu,16,Q4_K_M,8192,F16,no,23.45,-7.45,0,,
Gemma 4 31b,30.7,RX 7800 XT,gpu,16,Q5_K_M,8192,F16,no,26.69,-10.69,0,,
Gemma 4 31b,30.7,RX 7800 XT,gpu,16,Q6_K,8192,F16,no,30.13,-14.13,0,,
Gemma 4 31b,30.7,RX 7800 XT,gpu,16,Q8_0,8192,F16,no,37.89,-21.89,0,,
Gemma 4 31b,30.7,RX 7800 XT,gpu,16,FP16,8192,F16,no,67.91,-51.91,0,,
Gemma 4 31b,30.7,RX 9070 XT,gpu,16,Q4_K_M,8192,F16,no,23.45,-7.45,0,,
Gemma 4 31b,30.7,RX 9070 XT,gpu,16,Q5_K_M,8192,F16,no,26.69,-10.69,0,,
Gemma 4 31b,30.7,RX 9070 XT,gpu,16,Q6_K,8192,F16,no,30.13,-14.13,0,,
Gemma 4 31b,30.7,RX 9070 XT,gpu,16,Q8_0,8192,F16,no,37.89,-21.89,0,,
Gemma 4 31b,30.7,RX 9070 XT,gpu,16,FP16,8192,F16,no,67.91,-51.91,0,,
Gemma 4 31b,30.7,RX 9070,gpu,16,Q4_K_M,8192,F16,no,23.45,-7.45,0,,
Gemma 4 31b,30.7,RX 9070,gpu,16,Q5_K_M,8192,F16,no,26.69,-10.69,0,,
Gemma 4 31b,30.7,RX 9070,gpu,16,Q6_K,8192,F16,no,30.13,-14.13,0,,
Gemma 4 31b,30.7,RX 9070,gpu,16,Q8_0,8192,F16,no,37.89,-21.89,0,,
Gemma 4 31b,30.7,RX 9070,gpu,16,FP16,8192,F16,no,67.91,-51.91,0,,
Gemma 4 31b,30.7,Radeon PRO W7900,gpu,48,Q4_K_M,8192,F16,yes,23.45,24.55,196284,,
Gemma 4 31b,30.7,Radeon PRO W7900,gpu,48,Q5_K_M,8192,F16,yes,26.69,21.31,168773,,
Gemma 4 31b,30.7,Radeon PRO W7900,gpu,48,Q6_K,8192,F16,yes,30.13,17.87,139545,,
Gemma 4 31b,30.7,Radeon PRO W7900,gpu,48,Q8_0,8192,F16,yes,37.89,10.11,73675,,
Gemma 4 31b,30.7,Radeon PRO W7900,gpu,48,FP16,8192,F16,no,67.91,-19.91,0,,
Gemma 4 31b,30.7,2× RTX 3090,gpu,48,Q4_K_M,8192,F16,yes,25.45,22.55,179297,,
Gemma 4 31b,30.7,2× RTX 3090,gpu,48,Q5_K_M,8192,F16,yes,28.69,19.31,151786,,
Gemma 4 31b,30.7,2× RTX 3090,gpu,48,Q6_K,8192,F16,yes,32.13,15.87,122558,,
Gemma 4 31b,30.7,2× RTX 3090,gpu,48,Q8_0,8192,F16,yes,39.89,8.11,56688,,
Gemma 4 31b,30.7,2× RTX 3090,gpu,48,FP16,8192,F16,no,69.91,-21.91,0,,
Gemma 4 31b,30.7,2× RTX 4090,gpu,48,Q4_K_M,8192,F16,yes,25.45,22.55,179297,,
Gemma 4 31b,30.7,2× RTX 4090,gpu,48,Q5_K_M,8192,F16,yes,28.69,19.31,151786,,
Gemma 4 31b,30.7,2× RTX 4090,gpu,48,Q6_K,8192,F16,yes,32.13,15.87,122558,,
Gemma 4 31b,30.7,2× RTX 4090,gpu,48,Q8_0,8192,F16,yes,39.89,8.11,56688,,
Gemma 4 31b,30.7,2× RTX 4090,gpu,48,FP16,8192,F16,no,69.91,-21.91,0,,
Gemma 4 31b,30.7,4× RTX 3090,gpu,96,Q4_K_M,8192,F16,yes,29.45,66.55,262144,,
Gemma 4 31b,30.7,4× RTX 3090,gpu,96,Q5_K_M,8192,F16,yes,32.69,63.31,262144,,
Gemma 4 31b,30.7,4× RTX 3090,gpu,96,Q6_K,8192,F16,yes,36.13,59.87,262144,,
Gemma 4 31b,30.7,4× RTX 3090,gpu,96,Q8_0,8192,F16,yes,43.89,52.11,262144,,
Gemma 4 31b,30.7,4× RTX 3090,gpu,96,FP16,8192,F16,yes,73.91,22.09,155042,,
Gemma 4 31b,30.7,A100 40GB,gpu,40,Q4_K_M,8192,F16,yes,23.45,16.55,131734,,
Gemma 4 31b,30.7,A100 40GB,gpu,40,Q5_K_M,8192,F16,yes,26.69,13.31,104223,,
Gemma 4 31b,30.7,A100 40GB,gpu,40,Q6_K,8192,F16,yes,30.13,9.87,74995,,
Gemma 4 31b,30.7,A100 40GB,gpu,40,Q8_0,8192,F16,yes,37.89,2.11,9124,,
Gemma 4 31b,30.7,A100 40GB,gpu,40,FP16,8192,F16,no,67.91,-27.91,0,,
Gemma 4 31b,30.7,A100 80GB,gpu,80,Q4_K_M,8192,F16,yes,23.45,56.55,262144,,
Gemma 4 31b,30.7,A100 80GB,gpu,80,Q5_K_M,8192,F16,yes,26.69,53.31,262144,,
Gemma 4 31b,30.7,A100 80GB,gpu,80,Q6_K,8192,F16,yes,30.13,49.87,262144,,
Gemma 4 31b,30.7,A100 80GB,gpu,80,Q8_0,8192,F16,yes,37.89,42.11,262144,,
Gemma 4 31b,30.7,A100 80GB,gpu,80,FP16,8192,F16,yes,67.91,12.09,76902,,
Gemma 4 31b,30.7,H100 80GB,gpu,80,Q4_K_M,8192,F16,yes,23.45,56.55,262144,,
Gemma 4 31b,30.7,H100 80GB,gpu,80,Q5_K_M,8192,F16,yes,26.69,53.31,262144,,
Gemma 4 31b,30.7,H100 80GB,gpu,80,Q6_K,8192,F16,yes,30.13,49.87,262144,,
Gemma 4 31b,30.7,H100 80GB,gpu,80,Q8_0,8192,F16,yes,37.89,42.11,262144,,
Gemma 4 31b,30.7,H100 80GB,gpu,80,FP16,8192,F16,yes,67.91,12.09,76902,,
Gemma 4 31b,30.7,H200 141GB,gpu,141,Q4_K_M,8192,F16,yes,23.45,117.55,262144,,
Gemma 4 31b,30.7,H200 141GB,gpu,141,Q5_K_M,8192,F16,yes,26.69,114.31,262144,,
Gemma 4 31b,30.7,H200 141GB,gpu,141,Q6_K,8192,F16,yes,30.13,110.87,262144,,
Gemma 4 31b,30.7,H200 141GB,gpu,141,Q8_0,8192,F16,yes,37.89,103.11,262144,,
Gemma 4 31b,30.7,H200 141GB,gpu,141,FP16,8192,F16,yes,67.91,73.09,262144,,
Gemma 4 31b,30.7,B200,gpu,192,Q4_K_M,8192,F16,yes,23.45,168.55,262144,,
Gemma 4 31b,30.7,B200,gpu,192,Q5_K_M,8192,F16,yes,26.69,165.31,262144,,
Gemma 4 31b,30.7,B200,gpu,192,Q6_K,8192,F16,yes,30.13,161.87,262144,,
Gemma 4 31b,30.7,B200,gpu,192,Q8_0,8192,F16,yes,37.89,154.11,262144,,
Gemma 4 31b,30.7,B200,gpu,192,FP16,8192,F16,yes,67.91,124.09,262144,,
Gemma 4 31b,30.7,M5 16GB,mac,16,4bit,8192,F16,no,28.96,-12.96,0,,
Gemma 4 31b,30.7,M5 16GB,mac,16,8bit,8192,F16,no,42.57,-26.57,0,,
Gemma 4 31b,30.7,M5 16GB,mac,16,16bit,8192,F16,no,71.71,-55.71,0,,
Gemma 4 31b,30.7,M5 24GB,mac,24,4bit,8192,F16,no,28.96,-4.96,0,,
Gemma 4 31b,30.7,M5 24GB,mac,24,8bit,8192,F16,no,42.57,-18.57,0,,
Gemma 4 31b,30.7,M5 24GB,mac,24,16bit,8192,F16,no,71.71,-47.71,0,,
Gemma 4 31b,30.7,M5 32GB,mac,32,4bit,8192,F16,tight,28.46,3.54,0,,
Gemma 4 31b,30.7,M5 32GB,mac,32,8bit,8192,F16,no,42.07,-10.07,0,,
Gemma 4 31b,30.7,M5 32GB,mac,32,16bit,8192,F16,no,71.21,-39.21,0,,
Gemma 4 31b,30.7,M5 Pro 24GB,mac,24,4bit,8192,F16,no,28.96,-4.96,0,,
Gemma 4 31b,30.7,M5 Pro 24GB,mac,24,8bit,8192,F16,no,42.57,-18.57,0,,
Gemma 4 31b,30.7,M5 Pro 24GB,mac,24,16bit,8192,F16,no,71.71,-47.71,0,,
Gemma 4 31b,30.7,M5 Pro 48GB,mac,48,4bit,8192,F16,yes,27.96,20.04,96899,,
Gemma 4 31b,30.7,M5 Pro 48GB,mac,48,8bit,8192,F16,tight,41.57,6.43,0,,
Gemma 4 31b,30.7,M5 Pro 48GB,mac,48,16bit,8192,F16,no,70.71,-22.71,0,,
Gemma 4 31b,30.7,M5 Pro 64GB,mac,64,4bit,8192,F16,yes,27.96,36.04,205615,,
Gemma 4 31b,30.7,M5 Pro 64GB,mac,64,8bit,8192,F16,yes,41.57,22.43,90023,,
Gemma 4 31b,30.7,M5 Pro 64GB,mac,64,16bit,8192,F16,no,70.71,-6.71,0,,
Gemma 4 31b,30.7,M5 Max 36GB,mac,36,4bit,8192,F16,yes,28.46,7.54,11116,,
Gemma 4 31b,30.7,M5 Max 36GB,mac,36,8bit,8192,F16,no,42.07,-6.07,0,,
Gemma 4 31b,30.7,M5 Max 36GB,mac,36,16bit,8192,F16,no,71.21,-35.21,0,,
Gemma 4 31b,30.7,M5 Max 48GB,mac,48,4bit,8192,F16,yes,27.96,20.04,96899,,
Gemma 4 31b,30.7,M5 Max 48GB,mac,48,8bit,8192,F16,tight,41.57,6.43,0,,
Gemma 4 31b,30.7,M5 Max 48GB,mac,48,16bit,8192,F16,no,70.71,-22.71,0,,
Gemma 4 31b,30.7,M5 Max 64GB,mac,64,4bit,8192,F16,yes,27.96,36.04,205615,,
Gemma 4 31b,30.7,M5 Max 64GB,mac,64,8bit,8192,F16,yes,41.57,22.43,90023,,
Gemma 4 31b,30.7,M5 Max 64GB,mac,64,16bit,8192,F16,no,70.71,-6.71,0,,
Gemma 4 31b,30.7,M5 Max 128GB,mac,128,4bit,8192,F16,yes,27.96,100.04,262144,,
Gemma 4 31b,30.7,M5 Max 128GB,mac,128,8bit,8192,F16,yes,41.57,86.43,262144,,
Gemma 4 31b,30.7,M5 Max 128GB,mac,128,16bit,8192,F16,yes,70.71,57.29,262144,,
Gemma 4 31b,30.7,M4 16GB,mac,16,4bit,8192,F16,no,28.96,-12.96,0,,
Gemma 4 31b,30.7,M4 16GB,mac,16,8bit,8192,F16,no,42.57,-26.57,0,,
Gemma 4 31b,30.7,M4 16GB,mac,16,16bit,8192,F16,no,71.71,-55.71,0,,
Gemma 4 31b,30.7,M4 24GB,mac,24,4bit,8192,F16,no,28.96,-4.96,0,,
Gemma 4 31b,30.7,M4 24GB,mac,24,8bit,8192,F16,no,42.57,-18.57,0,,
Gemma 4 31b,30.7,M4 24GB,mac,24,16bit,8192,F16,no,71.71,-47.71,0,,
Gemma 4 31b,30.7,M4 32GB,mac,32,4bit,8192,F16,tight,28.46,3.54,0,,
Gemma 4 31b,30.7,M4 32GB,mac,32,8bit,8192,F16,no,42.07,-10.07,0,,
Gemma 4 31b,30.7,M4 32GB,mac,32,16bit,8192,F16,no,71.21,-39.21,0,,
Gemma 4 31b,30.7,M4 Pro 24GB,mac,24,4bit,8192,F16,no,28.96,-4.96,0,,
Gemma 4 31b,30.7,M4 Pro 24GB,mac,24,8bit,8192,F16,no,42.57,-18.57,0,,
Gemma 4 31b,30.7,M4 Pro 24GB,mac,24,16bit,8192,F16,no,71.71,-47.71,0,,
Gemma 4 31b,30.7,M4 Pro 48GB,mac,48,4bit,8192,F16,yes,27.96,20.04,96899,,
Gemma 4 31b,30.7,M4 Pro 48GB,mac,48,8bit,8192,F16,tight,41.57,6.43,0,,
Gemma 4 31b,30.7,M4 Pro 48GB,mac,48,16bit,8192,F16,no,70.71,-22.71,0,,
Gemma 4 31b,30.7,M4 Pro 64GB,mac,64,4bit,8192,F16,yes,27.96,36.04,205615,,
Gemma 4 31b,30.7,M4 Pro 64GB,mac,64,8bit,8192,F16,yes,41.57,22.43,90023,,
Gemma 4 31b,30.7,M4 Pro 64GB,mac,64,16bit,8192,F16,no,70.71,-6.71,0,,
Gemma 4 31b,30.7,M4 Max 36GB,mac,36,4bit,8192,F16,yes,28.46,7.54,11116,,
Gemma 4 31b,30.7,M4 Max 36GB,mac,36,8bit,8192,F16,no,42.07,-6.07,0,,
Gemma 4 31b,30.7,M4 Max 36GB,mac,36,16bit,8192,F16,no,71.21,-35.21,0,,
Gemma 4 31b,30.7,M4 Max 48GB,mac,48,4bit,8192,F16,yes,27.96,20.04,96899,,
Gemma 4 31b,30.7,M4 Max 48GB,mac,48,8bit,8192,F16,tight,41.57,6.43,0,,
Gemma 4 31b,30.7,M4 Max 48GB,mac,48,16bit,8192,F16,no,70.71,-22.71,0,,
Gemma 4 31b,30.7,M4 Max 64GB,mac,64,4bit,8192,F16,yes,27.96,36.04,205615,,
Gemma 4 31b,30.7,M4 Max 64GB,mac,64,8bit,8192,F16,yes,41.57,22.43,90023,,
Gemma 4 31b,30.7,M4 Max 64GB,mac,64,16bit,8192,F16,no,70.71,-6.71,0,,
Gemma 4 31b,30.7,M4 Max 128GB,mac,128,4bit,8192,F16,yes,27.96,100.04,262144,,
Gemma 4 31b,30.7,M4 Max 128GB,mac,128,8bit,8192,F16,yes,41.57,86.43,262144,,
Gemma 4 31b,30.7,M4 Max 128GB,mac,128,16bit,8192,F16,yes,70.71,57.29,262144,,
Gemma 4 31b,30.7,M3 8GB,mac,8,4bit,8192,F16,no,28.96,-20.96,0,,
Gemma 4 31b,30.7,M3 8GB,mac,8,8bit,8192,F16,no,42.57,-34.57,0,,
Gemma 4 31b,30.7,M3 8GB,mac,8,16bit,8192,F16,no,71.71,-63.71,0,,
Gemma 4 31b,30.7,M3 16GB,mac,16,4bit,8192,F16,no,28.96,-12.96,0,,
Gemma 4 31b,30.7,M3 16GB,mac,16,8bit,8192,F16,no,42.57,-26.57,0,,
Gemma 4 31b,30.7,M3 16GB,mac,16,16bit,8192,F16,no,71.71,-55.71,0,,
Gemma 4 31b,30.7,M3 24GB,mac,24,4bit,8192,F16,no,28.96,-4.96,0,,
Gemma 4 31b,30.7,M3 24GB,mac,24,8bit,8192,F16,no,42.57,-18.57,0,,
Gemma 4 31b,30.7,M3 24GB,mac,24,16bit,8192,F16,no,71.71,-47.71,0,,
Gemma 4 31b,30.7,M3 Pro 18GB,mac,18,4bit,8192,F16,no,28.96,-10.96,0,,
Gemma 4 31b,30.7,M3 Pro 18GB,mac,18,8bit,8192,F16,no,42.57,-24.57,0,,
Gemma 4 31b,30.7,M3 Pro 18GB,mac,18,16bit,8192,F16,no,71.71,-53.71,0,,
Gemma 4 31b,30.7,M3 Pro 36GB,mac,36,4bit,8192,F16,yes,28.46,7.54,11116,,
Gemma 4 31b,30.7,M3 Pro 36GB,mac,36,8bit,8192,F16,no,42.07,-6.07,0,,
Gemma 4 31b,30.7,M3 Pro 36GB,mac,36,16bit,8192,F16,no,71.21,-35.21,0,,
Gemma 4 31b,30.7,M3 Max 36GB,mac,36,4bit,8192,F16,yes,28.46,7.54,11116,,
Gemma 4 31b,30.7,M3 Max 36GB,mac,36,8bit,8192,F16,no,42.07,-6.07,0,,
Gemma 4 31b,30.7,M3 Max 36GB,mac,36,16bit,8192,F16,no,71.21,-35.21,0,,
Gemma 4 31b,30.7,M3 Max 48GB,mac,48,4bit,8192,F16,yes,27.96,20.04,96899,,
Gemma 4 31b,30.7,M3 Max 48GB,mac,48,8bit,8192,F16,tight,41.57,6.43,0,,
Gemma 4 31b,30.7,M3 Max 48GB,mac,48,16bit,8192,F16,no,70.71,-22.71,0,,
Gemma 4 31b,30.7,M3 Max 64GB,mac,64,4bit,8192,F16,yes,27.96,36.04,205615,,
Gemma 4 31b,30.7,M3 Max 64GB,mac,64,8bit,8192,F16,yes,41.57,22.43,90023,,
Gemma 4 31b,30.7,M3 Max 64GB,mac,64,16bit,8192,F16,no,70.71,-6.71,0,,
Gemma 4 31b,30.7,M3 Max 96GB,mac,96,4bit,8192,F16,yes,27.96,68.04,262144,,
Gemma 4 31b,30.7,M3 Max 96GB,mac,96,8bit,8192,F16,yes,41.57,54.43,262144,,
Gemma 4 31b,30.7,M3 Max 96GB,mac,96,16bit,8192,F16,yes,70.71,25.29,59952,,
Gemma 4 31b,30.7,M3 Max 128GB,mac,128,4bit,8192,F16,yes,27.96,100.04,262144,,
Gemma 4 31b,30.7,M3 Max 128GB,mac,128,8bit,8192,F16,yes,41.57,86.43,262144,,
Gemma 4 31b,30.7,M3 Max 128GB,mac,128,16bit,8192,F16,yes,70.71,57.29,262144,,
Gemma 4 31b,30.7,M3 Ultra 96GB,mac,96,4bit,8192,F16,yes,27.96,68.04,262144,,
Gemma 4 31b,30.7,M3 Ultra 96GB,mac,96,8bit,8192,F16,yes,41.57,54.43,262144,,
Gemma 4 31b,30.7,M3 Ultra 96GB,mac,96,16bit,8192,F16,yes,70.71,25.29,59952,,
Gemma 4 31b,30.7,M3 Ultra 256GB,mac,256,4bit,8192,F16,yes,27.96,228.04,262144,,
Gemma 4 31b,30.7,M3 Ultra 256GB,mac,256,8bit,8192,F16,yes,41.57,214.43,262144,,
Gemma 4 31b,30.7,M3 Ultra 256GB,mac,256,16bit,8192,F16,yes,70.71,185.29,262144,,
Gemma 4 31b,30.7,M3 Ultra 512GB,mac,512,4bit,8192,F16,yes,27.96,484.04,262144,,
Gemma 4 31b,30.7,M3 Ultra 512GB,mac,512,8bit,8192,F16,yes,41.57,470.43,262144,,
Gemma 4 31b,30.7,M3 Ultra 512GB,mac,512,16bit,8192,F16,yes,70.71,441.29,262144,,
Gemma 4 31b,30.7,M2 8GB,mac,8,4bit,8192,F16,no,28.96,-20.96,0,,
Gemma 4 31b,30.7,M2 8GB,mac,8,8bit,8192,F16,no,42.57,-34.57,0,,
Gemma 4 31b,30.7,M2 8GB,mac,8,16bit,8192,F16,no,71.71,-63.71,0,,
Gemma 4 31b,30.7,M2 16GB,mac,16,4bit,8192,F16,no,28.96,-12.96,0,,
Gemma 4 31b,30.7,M2 16GB,mac,16,8bit,8192,F16,no,42.57,-26.57,0,,
Gemma 4 31b,30.7,M2 16GB,mac,16,16bit,8192,F16,no,71.71,-55.71,0,,
Gemma 4 31b,30.7,M2 24GB,mac,24,4bit,8192,F16,no,28.96,-4.96,0,,
Gemma 4 31b,30.7,M2 24GB,mac,24,8bit,8192,F16,no,42.57,-18.57,0,,
Gemma 4 31b,30.7,M2 24GB,mac,24,16bit,8192,F16,no,71.71,-47.71,0,,
Gemma 4 31b,30.7,M2 Pro 16GB,mac,16,4bit,8192,F16,no,28.96,-12.96,0,,
Gemma 4 31b,30.7,M2 Pro 16GB,mac,16,8bit,8192,F16,no,42.57,-26.57,0,,
Gemma 4 31b,30.7,M2 Pro 16GB,mac,16,16bit,8192,F16,no,71.71,-55.71,0,,
Gemma 4 31b,30.7,M2 Pro 32GB,mac,32,4bit,8192,F16,tight,28.46,3.54,0,,
Gemma 4 31b,30.7,M2 Pro 32GB,mac,32,8bit,8192,F16,no,42.07,-10.07,0,,
Gemma 4 31b,30.7,M2 Pro 32GB,mac,32,16bit,8192,F16,no,71.21,-39.21,0,,
Gemma 4 31b,30.7,M2 Max 32GB,mac,32,4bit,8192,F16,tight,28.46,3.54,0,,
Gemma 4 31b,30.7,M2 Max 32GB,mac,32,8bit,8192,F16,no,42.07,-10.07,0,,
Gemma 4 31b,30.7,M2 Max 32GB,mac,32,16bit,8192,F16,no,71.21,-39.21,0,,
Gemma 4 31b,30.7,M2 Max 64GB,mac,64,4bit,8192,F16,yes,27.96,36.04,205615,,
Gemma 4 31b,30.7,M2 Max 64GB,mac,64,8bit,8192,F16,yes,41.57,22.43,90023,,
Gemma 4 31b,30.7,M2 Max 64GB,mac,64,16bit,8192,F16,no,70.71,-6.71,0,,
Gemma 4 31b,30.7,M2 Max 96GB,mac,96,4bit,8192,F16,yes,27.96,68.04,262144,,
Gemma 4 31b,30.7,M2 Max 96GB,mac,96,8bit,8192,F16,yes,41.57,54.43,262144,,
Gemma 4 31b,30.7,M2 Max 96GB,mac,96,16bit,8192,F16,yes,70.71,25.29,59952,,
Gemma 4 31b,30.7,M2 Ultra 64GB,mac,64,4bit,8192,F16,yes,27.96,36.04,205615,,
Gemma 4 31b,30.7,M2 Ultra 64GB,mac,64,8bit,8192,F16,yes,41.57,22.43,90023,,
Gemma 4 31b,30.7,M2 Ultra 64GB,mac,64,16bit,8192,F16,no,70.71,-6.71,0,,
Gemma 4 31b,30.7,M2 Ultra 128GB,mac,128,4bit,8192,F16,yes,27.96,100.04,262144,,
Gemma 4 31b,30.7,M2 Ultra 128GB,mac,128,8bit,8192,F16,yes,41.57,86.43,262144,,
Gemma 4 31b,30.7,M2 Ultra 128GB,mac,128,16bit,8192,F16,yes,70.71,57.29,262144,,
Gemma 4 31b,30.7,M2 Ultra 192GB,mac,192,4bit,8192,F16,yes,27.96,164.04,262144,,
Gemma 4 31b,30.7,M2 Ultra 192GB,mac,192,8bit,8192,F16,yes,41.57,150.43,262144,,
Gemma 4 31b,30.7,M2 Ultra 192GB,mac,192,16bit,8192,F16,yes,70.71,121.29,262144,,
Gemma 4 31b,30.7,M1 8GB,mac,8,4bit,8192,F16,no,28.96,-20.96,0,,
Gemma 4 31b,30.7,M1 8GB,mac,8,8bit,8192,F16,no,42.57,-34.57,0,,
Gemma 4 31b,30.7,M1 8GB,mac,8,16bit,8192,F16,no,71.71,-63.71,0,,
Gemma 4 31b,30.7,M1 16GB,mac,16,4bit,8192,F16,no,28.96,-12.96,0,,
Gemma 4 31b,30.7,M1 16GB,mac,16,8bit,8192,F16,no,42.57,-26.57,0,,
Gemma 4 31b,30.7,M1 16GB,mac,16,16bit,8192,F16,no,71.71,-55.71,0,,
Gemma 4 31b,30.7,M1 Pro 16GB,mac,16,4bit,8192,F16,no,28.96,-12.96,0,,
Gemma 4 31b,30.7,M1 Pro 16GB,mac,16,8bit,8192,F16,no,42.57,-26.57,0,,
Gemma 4 31b,30.7,M1 Pro 16GB,mac,16,16bit,8192,F16,no,71.71,-55.71,0,,
Gemma 4 31b,30.7,M1 Pro 32GB,mac,32,4bit,8192,F16,tight,28.46,3.54,0,,
Gemma 4 31b,30.7,M1 Pro 32GB,mac,32,8bit,8192,F16,no,42.07,-10.07,0,,
Gemma 4 31b,30.7,M1 Pro 32GB,mac,32,16bit,8192,F16,no,71.21,-39.21,0,,
Gemma 4 31b,30.7,M1 Max 32GB,mac,32,4bit,8192,F16,tight,28.46,3.54,0,,
Gemma 4 31b,30.7,M1 Max 32GB,mac,32,8bit,8192,F16,no,42.07,-10.07,0,,
Gemma 4 31b,30.7,M1 Max 32GB,mac,32,16bit,8192,F16,no,71.21,-39.21,0,,
Gemma 4 31b,30.7,M1 Max 64GB,mac,64,4bit,8192,F16,yes,27.96,36.04,205615,,
Gemma 4 31b,30.7,M1 Max 64GB,mac,64,8bit,8192,F16,yes,41.57,22.43,90023,,
Gemma 4 31b,30.7,M1 Max 64GB,mac,64,16bit,8192,F16,no,70.71,-6.71,0,,
Gemma 4 31b,30.7,M1 Ultra 64GB,mac,64,4bit,8192,F16,yes,27.96,36.04,205615,,
Gemma 4 31b,30.7,M1 Ultra 64GB,mac,64,8bit,8192,F16,yes,41.57,22.43,90023,,
Gemma 4 31b,30.7,M1 Ultra 64GB,mac,64,16bit,8192,F16,no,70.71,-6.71,0,,
Gemma 4 31b,30.7,M1 Ultra 128GB,mac,128,4bit,8192,F16,yes,27.96,100.04,262144,,
Gemma 4 31b,30.7,M1 Ultra 128GB,mac,128,8bit,8192,F16,yes,41.57,86.43,262144,,
Gemma 4 31b,30.7,M1 Ultra 128GB,mac,128,16bit,8192,F16,yes,70.71,57.29,262144,,
Llama-3.2-3B-Instruct,3.2,RTX 5090,gpu,32,Q4_K_M,8192,F16,yes,5.29,26.71,131072,,
Llama-3.2-3B-Instruct,3.2,RTX 5090,gpu,32,Q5_K_M,8192,F16,yes,5.63,26.37,131072,,
Llama-3.2-3B-Instruct,3.2,RTX 5090,gpu,32,Q6_K,8192,F16,yes,5.99,26.01,131072,,
Llama-3.2-3B-Instruct,3.2,RTX 5090,gpu,32,Q8_0,8192,F16,yes,6.8,25.2,131072,,
Llama-3.2-3B-Instruct,3.2,RTX 5090,gpu,32,FP16,8192,F16,yes,9.93,22.07,131072,,
Llama-3.2-3B-Instruct,3.2,RTX 5080,gpu,16,Q4_K_M,8192,F16,yes,5.29,10.71,73006,,
Llama-3.2-3B-Instruct,3.2,RTX 5080,gpu,16,Q5_K_M,8192,F16,yes,5.63,10.37,70797,,
Llama-3.2-3B-Instruct,3.2,RTX 5080,gpu,16,Q6_K,8192,F16,yes,5.99,10.01,68450,,
Llama-3.2-3B-Instruct,3.2,RTX 5080,gpu,16,Q8_0,8192,F16,yes,6.8,9.2,63161,,
Llama-3.2-3B-Instruct,3.2,RTX 5080,gpu,16,FP16,8192,F16,yes,9.93,6.07,42687,,
Llama-3.2-3B-Instruct,3.2,RTX 5070 Ti,gpu,16,Q4_K_M,8192,F16,yes,5.29,10.71,73006,,
Llama-3.2-3B-Instruct,3.2,RTX 5070 Ti,gpu,16,Q5_K_M,8192,F16,yes,5.63,10.37,70797,,
Llama-3.2-3B-Instruct,3.2,RTX 5070 Ti,gpu,16,Q6_K,8192,F16,yes,5.99,10.01,68450,,
Llama-3.2-3B-Instruct,3.2,RTX 5070 Ti,gpu,16,Q8_0,8192,F16,yes,6.8,9.2,63161,,
Llama-3.2-3B-Instruct,3.2,RTX 5070 Ti,gpu,16,FP16,8192,F16,yes,9.93,6.07,42687,,
Llama-3.2-3B-Instruct,3.2,RTX 5070,gpu,12,Q4_K_M,8192,F16,yes,5.29,6.71,48143,,
Llama-3.2-3B-Instruct,3.2,RTX 5070,gpu,12,Q5_K_M,8192,F16,yes,5.63,6.37,45934,,
Llama-3.2-3B-Instruct,3.2,RTX 5070,gpu,12,Q6_K,8192,F16,yes,5.99,6.01,43587,,
Llama-3.2-3B-Instruct,3.2,RTX 5070,gpu,12,Q8_0,8192,F16,yes,6.8,5.2,38297,,
Llama-3.2-3B-Instruct,3.2,RTX 5070,gpu,12,FP16,8192,F16,yes,9.93,2.07,17823,,
Llama-3.2-3B-Instruct,3.2,RTX 4090,gpu,24,Q4_K_M,8192,F16,yes,5.29,18.71,122734,,
Llama-3.2-3B-Instruct,3.2,RTX 4090,gpu,24,Q5_K_M,8192,F16,yes,5.63,18.37,120525,,
Llama-3.2-3B-Instruct,3.2,RTX 4090,gpu,24,Q6_K,8192,F16,yes,5.99,18.01,118178,,
Llama-3.2-3B-Instruct,3.2,RTX 4090,gpu,24,Q8_0,8192,F16,yes,6.8,17.2,112888,,
Llama-3.2-3B-Instruct,3.2,RTX 4090,gpu,24,FP16,8192,F16,yes,9.93,14.07,92414,,
Llama-3.2-3B-Instruct,3.2,RTX 4080 SUPER,gpu,16,Q4_K_M,8192,F16,yes,5.29,10.71,73006,,
Llama-3.2-3B-Instruct,3.2,RTX 4080 SUPER,gpu,16,Q5_K_M,8192,F16,yes,5.63,10.37,70797,,
Llama-3.2-3B-Instruct,3.2,RTX 4080 SUPER,gpu,16,Q6_K,8192,F16,yes,5.99,10.01,68450,,
Llama-3.2-3B-Instruct,3.2,RTX 4080 SUPER,gpu,16,Q8_0,8192,F16,yes,6.8,9.2,63161,,
Llama-3.2-3B-Instruct,3.2,RTX 4080 SUPER,gpu,16,FP16,8192,F16,yes,9.93,6.07,42687,,
Llama-3.2-3B-Instruct,3.2,RTX 4070 Ti SUPER,gpu,16,Q4_K_M,8192,F16,yes,5.29,10.71,73006,,
Llama-3.2-3B-Instruct,3.2,RTX 4070 Ti SUPER,gpu,16,Q5_K_M,8192,F16,yes,5.63,10.37,70797,,
Llama-3.2-3B-Instruct,3.2,RTX 4070 Ti SUPER,gpu,16,Q6_K,8192,F16,yes,5.99,10.01,68450,,
Llama-3.2-3B-Instruct,3.2,RTX 4070 Ti SUPER,gpu,16,Q8_0,8192,F16,yes,6.8,9.2,63161,,
Llama-3.2-3B-Instruct,3.2,RTX 4070 Ti SUPER,gpu,16,FP16,8192,F16,yes,9.93,6.07,42687,,
Llama-3.2-3B-Instruct,3.2,RTX 4070,gpu,12,Q4_K_M,8192,F16,yes,5.29,6.71,48143,,
Llama-3.2-3B-Instruct,3.2,RTX 4070,gpu,12,Q5_K_M,8192,F16,yes,5.63,6.37,45934,,
Llama-3.2-3B-Instruct,3.2,RTX 4070,gpu,12,Q6_K,8192,F16,yes,5.99,6.01,43587,,
Llama-3.2-3B-Instruct,3.2,RTX 4070,gpu,12,Q8_0,8192,F16,yes,6.8,5.2,38297,,
Llama-3.2-3B-Instruct,3.2,RTX 4070,gpu,12,FP16,8192,F16,yes,9.93,2.07,17823,,
Llama-3.2-3B-Instruct,3.2,RTX 4060 Ti 16GB,gpu,16,Q4_K_M,8192,F16,yes,5.29,10.71,73006,,
Llama-3.2-3B-Instruct,3.2,RTX 4060 Ti 16GB,gpu,16,Q5_K_M,8192,F16,yes,5.63,10.37,70797,,
Llama-3.2-3B-Instruct,3.2,RTX 4060 Ti 16GB,gpu,16,Q6_K,8192,F16,yes,5.99,10.01,68450,,
Llama-3.2-3B-Instruct,3.2,RTX 4060 Ti 16GB,gpu,16,Q8_0,8192,F16,yes,6.8,9.2,63161,,
Llama-3.2-3B-Instruct,3.2,RTX 4060 Ti 16GB,gpu,16,FP16,8192,F16,yes,9.93,6.07,42687,,
Llama-3.2-3B-Instruct,3.2,RTX 3090,gpu,24,Q4_K_M,8192,F16,yes,5.29,18.71,122734,,
Llama-3.2-3B-Instruct,3.2,RTX 3090,gpu,24,Q5_K_M,8192,F16,yes,5.63,18.37,120525,,
Llama-3.2-3B-Instruct,3.2,RTX 3090,gpu,24,Q6_K,8192,F16,yes,5.99,18.01,118178,,
Llama-3.2-3B-Instruct,3.2,RTX 3090,gpu,24,Q8_0,8192,F16,yes,6.8,17.2,112888,,
Llama-3.2-3B-Instruct,3.2,RTX 3090,gpu,24,FP16,8192,F16,yes,9.93,14.07,92414,,
Llama-3.2-3B-Instruct,3.2,RTX 3090 Ti,gpu,24,Q4_K_M,8192,F16,yes,5.29,18.71,122734,,
Llama-3.2-3B-Instruct,3.2,RTX 3090 Ti,gpu,24,Q5_K_M,8192,F16,yes,5.63,18.37,120525,,
Llama-3.2-3B-Instruct,3.2,RTX 3090 Ti,gpu,24,Q6_K,8192,F16,yes,5.99,18.01,118178,,
Llama-3.2-3B-Instruct,3.2,RTX 3090 Ti,gpu,24,Q8_0,8192,F16,yes,6.8,17.2,112888,,
Llama-3.2-3B-Instruct,3.2,RTX 3090 Ti,gpu,24,FP16,8192,F16,yes,9.93,14.07,92414,,
Llama-3.2-3B-Instruct,3.2,RTX 3080 10GB,gpu,10,Q4_K_M,8192,F16,yes,5.29,4.71,35711,,
Llama-3.2-3B-Instruct,3.2,RTX 3080 10GB,gpu,10,Q5_K_M,8192,F16,yes,5.63,4.37,33502,,
Llama-3.2-3B-Instruct,3.2,RTX 3080 10GB,gpu,10,Q6_K,8192,F16,yes,5.99,4.01,31155,,
Llama-3.2-3B-Instruct,3.2,RTX 3080 10GB,gpu,10,Q8_0,8192,F16,yes,6.8,3.2,25866,,
Llama-3.2-3B-Instruct,3.2,RTX 3080 10GB,gpu,10,FP16,8192,F16,tight,9.93,0.07,5391,,
Llama-3.2-3B-Instruct,3.2,RTX 3080 12GB,gpu,12,Q4_K_M,8192,F16,yes,5.29,6.71,48143,,
Llama-3.2-3B-Instruct,3.2,RTX 3080 12GB,gpu,12,Q5_K_M,8192,F16,yes,5.63,6.37,45934,,
Llama-3.2-3B-Instruct,3.2,RTX 3080 12GB,gpu,12,Q6_K,8192,F16,yes,5.99,6.01,43587,,
Llama-3.2-3B-Instruct,3.2,RTX 3080 12GB,gpu,12,Q8_0,8192,F16,yes,6.8,5.2,38297,,
Llama-3.2-3B-Instruct,3.2,RTX 3080 12GB,gpu,12,FP16,8192,F16,yes,9.93,2.07,17823,,
Llama-3.2-3B-Instruct,3.2,RTX 3060 12GB,gpu,12,Q4_K_M,8192,F16,yes,5.29,6.71,48143,,
Llama-3.2-3B-Instruct,3.2,RTX 3060 12GB,gpu,12,Q5_K_M,8192,F16,yes,5.63,6.37,45934,,
Llama-3.2-3B-Instruct,3.2,RTX 3060 12GB,gpu,12,Q6_K,8192,F16,yes,5.99,6.01,43587,,
Llama-3.2-3B-Instruct,3.2,RTX 3060 12GB,gpu,12,Q8_0,8192,F16,yes,6.8,5.2,38297,,
Llama-3.2-3B-Instruct,3.2,RTX 3060 12GB,gpu,12,FP16,8192,F16,yes,9.93,2.07,17823,,
Llama-3.2-3B-Instruct,3.2,RTX 5060 Ti 16GB,gpu,16,Q4_K_M,8192,F16,yes,5.29,10.71,73006,,
Llama-3.2-3B-Instruct,3.2,RTX 5060 Ti 16GB,gpu,16,Q5_K_M,8192,F16,yes,5.63,10.37,70797,,
Llama-3.2-3B-Instruct,3.2,RTX 5060 Ti 16GB,gpu,16,Q6_K,8192,F16,yes,5.99,10.01,68450,,
Llama-3.2-3B-Instruct,3.2,RTX 5060 Ti 16GB,gpu,16,Q8_0,8192,F16,yes,6.8,9.2,63161,,
Llama-3.2-3B-Instruct,3.2,RTX 5060 Ti 16GB,gpu,16,FP16,8192,F16,yes,9.93,6.07,42687,,
Llama-3.2-3B-Instruct,3.2,RTX 4070 Ti,gpu,12,Q4_K_M,8192,F16,yes,5.29,6.71,48143,,
Llama-3.2-3B-Instruct,3.2,RTX 4070 Ti,gpu,12,Q5_K_M,8192,F16,yes,5.63,6.37,45934,,
Llama-3.2-3B-Instruct,3.2,RTX 4070 Ti,gpu,12,Q6_K,8192,F16,yes,5.99,6.01,43587,,
Llama-3.2-3B-Instruct,3.2,RTX 4070 Ti,gpu,12,Q8_0,8192,F16,yes,6.8,5.2,38297,,
Llama-3.2-3B-Instruct,3.2,RTX 4070 Ti,gpu,12,FP16,8192,F16,yes,9.93,2.07,17823,,
Llama-3.2-3B-Instruct,3.2,RTX 4080,gpu,16,Q4_K_M,8192,F16,yes,5.29,10.71,73006,,
Llama-3.2-3B-Instruct,3.2,RTX 4080,gpu,16,Q5_K_M,8192,F16,yes,5.63,10.37,70797,,
Llama-3.2-3B-Instruct,3.2,RTX 4080,gpu,16,Q6_K,8192,F16,yes,5.99,10.01,68450,,
Llama-3.2-3B-Instruct,3.2,RTX 4080,gpu,16,Q8_0,8192,F16,yes,6.8,9.2,63161,,
Llama-3.2-3B-Instruct,3.2,RTX 4080,gpu,16,FP16,8192,F16,yes,9.93,6.07,42687,,
Llama-3.2-3B-Instruct,3.2,RTX 4060 Ti 8GB,gpu,8,Q4_K_M,8192,F16,yes,5.29,2.71,23279,,
Llama-3.2-3B-Instruct,3.2,RTX 4060 Ti 8GB,gpu,8,Q5_K_M,8192,F16,yes,5.63,2.37,21070,,
Llama-3.2-3B-Instruct,3.2,RTX 4060 Ti 8GB,gpu,8,Q6_K,8192,F16,yes,5.99,2.01,18723,,
Llama-3.2-3B-Instruct,3.2,RTX 4060 Ti 8GB,gpu,8,Q8_0,8192,F16,yes,6.8,1.2,13434,,
Llama-3.2-3B-Instruct,3.2,RTX 4060 Ti 8GB,gpu,8,FP16,8192,F16,no,9.93,-1.93,0,,
Llama-3.2-3B-Instruct,3.2,RTX 3060 8GB,gpu,8,Q4_K_M,8192,F16,yes,5.29,2.71,23279,,
Llama-3.2-3B-Instruct,3.2,RTX 3060 8GB,gpu,8,Q5_K_M,8192,F16,yes,5.63,2.37,21070,,
Llama-3.2-3B-Instruct,3.2,RTX 3060 8GB,gpu,8,Q6_K,8192,F16,yes,5.99,2.01,18723,,
Llama-3.2-3B-Instruct,3.2,RTX 3060 8GB,gpu,8,Q8_0,8192,F16,yes,6.8,1.2,13434,,
Llama-3.2-3B-Instruct,3.2,RTX 3060 8GB,gpu,8,FP16,8192,F16,no,9.93,-1.93,0,,
Llama-3.2-3B-Instruct,3.2,RTX 2080 Ti,gpu,11,Q4_K_M,8192,F16,yes,5.29,5.71,41927,,
Llama-3.2-3B-Instruct,3.2,RTX 2080 Ti,gpu,11,Q5_K_M,8192,F16,yes,5.63,5.37,39718,,
Llama-3.2-3B-Instruct,3.2,RTX 2080 Ti,gpu,11,Q6_K,8192,F16,yes,5.99,5.01,37371,,
Llama-3.2-3B-Instruct,3.2,RTX 2080 Ti,gpu,11,Q8_0,8192,F16,yes,6.8,4.2,32081,,
Llama-3.2-3B-Instruct,3.2,RTX 2080 Ti,gpu,11,FP16,8192,F16,yes,9.93,1.07,11607,,
Llama-3.2-3B-Instruct,3.2,RTX 6000 Ada,gpu,48,Q4_K_M,8192,F16,yes,5.29,42.71,131072,,
Llama-3.2-3B-Instruct,3.2,RTX 6000 Ada,gpu,48,Q5_K_M,8192,F16,yes,5.63,42.37,131072,,
Llama-3.2-3B-Instruct,3.2,RTX 6000 Ada,gpu,48,Q6_K,8192,F16,yes,5.99,42.01,131072,,
Llama-3.2-3B-Instruct,3.2,RTX 6000 Ada,gpu,48,Q8_0,8192,F16,yes,6.8,41.2,131072,,
Llama-3.2-3B-Instruct,3.2,RTX 6000 Ada,gpu,48,FP16,8192,F16,yes,9.93,38.07,131072,,
Llama-3.2-3B-Instruct,3.2,RTX PRO 6000 Blackwell,gpu,96,Q4_K_M,8192,F16,yes,5.29,90.71,131072,,
Llama-3.2-3B-Instruct,3.2,RTX PRO 6000 Blackwell,gpu,96,Q5_K_M,8192,F16,yes,5.63,90.37,131072,,
Llama-3.2-3B-Instruct,3.2,RTX PRO 6000 Blackwell,gpu,96,Q6_K,8192,F16,yes,5.99,90.01,131072,,
Llama-3.2-3B-Instruct,3.2,RTX PRO 6000 Blackwell,gpu,96,Q8_0,8192,F16,yes,6.8,89.2,131072,,
Llama-3.2-3B-Instruct,3.2,RTX PRO 6000 Blackwell,gpu,96,FP16,8192,F16,yes,9.93,86.07,131072,,
Llama-3.2-3B-Instruct,3.2,RX 7900 XTX,gpu,24,Q4_K_M,8192,F16,yes,5.29,18.71,122734,,
Llama-3.2-3B-Instruct,3.2,RX 7900 XTX,gpu,24,Q5_K_M,8192,F16,yes,5.63,18.37,120525,,
Llama-3.2-3B-Instruct,3.2,RX 7900 XTX,gpu,24,Q6_K,8192,F16,yes,5.99,18.01,118178,,
Llama-3.2-3B-Instruct,3.2,RX 7900 XTX,gpu,24,Q8_0,8192,F16,yes,6.8,17.2,112888,,
Llama-3.2-3B-Instruct,3.2,RX 7900 XTX,gpu,24,FP16,8192,F16,yes,9.93,14.07,92414,,
Llama-3.2-3B-Instruct,3.2,RX 7900 XT,gpu,20,Q4_K_M,8192,F16,yes,5.29,14.71,97870,,
Llama-3.2-3B-Instruct,3.2,RX 7900 XT,gpu,20,Q5_K_M,8192,F16,yes,5.63,14.37,95661,,
Llama-3.2-3B-Instruct,3.2,RX 7900 XT,gpu,20,Q6_K,8192,F16,yes,5.99,14.01,93314,,
Llama-3.2-3B-Instruct,3.2,RX 7900 XT,gpu,20,Q8_0,8192,F16,yes,6.8,13.2,88025,,
Llama-3.2-3B-Instruct,3.2,RX 7900 XT,gpu,20,FP16,8192,F16,yes,9.93,10.07,67551,,
Llama-3.2-3B-Instruct,3.2,RX 7800 XT,gpu,16,Q4_K_M,8192,F16,yes,5.29,10.71,73006,,
Llama-3.2-3B-Instruct,3.2,RX 7800 XT,gpu,16,Q5_K_M,8192,F16,yes,5.63,10.37,70797,,
Llama-3.2-3B-Instruct,3.2,RX 7800 XT,gpu,16,Q6_K,8192,F16,yes,5.99,10.01,68450,,
Llama-3.2-3B-Instruct,3.2,RX 7800 XT,gpu,16,Q8_0,8192,F16,yes,6.8,9.2,63161,,
Llama-3.2-3B-Instruct,3.2,RX 7800 XT,gpu,16,FP16,8192,F16,yes,9.93,6.07,42687,,
Llama-3.2-3B-Instruct,3.2,RX 9070 XT,gpu,16,Q4_K_M,8192,F16,yes,5.29,10.71,73006,,
Llama-3.2-3B-Instruct,3.2,RX 9070 XT,gpu,16,Q5_K_M,8192,F16,yes,5.63,10.37,70797,,
Llama-3.2-3B-Instruct,3.2,RX 9070 XT,gpu,16,Q6_K,8192,F16,yes,5.99,10.01,68450,,
Llama-3.2-3B-Instruct,3.2,RX 9070 XT,gpu,16,Q8_0,8192,F16,yes,6.8,9.2,63161,,
Llama-3.2-3B-Instruct,3.2,RX 9070 XT,gpu,16,FP16,8192,F16,yes,9.93,6.07,42687,,
Llama-3.2-3B-Instruct,3.2,RX 9070,gpu,16,Q4_K_M,8192,F16,yes,5.29,10.71,73006,,
Llama-3.2-3B-Instruct,3.2,RX 9070,gpu,16,Q5_K_M,8192,F16,yes,5.63,10.37,70797,,
Llama-3.2-3B-Instruct,3.2,RX 9070,gpu,16,Q6_K,8192,F16,yes,5.99,10.01,68450,,
Llama-3.2-3B-Instruct,3.2,RX 9070,gpu,16,Q8_0,8192,F16,yes,6.8,9.2,63161,,
Llama-3.2-3B-Instruct,3.2,RX 9070,gpu,16,FP16,8192,F16,yes,9.93,6.07,42687,,
Llama-3.2-3B-Instruct,3.2,Radeon PRO W7900,gpu,48,Q4_K_M,8192,F16,yes,5.29,42.71,131072,,
Llama-3.2-3B-Instruct,3.2,Radeon PRO W7900,gpu,48,Q5_K_M,8192,F16,yes,5.63,42.37,131072,,
Llama-3.2-3B-Instruct,3.2,Radeon PRO W7900,gpu,48,Q6_K,8192,F16,yes,5.99,42.01,131072,,
Llama-3.2-3B-Instruct,3.2,Radeon PRO W7900,gpu,48,Q8_0,8192,F16,yes,6.8,41.2,131072,,
Llama-3.2-3B-Instruct,3.2,Radeon PRO W7900,gpu,48,FP16,8192,F16,yes,9.93,38.07,131072,,
Llama-3.2-3B-Instruct,3.2,2× RTX 3090,gpu,48,Q4_K_M,8192,F16,yes,7.29,40.71,131072,,
Llama-3.2-3B-Instruct,3.2,2× RTX 3090,gpu,48,Q5_K_M,8192,F16,yes,7.63,40.37,131072,,
Llama-3.2-3B-Instruct,3.2,2× RTX 3090,gpu,48,Q6_K,8192,F16,yes,7.99,40.01,131072,,
Llama-3.2-3B-Instruct,3.2,2× RTX 3090,gpu,48,Q8_0,8192,F16,yes,8.8,39.2,131072,,
Llama-3.2-3B-Instruct,3.2,2× RTX 3090,gpu,48,FP16,8192,F16,yes,11.93,36.07,131072,,
Llama-3.2-3B-Instruct,3.2,2× RTX 4090,gpu,48,Q4_K_M,8192,F16,yes,7.29,40.71,131072,,
Llama-3.2-3B-Instruct,3.2,2× RTX 4090,gpu,48,Q5_K_M,8192,F16,yes,7.63,40.37,131072,,
Llama-3.2-3B-Instruct,3.2,2× RTX 4090,gpu,48,Q6_K,8192,F16,yes,7.99,40.01,131072,,
Llama-3.2-3B-Instruct,3.2,2× RTX 4090,gpu,48,Q8_0,8192,F16,yes,8.8,39.2,131072,,
Llama-3.2-3B-Instruct,3.2,2× RTX 4090,gpu,48,FP16,8192,F16,yes,11.93,36.07,131072,,
Llama-3.2-3B-Instruct,3.2,4× RTX 3090,gpu,96,Q4_K_M,8192,F16,yes,11.29,84.71,131072,,
Llama-3.2-3B-Instruct,3.2,4× RTX 3090,gpu,96,Q5_K_M,8192,F16,yes,11.63,84.37,131072,,
Llama-3.2-3B-Instruct,3.2,4× RTX 3090,gpu,96,Q6_K,8192,F16,yes,11.99,84.01,131072,,
Llama-3.2-3B-Instruct,3.2,4× RTX 3090,gpu,96,Q8_0,8192,F16,yes,12.8,83.2,131072,,
Llama-3.2-3B-Instruct,3.2,4× RTX 3090,gpu,96,FP16,8192,F16,yes,15.93,80.07,131072,,
Llama-3.2-3B-Instruct,3.2,A100 40GB,gpu,40,Q4_K_M,8192,F16,yes,5.29,34.71,131072,,
Llama-3.2-3B-Instruct,3.2,A100 40GB,gpu,40,Q5_K_M,8192,F16,yes,5.63,34.37,131072,,
Llama-3.2-3B-Instruct,3.2,A100 40GB,gpu,40,Q6_K,8192,F16,yes,5.99,34.01,131072,,
Llama-3.2-3B-Instruct,3.2,A100 40GB,gpu,40,Q8_0,8192,F16,yes,6.8,33.2,131072,,
Llama-3.2-3B-Instruct,3.2,A100 40GB,gpu,40,FP16,8192,F16,yes,9.93,30.07,131072,,
Llama-3.2-3B-Instruct,3.2,A100 80GB,gpu,80,Q4_K_M,8192,F16,yes,5.29,74.71,131072,,
Llama-3.2-3B-Instruct,3.2,A100 80GB,gpu,80,Q5_K_M,8192,F16,yes,5.63,74.37,131072,,
Llama-3.2-3B-Instruct,3.2,A100 80GB,gpu,80,Q6_K,8192,F16,yes,5.99,74.01,131072,,
Llama-3.2-3B-Instruct,3.2,A100 80GB,gpu,80,Q8_0,8192,F16,yes,6.8,73.2,131072,,
Llama-3.2-3B-Instruct,3.2,A100 80GB,gpu,80,FP16,8192,F16,yes,9.93,70.07,131072,,
Llama-3.2-3B-Instruct,3.2,H100 80GB,gpu,80,Q4_K_M,8192,F16,yes,5.29,74.71,131072,,
Llama-3.2-3B-Instruct,3.2,H100 80GB,gpu,80,Q5_K_M,8192,F16,yes,5.63,74.37,131072,,
Llama-3.2-3B-Instruct,3.2,H100 80GB,gpu,80,Q6_K,8192,F16,yes,5.99,74.01,131072,,
Llama-3.2-3B-Instruct,3.2,H100 80GB,gpu,80,Q8_0,8192,F16,yes,6.8,73.2,131072,,
Llama-3.2-3B-Instruct,3.2,H100 80GB,gpu,80,FP16,8192,F16,yes,9.93,70.07,131072,,
Llama-3.2-3B-Instruct,3.2,H200 141GB,gpu,141,Q4_K_M,8192,F16,yes,5.29,135.71,131072,,
Llama-3.2-3B-Instruct,3.2,H200 141GB,gpu,141,Q5_K_M,8192,F16,yes,5.63,135.37,131072,,
Llama-3.2-3B-Instruct,3.2,H200 141GB,gpu,141,Q6_K,8192,F16,yes,5.99,135.01,131072,,
Llama-3.2-3B-Instruct,3.2,H200 141GB,gpu,141,Q8_0,8192,F16,yes,6.8,134.2,131072,,
Llama-3.2-3B-Instruct,3.2,H200 141GB,gpu,141,FP16,8192,F16,yes,9.93,131.07,131072,,
Llama-3.2-3B-Instruct,3.2,B200,gpu,192,Q4_K_M,8192,F16,yes,5.29,186.71,131072,,
Llama-3.2-3B-Instruct,3.2,B200,gpu,192,Q5_K_M,8192,F16,yes,5.63,186.37,131072,,
Llama-3.2-3B-Instruct,3.2,B200,gpu,192,Q6_K,8192,F16,yes,5.99,186.01,131072,,
Llama-3.2-3B-Instruct,3.2,B200,gpu,192,Q8_0,8192,F16,yes,6.8,185.2,131072,,
Llama-3.2-3B-Instruct,3.2,B200,gpu,192,FP16,8192,F16,yes,9.93,182.07,131072,,
Llama-3.2-3B-Instruct,3.2,M5 16GB,mac,16,4bit,8192,F16,yes,11.92,4.08,13943,,
Llama-3.2-3B-Instruct,3.2,M5 16GB,mac,16,8bit,8192,F16,tight,13.59,2.41,3023,,
Llama-3.2-3B-Instruct,3.2,M5 16GB,mac,16,16bit,8192,F16,no,16.93,-0.93,0,,
Llama-3.2-3B-Instruct,3.2,M5 24GB,mac,24,4bit,8192,F16,yes,11.92,12.08,55819,,
Llama-3.2-3B-Instruct,3.2,M5 24GB,mac,24,8bit,8192,F16,yes,13.59,10.41,44899,,
Llama-3.2-3B-Instruct,3.2,M5 24GB,mac,24,16bit,8192,F16,yes,16.93,7.07,23059,,
Llama-3.2-3B-Instruct,3.2,M5 32GB,mac,32,4bit,8192,F16,yes,11.42,20.58,100966,,
Llama-3.2-3B-Instruct,3.2,M5 32GB,mac,32,8bit,8192,F16,yes,13.09,18.91,90046,,
Llama-3.2-3B-Instruct,3.2,M5 32GB,mac,32,16bit,8192,F16,yes,16.43,15.57,68206,,
Llama-3.2-3B-Instruct,3.2,M5 Pro 24GB,mac,24,4bit,8192,F16,yes,11.92,12.08,55819,,
Llama-3.2-3B-Instruct,3.2,M5 Pro 24GB,mac,24,8bit,8192,F16,yes,13.59,10.41,44899,,
Llama-3.2-3B-Instruct,3.2,M5 Pro 24GB,mac,24,16bit,8192,F16,yes,16.93,7.07,23059,,
Llama-3.2-3B-Instruct,3.2,M5 Pro 48GB,mac,48,4bit,8192,F16,yes,10.92,37.08,131072,,
Llama-3.2-3B-Instruct,3.2,M5 Pro 48GB,mac,48,8bit,8192,F16,yes,12.59,35.41,131072,,
Llama-3.2-3B-Instruct,3.2,M5 Pro 48GB,mac,48,16bit,8192,F16,yes,15.93,32.07,131072,,
Llama-3.2-3B-Instruct,3.2,M5 Pro 64GB,mac,64,4bit,8192,F16,yes,10.92,53.08,131072,,
Llama-3.2-3B-Instruct,3.2,M5 Pro 64GB,mac,64,8bit,8192,F16,yes,12.59,51.41,131072,,
Llama-3.2-3B-Instruct,3.2,M5 Pro 64GB,mac,64,16bit,8192,F16,yes,15.93,48.07,131072,,
Llama-3.2-3B-Instruct,3.2,M5 Max 36GB,mac,36,4bit,8192,F16,yes,11.42,24.58,121904,,
Llama-3.2-3B-Instruct,3.2,M5 Max 36GB,mac,36,8bit,8192,F16,yes,13.09,22.91,110984,,
Llama-3.2-3B-Instruct,3.2,M5 Max 36GB,mac,36,16bit,8192,F16,yes,16.43,19.57,89144,,
Llama-3.2-3B-Instruct,3.2,M5 Max 48GB,mac,48,4bit,8192,F16,yes,10.92,37.08,131072,,
Llama-3.2-3B-Instruct,3.2,M5 Max 48GB,mac,48,8bit,8192,F16,yes,12.59,35.41,131072,,
Llama-3.2-3B-Instruct,3.2,M5 Max 48GB,mac,48,16bit,8192,F16,yes,15.93,32.07,131072,,
Llama-3.2-3B-Instruct,3.2,M5 Max 64GB,mac,64,4bit,8192,F16,yes,10.92,53.08,131072,,
Llama-3.2-3B-Instruct,3.2,M5 Max 64GB,mac,64,8bit,8192,F16,yes,12.59,51.41,131072,,
Llama-3.2-3B-Instruct,3.2,M5 Max 64GB,mac,64,16bit,8192,F16,yes,15.93,48.07,131072,,
Llama-3.2-3B-Instruct,3.2,M5 Max 128GB,mac,128,4bit,8192,F16,yes,10.92,117.08,131072,,
Llama-3.2-3B-Instruct,3.2,M5 Max 128GB,mac,128,8bit,8192,F16,yes,12.59,115.41,131072,,
Llama-3.2-3B-Instruct,3.2,M5 Max 128GB,mac,128,16bit,8192,F16,yes,15.93,112.07,131072,,
Llama-3.2-3B-Instruct,3.2,M4 16GB,mac,16,4bit,8192,F16,yes,11.92,4.08,13943,,
Llama-3.2-3B-Instruct,3.2,M4 16GB,mac,16,8bit,8192,F16,tight,13.59,2.41,3023,,
Llama-3.2-3B-Instruct,3.2,M4 16GB,mac,16,16bit,8192,F16,no,16.93,-0.93,0,,
Llama-3.2-3B-Instruct,3.2,M4 24GB,mac,24,4bit,8192,F16,yes,11.92,12.08,55819,,
Llama-3.2-3B-Instruct,3.2,M4 24GB,mac,24,8bit,8192,F16,yes,13.59,10.41,44899,,
Llama-3.2-3B-Instruct,3.2,M4 24GB,mac,24,16bit,8192,F16,yes,16.93,7.07,23059,,
Llama-3.2-3B-Instruct,3.2,M4 32GB,mac,32,4bit,8192,F16,yes,11.42,20.58,100966,,
Llama-3.2-3B-Instruct,3.2,M4 32GB,mac,32,8bit,8192,F16,yes,13.09,18.91,90046,,
Llama-3.2-3B-Instruct,3.2,M4 32GB,mac,32,16bit,8192,F16,yes,16.43,15.57,68206,,
Llama-3.2-3B-Instruct,3.2,M4 Pro 24GB,mac,24,4bit,8192,F16,yes,11.92,12.08,55819,,
Llama-3.2-3B-Instruct,3.2,M4 Pro 24GB,mac,24,8bit,8192,F16,yes,13.59,10.41,44899,,
Llama-3.2-3B-Instruct,3.2,M4 Pro 24GB,mac,24,16bit,8192,F16,yes,16.93,7.07,23059,,
Llama-3.2-3B-Instruct,3.2,M4 Pro 48GB,mac,48,4bit,8192,F16,yes,10.92,37.08,131072,,
Llama-3.2-3B-Instruct,3.2,M4 Pro 48GB,mac,48,8bit,8192,F16,yes,12.59,35.41,131072,,
Llama-3.2-3B-Instruct,3.2,M4 Pro 48GB,mac,48,16bit,8192,F16,yes,15.93,32.07,131072,,
Llama-3.2-3B-Instruct,3.2,M4 Pro 64GB,mac,64,4bit,8192,F16,yes,10.92,53.08,131072,,
Llama-3.2-3B-Instruct,3.2,M4 Pro 64GB,mac,64,8bit,8192,F16,yes,12.59,51.41,131072,,
Llama-3.2-3B-Instruct,3.2,M4 Pro 64GB,mac,64,16bit,8192,F16,yes,15.93,48.07,131072,,
Llama-3.2-3B-Instruct,3.2,M4 Max 36GB,mac,36,4bit,8192,F16,yes,11.42,24.58,121904,,
Llama-3.2-3B-Instruct,3.2,M4 Max 36GB,mac,36,8bit,8192,F16,yes,13.09,22.91,110984,,
Llama-3.2-3B-Instruct,3.2,M4 Max 36GB,mac,36,16bit,8192,F16,yes,16.43,19.57,89144,,
Llama-3.2-3B-Instruct,3.2,M4 Max 48GB,mac,48,4bit,8192,F16,yes,10.92,37.08,131072,,
Llama-3.2-3B-Instruct,3.2,M4 Max 48GB,mac,48,8bit,8192,F16,yes,12.59,35.41,131072,,
Llama-3.2-3B-Instruct,3.2,M4 Max 48GB,mac,48,16bit,8192,F16,yes,15.93,32.07,131072,,
Llama-3.2-3B-Instruct,3.2,M4 Max 64GB,mac,64,4bit,8192,F16,yes,10.92,53.08,131072,,
Llama-3.2-3B-Instruct,3.2,M4 Max 64GB,mac,64,8bit,8192,F16,yes,12.59,51.41,131072,,
Llama-3.2-3B-Instruct,3.2,M4 Max 64GB,mac,64,16bit,8192,F16,yes,15.93,48.07,131072,,
Llama-3.2-3B-Instruct,3.2,M4 Max 128GB,mac,128,4bit,8192,F16,yes,10.92,117.08,131072,,
Llama-3.2-3B-Instruct,3.2,M4 Max 128GB,mac,128,8bit,8192,F16,yes,12.59,115.41,131072,,
Llama-3.2-3B-Instruct,3.2,M4 Max 128GB,mac,128,16bit,8192,F16,yes,15.93,112.07,131072,,
Llama-3.2-3B-Instruct,3.2,M3 8GB,mac,8,4bit,8192,F16,no,11.92,-3.92,0,,
Llama-3.2-3B-Instruct,3.2,M3 8GB,mac,8,8bit,8192,F16,no,13.59,-5.59,0,,
Llama-3.2-3B-Instruct,3.2,M3 8GB,mac,8,16bit,8192,F16,no,16.93,-8.93,0,,
Llama-3.2-3B-Instruct,3.2,M3 16GB,mac,16,4bit,8192,F16,yes,11.92,4.08,13943,,
Llama-3.2-3B-Instruct,3.2,M3 16GB,mac,16,8bit,8192,F16,tight,13.59,2.41,3023,,
Llama-3.2-3B-Instruct,3.2,M3 16GB,mac,16,16bit,8192,F16,no,16.93,-0.93,0,,
Llama-3.2-3B-Instruct,3.2,M3 24GB,mac,24,4bit,8192,F16,yes,11.92,12.08,55819,,
Llama-3.2-3B-Instruct,3.2,M3 24GB,mac,24,8bit,8192,F16,yes,13.59,10.41,44899,,
Llama-3.2-3B-Instruct,3.2,M3 24GB,mac,24,16bit,8192,F16,yes,16.93,7.07,23059,,
Llama-3.2-3B-Instruct,3.2,M3 Pro 18GB,mac,18,4bit,8192,F16,yes,11.92,6.08,24412,,
Llama-3.2-3B-Instruct,3.2,M3 Pro 18GB,mac,18,8bit,8192,F16,yes,13.59,4.41,13492,,
Llama-3.2-3B-Instruct,3.2,M3 Pro 18GB,mac,18,16bit,8192,F16,tight,16.93,1.07,0,,
Llama-3.2-3B-Instruct,3.2,M3 Pro 36GB,mac,36,4bit,8192,F16,yes,11.42,24.58,121904,,
Llama-3.2-3B-Instruct,3.2,M3 Pro 36GB,mac,36,8bit,8192,F16,yes,13.09,22.91,110984,,
Llama-3.2-3B-Instruct,3.2,M3 Pro 36GB,mac,36,16bit,8192,F16,yes,16.43,19.57,89144,,
Llama-3.2-3B-Instruct,3.2,M3 Max 36GB,mac,36,4bit,8192,F16,yes,11.42,24.58,121904,,
Llama-3.2-3B-Instruct,3.2,M3 Max 36GB,mac,36,8bit,8192,F16,yes,13.09,22.91,110984,,
Llama-3.2-3B-Instruct,3.2,M3 Max 36GB,mac,36,16bit,8192,F16,yes,16.43,19.57,89144,,
Llama-3.2-3B-Instruct,3.2,M3 Max 48GB,mac,48,4bit,8192,F16,yes,10.92,37.08,131072,,
Llama-3.2-3B-Instruct,3.2,M3 Max 48GB,mac,48,8bit,8192,F16,yes,12.59,35.41,131072,,
Llama-3.2-3B-Instruct,3.2,M3 Max 48GB,mac,48,16bit,8192,F16,yes,15.93,32.07,131072,,
Llama-3.2-3B-Instruct,3.2,M3 Max 64GB,mac,64,4bit,8192,F16,yes,10.92,53.08,131072,,
Llama-3.2-3B-Instruct,3.2,M3 Max 64GB,mac,64,8bit,8192,F16,yes,12.59,51.41,131072,,
Llama-3.2-3B-Instruct,3.2,M3 Max 64GB,mac,64,16bit,8192,F16,yes,15.93,48.07,131072,,
Llama-3.2-3B-Instruct,3.2,M3 Max 96GB,mac,96,4bit,8192,F16,yes,10.92,85.08,131072,,
Llama-3.2-3B-Instruct,3.2,M3 Max 96GB,mac,96,8bit,8192,F16,yes,12.59,83.41,131072,,
Llama-3.2-3B-Instruct,3.2,M3 Max 96GB,mac,96,16bit,8192,F16,yes,15.93,80.07,131072,,
Llama-3.2-3B-Instruct,3.2,M3 Max 128GB,mac,128,4bit,8192,F16,yes,10.92,117.08,131072,,
Llama-3.2-3B-Instruct,3.2,M3 Max 128GB,mac,128,8bit,8192,F16,yes,12.59,115.41,131072,,
Llama-3.2-3B-Instruct,3.2,M3 Max 128GB,mac,128,16bit,8192,F16,yes,15.93,112.07,131072,,
Llama-3.2-3B-Instruct,3.2,M3 Ultra 96GB,mac,96,4bit,8192,F16,yes,10.92,85.08,131072,,
Llama-3.2-3B-Instruct,3.2,M3 Ultra 96GB,mac,96,8bit,8192,F16,yes,12.59,83.41,131072,,
Llama-3.2-3B-Instruct,3.2,M3 Ultra 96GB,mac,96,16bit,8192,F16,yes,15.93,80.07,131072,,
Llama-3.2-3B-Instruct,3.2,M3 Ultra 256GB,mac,256,4bit,8192,F16,yes,10.92,245.08,131072,,
Llama-3.2-3B-Instruct,3.2,M3 Ultra 256GB,mac,256,8bit,8192,F16,yes,12.59,243.41,131072,,
Llama-3.2-3B-Instruct,3.2,M3 Ultra 256GB,mac,256,16bit,8192,F16,yes,15.93,240.07,131072,,
Llama-3.2-3B-Instruct,3.2,M3 Ultra 512GB,mac,512,4bit,8192,F16,yes,10.92,501.08,131072,,
Llama-3.2-3B-Instruct,3.2,M3 Ultra 512GB,mac,512,8bit,8192,F16,yes,12.59,499.41,131072,,
Llama-3.2-3B-Instruct,3.2,M3 Ultra 512GB,mac,512,16bit,8192,F16,yes,15.93,496.07,131072,,
Llama-3.2-3B-Instruct,3.2,M2 8GB,mac,8,4bit,8192,F16,no,11.92,-3.92,0,,
Llama-3.2-3B-Instruct,3.2,M2 8GB,mac,8,8bit,8192,F16,no,13.59,-5.59,0,,
Llama-3.2-3B-Instruct,3.2,M2 8GB,mac,8,16bit,8192,F16,no,16.93,-8.93,0,,
Llama-3.2-3B-Instruct,3.2,M2 16GB,mac,16,4bit,8192,F16,yes,11.92,4.08,13943,,
Llama-3.2-3B-Instruct,3.2,M2 16GB,mac,16,8bit,8192,F16,tight,13.59,2.41,3023,,
Llama-3.2-3B-Instruct,3.2,M2 16GB,mac,16,16bit,8192,F16,no,16.93,-0.93,0,,
Llama-3.2-3B-Instruct,3.2,M2 24GB,mac,24,4bit,8192,F16,yes,11.92,12.08,55819,,
Llama-3.2-3B-Instruct,3.2,M2 24GB,mac,24,8bit,8192,F16,yes,13.59,10.41,44899,,
Llama-3.2-3B-Instruct,3.2,M2 24GB,mac,24,16bit,8192,F16,yes,16.93,7.07,23059,,
Llama-3.2-3B-Instruct,3.2,M2 Pro 16GB,mac,16,4bit,8192,F16,yes,11.92,4.08,13943,,
Llama-3.2-3B-Instruct,3.2,M2 Pro 16GB,mac,16,8bit,8192,F16,tight,13.59,2.41,3023,,
Llama-3.2-3B-Instruct,3.2,M2 Pro 16GB,mac,16,16bit,8192,F16,no,16.93,-0.93,0,,
Llama-3.2-3B-Instruct,3.2,M2 Pro 32GB,mac,32,4bit,8192,F16,yes,11.42,20.58,100966,,
Llama-3.2-3B-Instruct,3.2,M2 Pro 32GB,mac,32,8bit,8192,F16,yes,13.09,18.91,90046,,
Llama-3.2-3B-Instruct,3.2,M2 Pro 32GB,mac,32,16bit,8192,F16,yes,16.43,15.57,68206,,
Llama-3.2-3B-Instruct,3.2,M2 Max 32GB,mac,32,4bit,8192,F16,yes,11.42,20.58,100966,,
Llama-3.2-3B-Instruct,3.2,M2 Max 32GB,mac,32,8bit,8192,F16,yes,13.09,18.91,90046,,
Llama-3.2-3B-Instruct,3.2,M2 Max 32GB,mac,32,16bit,8192,F16,yes,16.43,15.57,68206,,
Llama-3.2-3B-Instruct,3.2,M2 Max 64GB,mac,64,4bit,8192,F16,yes,10.92,53.08,131072,,
Llama-3.2-3B-Instruct,3.2,M2 Max 64GB,mac,64,8bit,8192,F16,yes,12.59,51.41,131072,,
Llama-3.2-3B-Instruct,3.2,M2 Max 64GB,mac,64,16bit,8192,F16,yes,15.93,48.07,131072,,
Llama-3.2-3B-Instruct,3.2,M2 Max 96GB,mac,96,4bit,8192,F16,yes,10.92,85.08,131072,,
Llama-3.2-3B-Instruct,3.2,M2 Max 96GB,mac,96,8bit,8192,F16,yes,12.59,83.41,131072,,
Llama-3.2-3B-Instruct,3.2,M2 Max 96GB,mac,96,16bit,8192,F16,yes,15.93,80.07,131072,,
Llama-3.2-3B-Instruct,3.2,M2 Ultra 64GB,mac,64,4bit,8192,F16,yes,10.92,53.08,131072,,
Llama-3.2-3B-Instruct,3.2,M2 Ultra 64GB,mac,64,8bit,8192,F16,yes,12.59,51.41,131072,,
Llama-3.2-3B-Instruct,3.2,M2 Ultra 64GB,mac,64,16bit,8192,F16,yes,15.93,48.07,131072,,
Llama-3.2-3B-Instruct,3.2,M2 Ultra 128GB,mac,128,4bit,8192,F16,yes,10.92,117.08,131072,,
Llama-3.2-3B-Instruct,3.2,M2 Ultra 128GB,mac,128,8bit,8192,F16,yes,12.59,115.41,131072,,
Llama-3.2-3B-Instruct,3.2,M2 Ultra 128GB,mac,128,16bit,8192,F16,yes,15.93,112.07,131072,,
Llama-3.2-3B-Instruct,3.2,M2 Ultra 192GB,mac,192,4bit,8192,F16,yes,10.92,181.08,131072,,
Llama-3.2-3B-Instruct,3.2,M2 Ultra 192GB,mac,192,8bit,8192,F16,yes,12.59,179.41,131072,,
Llama-3.2-3B-Instruct,3.2,M2 Ultra 192GB,mac,192,16bit,8192,F16,yes,15.93,176.07,131072,,
Llama-3.2-3B-Instruct,3.2,M1 8GB,mac,8,4bit,8192,F16,no,11.92,-3.92,0,,
Llama-3.2-3B-Instruct,3.2,M1 8GB,mac,8,8bit,8192,F16,no,13.59,-5.59,0,,
Llama-3.2-3B-Instruct,3.2,M1 8GB,mac,8,16bit,8192,F16,no,16.93,-8.93,0,,
Llama-3.2-3B-Instruct,3.2,M1 16GB,mac,16,4bit,8192,F16,yes,11.92,4.08,13943,,
Llama-3.2-3B-Instruct,3.2,M1 16GB,mac,16,8bit,8192,F16,tight,13.59,2.41,3023,,
Llama-3.2-3B-Instruct,3.2,M1 16GB,mac,16,16bit,8192,F16,no,16.93,-0.93,0,,
Llama-3.2-3B-Instruct,3.2,M1 Pro 16GB,mac,16,4bit,8192,F16,yes,11.92,4.08,13943,,
Llama-3.2-3B-Instruct,3.2,M1 Pro 16GB,mac,16,8bit,8192,F16,tight,13.59,2.41,3023,,
Llama-3.2-3B-Instruct,3.2,M1 Pro 16GB,mac,16,16bit,8192,F16,no,16.93,-0.93,0,,
Llama-3.2-3B-Instruct,3.2,M1 Pro 32GB,mac,32,4bit,8192,F16,yes,11.42,20.58,100966,,
Llama-3.2-3B-Instruct,3.2,M1 Pro 32GB,mac,32,8bit,8192,F16,yes,13.09,18.91,90046,,
Llama-3.2-3B-Instruct,3.2,M1 Pro 32GB,mac,32,16bit,8192,F16,yes,16.43,15.57,68206,,
Llama-3.2-3B-Instruct,3.2,M1 Max 32GB,mac,32,4bit,8192,F16,yes,11.42,20.58,100966,,
Llama-3.2-3B-Instruct,3.2,M1 Max 32GB,mac,32,8bit,8192,F16,yes,13.09,18.91,90046,,
Llama-3.2-3B-Instruct,3.2,M1 Max 32GB,mac,32,16bit,8192,F16,yes,16.43,15.57,68206,,
Llama-3.2-3B-Instruct,3.2,M1 Max 64GB,mac,64,4bit,8192,F16,yes,10.92,53.08,131072,,
Llama-3.2-3B-Instruct,3.2,M1 Max 64GB,mac,64,8bit,8192,F16,yes,12.59,51.41,131072,,
Llama-3.2-3B-Instruct,3.2,M1 Max 64GB,mac,64,16bit,8192,F16,yes,15.93,48.07,131072,,
Llama-3.2-3B-Instruct,3.2,M1 Ultra 64GB,mac,64,4bit,8192,F16,yes,10.92,53.08,131072,,
Llama-3.2-3B-Instruct,3.2,M1 Ultra 64GB,mac,64,8bit,8192,F16,yes,12.59,51.41,131072,,
Llama-3.2-3B-Instruct,3.2,M1 Ultra 64GB,mac,64,16bit,8192,F16,yes,15.93,48.07,131072,,
Llama-3.2-3B-Instruct,3.2,M1 Ultra 128GB,mac,128,4bit,8192,F16,yes,10.92,117.08,131072,,
Llama-3.2-3B-Instruct,3.2,M1 Ultra 128GB,mac,128,8bit,8192,F16,yes,12.59,115.41,131072,,
Llama-3.2-3B-Instruct,3.2,M1 Ultra 128GB,mac,128,16bit,8192,F16,yes,15.93,112.07,131072,,
Llama-3.1-8B-Instruct,8,RTX 5090,gpu,32,Q4_K_M,8192,F16,yes,8.5,23.5,131072,,
Llama-3.1-8B-Instruct,8,RTX 5090,gpu,32,Q5_K_M,8192,F16,yes,9.35,22.65,131072,,
Llama-3.1-8B-Instruct,8,RTX 5090,gpu,32,Q6_K,8192,F16,yes,10.24,21.76,126504,,
Llama-3.1-8B-Instruct,8,RTX 5090,gpu,32,Q8_0,8192,F16,yes,12.26,19.74,114643,,
Llama-3.1-8B-Instruct,8,RTX 5090,gpu,32,FP16,8192,F16,yes,20.09,11.91,68729,,
Llama-3.1-8B-Instruct,8,RTX 5080,gpu,16,Q4_K_M,8192,F16,yes,8.5,7.5,47509,,
Llama-3.1-8B-Instruct,8,RTX 5080,gpu,16,Q5_K_M,8192,F16,yes,9.35,6.65,42555,,
Llama-3.1-8B-Instruct,8,RTX 5080,gpu,16,Q6_K,8192,F16,yes,10.24,5.76,37292,,
Llama-3.1-8B-Instruct,8,RTX 5080,gpu,16,Q8_0,8192,F16,yes,12.26,3.74,25431,,
Llama-3.1-8B-Instruct,8,RTX 5080,gpu,16,FP16,8192,F16,no,20.09,-4.09,0,,
Llama-3.1-8B-Instruct,8,RTX 5070 Ti,gpu,16,Q4_K_M,8192,F16,yes,8.5,7.5,47509,,
Llama-3.1-8B-Instruct,8,RTX 5070 Ti,gpu,16,Q5_K_M,8192,F16,yes,9.35,6.65,42555,,
Llama-3.1-8B-Instruct,8,RTX 5070 Ti,gpu,16,Q6_K,8192,F16,yes,10.24,5.76,37292,,
Llama-3.1-8B-Instruct,8,RTX 5070 Ti,gpu,16,Q8_0,8192,F16,yes,12.26,3.74,25431,,
Llama-3.1-8B-Instruct,8,RTX 5070 Ti,gpu,16,FP16,8192,F16,no,20.09,-4.09,0,,
Llama-3.1-8B-Instruct,8,RTX 5070,gpu,12,Q4_K_M,8192,F16,yes,8.5,3.5,25206,,
Llama-3.1-8B-Instruct,8,RTX 5070,gpu,12,Q5_K_M,8192,F16,yes,9.35,2.65,20252,,
Llama-3.1-8B-Instruct,8,RTX 5070,gpu,12,Q6_K,8192,F16,yes,10.24,1.76,14989,,
Llama-3.1-8B-Instruct,8,RTX 5070,gpu,12,Q8_0,8192,F16,no,12.26,-0.26,3128,,
Llama-3.1-8B-Instruct,8,RTX 5070,gpu,12,FP16,8192,F16,no,20.09,-8.09,0,,
Llama-3.1-8B-Instruct,8,RTX 4090,gpu,24,Q4_K_M,8192,F16,yes,8.5,15.5,92115,,
Llama-3.1-8B-Instruct,8,RTX 4090,gpu,24,Q5_K_M,8192,F16,yes,9.35,14.65,87161,,
Llama-3.1-8B-Instruct,8,RTX 4090,gpu,24,Q6_K,8192,F16,yes,10.24,13.76,81898,,
Llama-3.1-8B-Instruct,8,RTX 4090,gpu,24,Q8_0,8192,F16,yes,12.26,11.74,70037,,
Llama-3.1-8B-Instruct,8,RTX 4090,gpu,24,FP16,8192,F16,yes,20.09,3.91,24123,,
Llama-3.1-8B-Instruct,8,RTX 4080 SUPER,gpu,16,Q4_K_M,8192,F16,yes,8.5,7.5,47509,,
Llama-3.1-8B-Instruct,8,RTX 4080 SUPER,gpu,16,Q5_K_M,8192,F16,yes,9.35,6.65,42555,,
Llama-3.1-8B-Instruct,8,RTX 4080 SUPER,gpu,16,Q6_K,8192,F16,yes,10.24,5.76,37292,,
Llama-3.1-8B-Instruct,8,RTX 4080 SUPER,gpu,16,Q8_0,8192,F16,yes,12.26,3.74,25431,,
Llama-3.1-8B-Instruct,8,RTX 4080 SUPER,gpu,16,FP16,8192,F16,no,20.09,-4.09,0,,
Llama-3.1-8B-Instruct,8,RTX 4070 Ti SUPER,gpu,16,Q4_K_M,8192,F16,yes,8.5,7.5,47509,,
Llama-3.1-8B-Instruct,8,RTX 4070 Ti SUPER,gpu,16,Q5_K_M,8192,F16,yes,9.35,6.65,42555,,
Llama-3.1-8B-Instruct,8,RTX 4070 Ti SUPER,gpu,16,Q6_K,8192,F16,yes,10.24,5.76,37292,,
Llama-3.1-8B-Instruct,8,RTX 4070 Ti SUPER,gpu,16,Q8_0,8192,F16,yes,12.26,3.74,25431,,
Llama-3.1-8B-Instruct,8,RTX 4070 Ti SUPER,gpu,16,FP16,8192,F16,no,20.09,-4.09,0,,
Llama-3.1-8B-Instruct,8,RTX 4070,gpu,12,Q4_K_M,8192,F16,yes,8.5,3.5,25206,,
Llama-3.1-8B-Instruct,8,RTX 4070,gpu,12,Q5_K_M,8192,F16,yes,9.35,2.65,20252,,
Llama-3.1-8B-Instruct,8,RTX 4070,gpu,12,Q6_K,8192,F16,yes,10.24,1.76,14989,,
Llama-3.1-8B-Instruct,8,RTX 4070,gpu,12,Q8_0,8192,F16,no,12.26,-0.26,3128,,
Llama-3.1-8B-Instruct,8,RTX 4070,gpu,12,FP16,8192,F16,no,20.09,-8.09,0,,
Llama-3.1-8B-Instruct,8,RTX 4060 Ti 16GB,gpu,16,Q4_K_M,8192,F16,yes,8.5,7.5,47509,,
Llama-3.1-8B-Instruct,8,RTX 4060 Ti 16GB,gpu,16,Q5_K_M,8192,F16,yes,9.35,6.65,42555,,
Llama-3.1-8B-Instruct,8,RTX 4060 Ti 16GB,gpu,16,Q6_K,8192,F16,yes,10.24,5.76,37292,,
Llama-3.1-8B-Instruct,8,RTX 4060 Ti 16GB,gpu,16,Q8_0,8192,F16,yes,12.26,3.74,25431,,
Llama-3.1-8B-Instruct,8,RTX 4060 Ti 16GB,gpu,16,FP16,8192,F16,no,20.09,-4.09,0,,
Llama-3.1-8B-Instruct,8,RTX 3090,gpu,24,Q4_K_M,8192,F16,yes,8.5,15.5,92115,,
Llama-3.1-8B-Instruct,8,RTX 3090,gpu,24,Q5_K_M,8192,F16,yes,9.35,14.65,87161,,
Llama-3.1-8B-Instruct,8,RTX 3090,gpu,24,Q6_K,8192,F16,yes,10.24,13.76,81898,,
Llama-3.1-8B-Instruct,8,RTX 3090,gpu,24,Q8_0,8192,F16,yes,12.26,11.74,70037,,
Llama-3.1-8B-Instruct,8,RTX 3090,gpu,24,FP16,8192,F16,yes,20.09,3.91,24123,,
Llama-3.1-8B-Instruct,8,RTX 3090 Ti,gpu,24,Q4_K_M,8192,F16,yes,8.5,15.5,92115,,
Llama-3.1-8B-Instruct,8,RTX 3090 Ti,gpu,24,Q5_K_M,8192,F16,yes,9.35,14.65,87161,,
Llama-3.1-8B-Instruct,8,RTX 3090 Ti,gpu,24,Q6_K,8192,F16,yes,10.24,13.76,81898,,
Llama-3.1-8B-Instruct,8,RTX 3090 Ti,gpu,24,Q8_0,8192,F16,yes,12.26,11.74,70037,,
Llama-3.1-8B-Instruct,8,RTX 3090 Ti,gpu,24,FP16,8192,F16,yes,20.09,3.91,24123,,
Llama-3.1-8B-Instruct,8,RTX 3080 10GB,gpu,10,Q4_K_M,8192,F16,yes,8.5,1.5,14055,,
Llama-3.1-8B-Instruct,8,RTX 3080 10GB,gpu,10,Q5_K_M,8192,F16,yes,9.35,0.65,9101,,
Llama-3.1-8B-Instruct,8,RTX 3080 10GB,gpu,10,Q6_K,8192,F16,no,10.24,-0.24,3838,,
Llama-3.1-8B-Instruct,8,RTX 3080 10GB,gpu,10,Q8_0,8192,F16,no,12.26,-2.26,0,,
Llama-3.1-8B-Instruct,8,RTX 3080 10GB,gpu,10,FP16,8192,F16,no,20.09,-10.09,0,,
Llama-3.1-8B-Instruct,8,RTX 3080 12GB,gpu,12,Q4_K_M,8192,F16,yes,8.5,3.5,25206,,
Llama-3.1-8B-Instruct,8,RTX 3080 12GB,gpu,12,Q5_K_M,8192,F16,yes,9.35,2.65,20252,,
Llama-3.1-8B-Instruct,8,RTX 3080 12GB,gpu,12,Q6_K,8192,F16,yes,10.24,1.76,14989,,
Llama-3.1-8B-Instruct,8,RTX 3080 12GB,gpu,12,Q8_0,8192,F16,no,12.26,-0.26,3128,,
Llama-3.1-8B-Instruct,8,RTX 3080 12GB,gpu,12,FP16,8192,F16,no,20.09,-8.09,0,,
Llama-3.1-8B-Instruct,8,RTX 3060 12GB,gpu,12,Q4_K_M,8192,F16,yes,8.5,3.5,25206,,
Llama-3.1-8B-Instruct,8,RTX 3060 12GB,gpu,12,Q5_K_M,8192,F16,yes,9.35,2.65,20252,,
Llama-3.1-8B-Instruct,8,RTX 3060 12GB,gpu,12,Q6_K,8192,F16,yes,10.24,1.76,14989,,
Llama-3.1-8B-Instruct,8,RTX 3060 12GB,gpu,12,Q8_0,8192,F16,no,12.26,-0.26,3128,,
Llama-3.1-8B-Instruct,8,RTX 3060 12GB,gpu,12,FP16,8192,F16,no,20.09,-8.09,0,,
Llama-3.1-8B-Instruct,8,RTX 5060 Ti 16GB,gpu,16,Q4_K_M,8192,F16,yes,8.5,7.5,47509,,
Llama-3.1-8B-Instruct,8,RTX 5060 Ti 16GB,gpu,16,Q5_K_M,8192,F16,yes,9.35,6.65,42555,,
Llama-3.1-8B-Instruct,8,RTX 5060 Ti 16GB,gpu,16,Q6_K,8192,F16,yes,10.24,5.76,37292,,
Llama-3.1-8B-Instruct,8,RTX 5060 Ti 16GB,gpu,16,Q8_0,8192,F16,yes,12.26,3.74,25431,,
Llama-3.1-8B-Instruct,8,RTX 5060 Ti 16GB,gpu,16,FP16,8192,F16,no,20.09,-4.09,0,,
Llama-3.1-8B-Instruct,8,RTX 4070 Ti,gpu,12,Q4_K_M,8192,F16,yes,8.5,3.5,25206,,
Llama-3.1-8B-Instruct,8,RTX 4070 Ti,gpu,12,Q5_K_M,8192,F16,yes,9.35,2.65,20252,,
Llama-3.1-8B-Instruct,8,RTX 4070 Ti,gpu,12,Q6_K,8192,F16,yes,10.24,1.76,14989,,
Llama-3.1-8B-Instruct,8,RTX 4070 Ti,gpu,12,Q8_0,8192,F16,no,12.26,-0.26,3128,,
Llama-3.1-8B-Instruct,8,RTX 4070 Ti,gpu,12,FP16,8192,F16,no,20.09,-8.09,0,,
Llama-3.1-8B-Instruct,8,RTX 4080,gpu,16,Q4_K_M,8192,F16,yes,8.5,7.5,47509,,
Llama-3.1-8B-Instruct,8,RTX 4080,gpu,16,Q5_K_M,8192,F16,yes,9.35,6.65,42555,,
Llama-3.1-8B-Instruct,8,RTX 4080,gpu,16,Q6_K,8192,F16,yes,10.24,5.76,37292,,
Llama-3.1-8B-Instruct,8,RTX 4080,gpu,16,Q8_0,8192,F16,yes,12.26,3.74,25431,,
Llama-3.1-8B-Instruct,8,RTX 4080,gpu,16,FP16,8192,F16,no,20.09,-4.09,0,,
Llama-3.1-8B-Instruct,8,RTX 4060 Ti 8GB,gpu,8,Q4_K_M,8192,F16,no,8.5,-0.5,2903,,
Llama-3.1-8B-Instruct,8,RTX 4060 Ti 8GB,gpu,8,Q5_K_M,8192,F16,no,9.35,-1.35,0,,
Llama-3.1-8B-Instruct,8,RTX 4060 Ti 8GB,gpu,8,Q6_K,8192,F16,no,10.24,-2.24,0,,
Llama-3.1-8B-Instruct,8,RTX 4060 Ti 8GB,gpu,8,Q8_0,8192,F16,no,12.26,-4.26,0,,
Llama-3.1-8B-Instruct,8,RTX 4060 Ti 8GB,gpu,8,FP16,8192,F16,no,20.09,-12.09,0,,
Llama-3.1-8B-Instruct,8,RTX 3060 8GB,gpu,8,Q4_K_M,8192,F16,no,8.5,-0.5,2903,,
Llama-3.1-8B-Instruct,8,RTX 3060 8GB,gpu,8,Q5_K_M,8192,F16,no,9.35,-1.35,0,,
Llama-3.1-8B-Instruct,8,RTX 3060 8GB,gpu,8,Q6_K,8192,F16,no,10.24,-2.24,0,,
Llama-3.1-8B-Instruct,8,RTX 3060 8GB,gpu,8,Q8_0,8192,F16,no,12.26,-4.26,0,,
Llama-3.1-8B-Instruct,8,RTX 3060 8GB,gpu,8,FP16,8192,F16,no,20.09,-12.09,0,,
Llama-3.1-8B-Instruct,8,RTX 2080 Ti,gpu,11,Q4_K_M,8192,F16,yes,8.5,2.5,19630,,
Llama-3.1-8B-Instruct,8,RTX 2080 Ti,gpu,11,Q5_K_M,8192,F16,yes,9.35,1.65,14677,,
Llama-3.1-8B-Instruct,8,RTX 2080 Ti,gpu,11,Q6_K,8192,F16,yes,10.24,0.76,9413,,
Llama-3.1-8B-Instruct,8,RTX 2080 Ti,gpu,11,Q8_0,8192,F16,no,12.26,-1.26,0,,
Llama-3.1-8B-Instruct,8,RTX 2080 Ti,gpu,11,FP16,8192,F16,no,20.09,-9.09,0,,
Llama-3.1-8B-Instruct,8,RTX 6000 Ada,gpu,48,Q4_K_M,8192,F16,yes,8.5,39.5,131072,,
Llama-3.1-8B-Instruct,8,RTX 6000 Ada,gpu,48,Q5_K_M,8192,F16,yes,9.35,38.65,131072,,
Llama-3.1-8B-Instruct,8,RTX 6000 Ada,gpu,48,Q6_K,8192,F16,yes,10.24,37.76,131072,,
Llama-3.1-8B-Instruct,8,RTX 6000 Ada,gpu,48,Q8_0,8192,F16,yes,12.26,35.74,131072,,
Llama-3.1-8B-Instruct,8,RTX 6000 Ada,gpu,48,FP16,8192,F16,yes,20.09,27.91,131072,,
Llama-3.1-8B-Instruct,8,RTX PRO 6000 Blackwell,gpu,96,Q4_K_M,8192,F16,yes,8.5,87.5,131072,,
Llama-3.1-8B-Instruct,8,RTX PRO 6000 Blackwell,gpu,96,Q5_K_M,8192,F16,yes,9.35,86.65,131072,,
Llama-3.1-8B-Instruct,8,RTX PRO 6000 Blackwell,gpu,96,Q6_K,8192,F16,yes,10.24,85.76,131072,,
Llama-3.1-8B-Instruct,8,RTX PRO 6000 Blackwell,gpu,96,Q8_0,8192,F16,yes,12.26,83.74,131072,,
Llama-3.1-8B-Instruct,8,RTX PRO 6000 Blackwell,gpu,96,FP16,8192,F16,yes,20.09,75.91,131072,,
Llama-3.1-8B-Instruct,8,RX 7900 XTX,gpu,24,Q4_K_M,8192,F16,yes,8.5,15.5,92115,,
Llama-3.1-8B-Instruct,8,RX 7900 XTX,gpu,24,Q5_K_M,8192,F16,yes,9.35,14.65,87161,,
Llama-3.1-8B-Instruct,8,RX 7900 XTX,gpu,24,Q6_K,8192,F16,yes,10.24,13.76,81898,,
Llama-3.1-8B-Instruct,8,RX 7900 XTX,gpu,24,Q8_0,8192,F16,yes,12.26,11.74,70037,,
Llama-3.1-8B-Instruct,8,RX 7900 XTX,gpu,24,FP16,8192,F16,yes,20.09,3.91,24123,,
Llama-3.1-8B-Instruct,8,RX 7900 XT,gpu,20,Q4_K_M,8192,F16,yes,8.5,11.5,69812,,
Llama-3.1-8B-Instruct,8,RX 7900 XT,gpu,20,Q5_K_M,8192,F16,yes,9.35,10.65,64858,,
Llama-3.1-8B-Instruct,8,RX 7900 XT,gpu,20,Q6_K,8192,F16,yes,10.24,9.76,59595,,
Llama-3.1-8B-Instruct,8,RX 7900 XT,gpu,20,Q8_0,8192,F16,yes,12.26,7.74,47734,,
Llama-3.1-8B-Instruct,8,RX 7900 XT,gpu,20,FP16,8192,F16,no,20.09,-0.09,1820,,
Llama-3.1-8B-Instruct,8,RX 7800 XT,gpu,16,Q4_K_M,8192,F16,yes,8.5,7.5,47509,,
Llama-3.1-8B-Instruct,8,RX 7800 XT,gpu,16,Q5_K_M,8192,F16,yes,9.35,6.65,42555,,
Llama-3.1-8B-Instruct,8,RX 7800 XT,gpu,16,Q6_K,8192,F16,yes,10.24,5.76,37292,,
Llama-3.1-8B-Instruct,8,RX 7800 XT,gpu,16,Q8_0,8192,F16,yes,12.26,3.74,25431,,
Llama-3.1-8B-Instruct,8,RX 7800 XT,gpu,16,FP16,8192,F16,no,20.09,-4.09,0,,
Llama-3.1-8B-Instruct,8,RX 9070 XT,gpu,16,Q4_K_M,8192,F16,yes,8.5,7.5,47509,,
Llama-3.1-8B-Instruct,8,RX 9070 XT,gpu,16,Q5_K_M,8192,F16,yes,9.35,6.65,42555,,
Llama-3.1-8B-Instruct,8,RX 9070 XT,gpu,16,Q6_K,8192,F16,yes,10.24,5.76,37292,,
Llama-3.1-8B-Instruct,8,RX 9070 XT,gpu,16,Q8_0,8192,F16,yes,12.26,3.74,25431,,
Llama-3.1-8B-Instruct,8,RX 9070 XT,gpu,16,FP16,8192,F16,no,20.09,-4.09,0,,
Llama-3.1-8B-Instruct,8,RX 9070,gpu,16,Q4_K_M,8192,F16,yes,8.5,7.5,47509,,
Llama-3.1-8B-Instruct,8,RX 9070,gpu,16,Q5_K_M,8192,F16,yes,9.35,6.65,42555,,
Llama-3.1-8B-Instruct,8,RX 9070,gpu,16,Q6_K,8192,F16,yes,10.24,5.76,37292,,
Llama-3.1-8B-Instruct,8,RX 9070,gpu,16,Q8_0,8192,F16,yes,12.26,3.74,25431,,
Llama-3.1-8B-Instruct,8,RX 9070,gpu,16,FP16,8192,F16,no,20.09,-4.09,0,,
Llama-3.1-8B-Instruct,8,Radeon PRO W7900,gpu,48,Q4_K_M,8192,F16,yes,8.5,39.5,131072,,
Llama-3.1-8B-Instruct,8,Radeon PRO W7900,gpu,48,Q5_K_M,8192,F16,yes,9.35,38.65,131072,,
Llama-3.1-8B-Instruct,8,Radeon PRO W7900,gpu,48,Q6_K,8192,F16,yes,10.24,37.76,131072,,
Llama-3.1-8B-Instruct,8,Radeon PRO W7900,gpu,48,Q8_0,8192,F16,yes,12.26,35.74,131072,,
Llama-3.1-8B-Instruct,8,Radeon PRO W7900,gpu,48,FP16,8192,F16,yes,20.09,27.91,131072,,
Llama-3.1-8B-Instruct,8,2× RTX 3090,gpu,48,Q4_K_M,8192,F16,yes,10.5,37.5,131072,,
Llama-3.1-8B-Instruct,8,2× RTX 3090,gpu,48,Q5_K_M,8192,F16,yes,11.35,36.65,131072,,
Llama-3.1-8B-Instruct,8,2× RTX 3090,gpu,48,Q6_K,8192,F16,yes,12.24,35.76,131072,,
Llama-3.1-8B-Instruct,8,2× RTX 3090,gpu,48,Q8_0,8192,F16,yes,14.26,33.74,131072,,
Llama-3.1-8B-Instruct,8,2× RTX 3090,gpu,48,FP16,8192,F16,yes,22.09,25.91,131072,,
Llama-3.1-8B-Instruct,8,2× RTX 4090,gpu,48,Q4_K_M,8192,F16,yes,10.5,37.5,131072,,
Llama-3.1-8B-Instruct,8,2× RTX 4090,gpu,48,Q5_K_M,8192,F16,yes,11.35,36.65,131072,,
Llama-3.1-8B-Instruct,8,2× RTX 4090,gpu,48,Q6_K,8192,F16,yes,12.24,35.76,131072,,
Llama-3.1-8B-Instruct,8,2× RTX 4090,gpu,48,Q8_0,8192,F16,yes,14.26,33.74,131072,,
Llama-3.1-8B-Instruct,8,2× RTX 4090,gpu,48,FP16,8192,F16,yes,22.09,25.91,131072,,
Llama-3.1-8B-Instruct,8,4× RTX 3090,gpu,96,Q4_K_M,8192,F16,yes,14.5,81.5,131072,,
Llama-3.1-8B-Instruct,8,4× RTX 3090,gpu,96,Q5_K_M,8192,F16,yes,15.35,80.65,131072,,
Llama-3.1-8B-Instruct,8,4× RTX 3090,gpu,96,Q6_K,8192,F16,yes,16.24,79.76,131072,,
Llama-3.1-8B-Instruct,8,4× RTX 3090,gpu,96,Q8_0,8192,F16,yes,18.26,77.74,131072,,
Llama-3.1-8B-Instruct,8,4× RTX 3090,gpu,96,FP16,8192,F16,yes,26.09,69.91,131072,,
Llama-3.1-8B-Instruct,8,A100 40GB,gpu,40,Q4_K_M,8192,F16,yes,8.5,31.5,131072,,
Llama-3.1-8B-Instruct,8,A100 40GB,gpu,40,Q5_K_M,8192,F16,yes,9.35,30.65,131072,,
Llama-3.1-8B-Instruct,8,A100 40GB,gpu,40,Q6_K,8192,F16,yes,10.24,29.76,131072,,
Llama-3.1-8B-Instruct,8,A100 40GB,gpu,40,Q8_0,8192,F16,yes,12.26,27.74,131072,,
Llama-3.1-8B-Instruct,8,A100 40GB,gpu,40,FP16,8192,F16,yes,20.09,19.91,113335,,
Llama-3.1-8B-Instruct,8,A100 80GB,gpu,80,Q4_K_M,8192,F16,yes,8.5,71.5,131072,,
Llama-3.1-8B-Instruct,8,A100 80GB,gpu,80,Q5_K_M,8192,F16,yes,9.35,70.65,131072,,
Llama-3.1-8B-Instruct,8,A100 80GB,gpu,80,Q6_K,8192,F16,yes,10.24,69.76,131072,,
Llama-3.1-8B-Instruct,8,A100 80GB,gpu,80,Q8_0,8192,F16,yes,12.26,67.74,131072,,
Llama-3.1-8B-Instruct,8,A100 80GB,gpu,80,FP16,8192,F16,yes,20.09,59.91,131072,,
Llama-3.1-8B-Instruct,8,H100 80GB,gpu,80,Q4_K_M,8192,F16,yes,8.5,71.5,131072,,
Llama-3.1-8B-Instruct,8,H100 80GB,gpu,80,Q5_K_M,8192,F16,yes,9.35,70.65,131072,,
Llama-3.1-8B-Instruct,8,H100 80GB,gpu,80,Q6_K,8192,F16,yes,10.24,69.76,131072,,
Llama-3.1-8B-Instruct,8,H100 80GB,gpu,80,Q8_0,8192,F16,yes,12.26,67.74,131072,,
Llama-3.1-8B-Instruct,8,H100 80GB,gpu,80,FP16,8192,F16,yes,20.09,59.91,131072,,
Llama-3.1-8B-Instruct,8,H200 141GB,gpu,141,Q4_K_M,8192,F16,yes,8.5,132.5,131072,,
Llama-3.1-8B-Instruct,8,H200 141GB,gpu,141,Q5_K_M,8192,F16,yes,9.35,131.65,131072,,
Llama-3.1-8B-Instruct,8,H200 141GB,gpu,141,Q6_K,8192,F16,yes,10.24,130.76,131072,,
Llama-3.1-8B-Instruct,8,H200 141GB,gpu,141,Q8_0,8192,F16,yes,12.26,128.74,131072,,
Llama-3.1-8B-Instruct,8,H200 141GB,gpu,141,FP16,8192,F16,yes,20.09,120.91,131072,,
Llama-3.1-8B-Instruct,8,B200,gpu,192,Q4_K_M,8192,F16,yes,8.5,183.5,131072,,
Llama-3.1-8B-Instruct,8,B200,gpu,192,Q5_K_M,8192,F16,yes,9.35,182.65,131072,,
Llama-3.1-8B-Instruct,8,B200,gpu,192,Q6_K,8192,F16,yes,10.24,181.76,131072,,
Llama-3.1-8B-Instruct,8,B200,gpu,192,Q8_0,8192,F16,yes,12.26,179.74,131072,,
Llama-3.1-8B-Instruct,8,B200,gpu,192,FP16,8192,F16,yes,20.09,171.91,131072,,
Llama-3.1-8B-Instruct,8,M5 16GB,mac,16,4bit,8192,F16,tight,14.57,1.43,0,,
Llama-3.1-8B-Instruct,8,M5 16GB,mac,16,8bit,8192,F16,no,18.74,-2.74,0,,
Llama-3.1-8B-Instruct,8,M5 16GB,mac,16,16bit,8192,F16,no,27.09,-11.09,0,,
Llama-3.1-8B-Instruct,8,M5 24GB,mac,24,4bit,8192,F16,yes,14.57,9.43,35377,,
Llama-3.1-8B-Instruct,8,M5 24GB,mac,24,8bit,8192,F16,yes,18.74,5.26,10889,,
Llama-3.1-8B-Instruct,8,M5 24GB,mac,24,16bit,8192,F16,no,27.09,-3.09,0,,
Llama-3.1-8B-Instruct,8,M5 32GB,mac,32,4bit,8192,F16,yes,14.07,17.93,75875,,
Llama-3.1-8B-Instruct,8,M5 32GB,mac,32,8bit,8192,F16,yes,18.24,13.76,51386,,
Llama-3.1-8B-Instruct,8,M5 32GB,mac,32,16bit,8192,F16,tight,26.59,5.41,2410,,
Llama-3.1-8B-Instruct,8,M5 Pro 24GB,mac,24,4bit,8192,F16,yes,14.57,9.43,35377,,
Llama-3.1-8B-Instruct,8,M5 Pro 24GB,mac,24,8bit,8192,F16,yes,18.74,5.26,10889,,
Llama-3.1-8B-Instruct,8,M5 Pro 24GB,mac,24,16bit,8192,F16,no,27.09,-3.09,0,,
Llama-3.1-8B-Instruct,8,M5 Pro 48GB,mac,48,4bit,8192,F16,yes,13.57,34.43,131072,,
Llama-3.1-8B-Instruct,8,M5 Pro 48GB,mac,48,8bit,8192,F16,yes,17.74,30.26,129447,,
Llama-3.1-8B-Instruct,8,M5 Pro 48GB,mac,48,16bit,8192,F16,yes,26.09,21.91,80470,,
Llama-3.1-8B-Instruct,8,M5 Pro 64GB,mac,64,4bit,8192,F16,yes,13.57,50.43,131072,,
Llama-3.1-8B-Instruct,8,M5 Pro 64GB,mac,64,8bit,8192,F16,yes,17.74,46.26,131072,,
Llama-3.1-8B-Instruct,8,M5 Pro 64GB,mac,64,16bit,8192,F16,yes,26.09,37.91,131072,,
Llama-3.1-8B-Instruct,8,M5 Max 36GB,mac,36,4bit,8192,F16,yes,14.07,21.93,94656,,
Llama-3.1-8B-Instruct,8,M5 Max 36GB,mac,36,8bit,8192,F16,yes,18.24,17.76,70168,,
Llama-3.1-8B-Instruct,8,M5 Max 36GB,mac,36,16bit,8192,F16,yes,26.59,9.41,21191,,
Llama-3.1-8B-Instruct,8,M5 Max 48GB,mac,48,4bit,8192,F16,yes,13.57,34.43,131072,,
Llama-3.1-8B-Instruct,8,M5 Max 48GB,mac,48,8bit,8192,F16,yes,17.74,30.26,129447,,
Llama-3.1-8B-Instruct,8,M5 Max 48GB,mac,48,16bit,8192,F16,yes,26.09,21.91,80470,,
Llama-3.1-8B-Instruct,8,M5 Max 64GB,mac,64,4bit,8192,F16,yes,13.57,50.43,131072,,
Llama-3.1-8B-Instruct,8,M5 Max 64GB,mac,64,8bit,8192,F16,yes,17.74,46.26,131072,,
Llama-3.1-8B-Instruct,8,M5 Max 64GB,mac,64,16bit,8192,F16,yes,26.09,37.91,131072,,
Llama-3.1-8B-Instruct,8,M5 Max 128GB,mac,128,4bit,8192,F16,yes,13.57,114.43,131072,,
Llama-3.1-8B-Instruct,8,M5 Max 128GB,mac,128,8bit,8192,F16,yes,17.74,110.26,131072,,
Llama-3.1-8B-Instruct,8,M5 Max 128GB,mac,128,16bit,8192,F16,yes,26.09,101.91,131072,,
Llama-3.1-8B-Instruct,8,M4 16GB,mac,16,4bit,8192,F16,tight,14.57,1.43,0,,
Llama-3.1-8B-Instruct,8,M4 16GB,mac,16,8bit,8192,F16,no,18.74,-2.74,0,,
Llama-3.1-8B-Instruct,8,M4 16GB,mac,16,16bit,8192,F16,no,27.09,-11.09,0,,
Llama-3.1-8B-Instruct,8,M4 24GB,mac,24,4bit,8192,F16,yes,14.57,9.43,35377,,
Llama-3.1-8B-Instruct,8,M4 24GB,mac,24,8bit,8192,F16,yes,18.74,5.26,10889,,
Llama-3.1-8B-Instruct,8,M4 24GB,mac,24,16bit,8192,F16,no,27.09,-3.09,0,,
Llama-3.1-8B-Instruct,8,M4 32GB,mac,32,4bit,8192,F16,yes,14.07,17.93,75875,,
Llama-3.1-8B-Instruct,8,M4 32GB,mac,32,8bit,8192,F16,yes,18.24,13.76,51386,,
Llama-3.1-8B-Instruct,8,M4 32GB,mac,32,16bit,8192,F16,tight,26.59,5.41,2410,,
Llama-3.1-8B-Instruct,8,M4 Pro 24GB,mac,24,4bit,8192,F16,yes,14.57,9.43,35377,,
Llama-3.1-8B-Instruct,8,M4 Pro 24GB,mac,24,8bit,8192,F16,yes,18.74,5.26,10889,,
Llama-3.1-8B-Instruct,8,M4 Pro 24GB,mac,24,16bit,8192,F16,no,27.09,-3.09,0,,
Llama-3.1-8B-Instruct,8,M4 Pro 48GB,mac,48,4bit,8192,F16,yes,13.57,34.43,131072,,
Llama-3.1-8B-Instruct,8,M4 Pro 48GB,mac,48,8bit,8192,F16,yes,17.74,30.26,129447,,
Llama-3.1-8B-Instruct,8,M4 Pro 48GB,mac,48,16bit,8192,F16,yes,26.09,21.91,80470,,
Llama-3.1-8B-Instruct,8,M4 Pro 64GB,mac,64,4bit,8192,F16,yes,13.57,50.43,131072,,
Llama-3.1-8B-Instruct,8,M4 Pro 64GB,mac,64,8bit,8192,F16,yes,17.74,46.26,131072,,
Llama-3.1-8B-Instruct,8,M4 Pro 64GB,mac,64,16bit,8192,F16,yes,26.09,37.91,131072,,
Llama-3.1-8B-Instruct,8,M4 Max 36GB,mac,36,4bit,8192,F16,yes,14.07,21.93,94656,,
Llama-3.1-8B-Instruct,8,M4 Max 36GB,mac,36,8bit,8192,F16,yes,18.24,17.76,70168,,
Llama-3.1-8B-Instruct,8,M4 Max 36GB,mac,36,16bit,8192,F16,yes,26.59,9.41,21191,,
Llama-3.1-8B-Instruct,8,M4 Max 48GB,mac,48,4bit,8192,F16,yes,13.57,34.43,131072,,
Llama-3.1-8B-Instruct,8,M4 Max 48GB,mac,48,8bit,8192,F16,yes,17.74,30.26,129447,,
Llama-3.1-8B-Instruct,8,M4 Max 48GB,mac,48,16bit,8192,F16,yes,26.09,21.91,80470,,
Llama-3.1-8B-Instruct,8,M4 Max 64GB,mac,64,4bit,8192,F16,yes,13.57,50.43,131072,,
Llama-3.1-8B-Instruct,8,M4 Max 64GB,mac,64,8bit,8192,F16,yes,17.74,46.26,131072,,
Llama-3.1-8B-Instruct,8,M4 Max 64GB,mac,64,16bit,8192,F16,yes,26.09,37.91,131072,,
Llama-3.1-8B-Instruct,8,M4 Max 128GB,mac,128,4bit,8192,F16,yes,13.57,114.43,131072,,
Llama-3.1-8B-Instruct,8,M4 Max 128GB,mac,128,8bit,8192,F16,yes,17.74,110.26,131072,,
Llama-3.1-8B-Instruct,8,M4 Max 128GB,mac,128,16bit,8192,F16,yes,26.09,101.91,131072,,
Llama-3.1-8B-Instruct,8,M3 8GB,mac,8,4bit,8192,F16,no,14.57,-6.57,0,,
Llama-3.1-8B-Instruct,8,M3 8GB,mac,8,8bit,8192,F16,no,18.74,-10.74,0,,
Llama-3.1-8B-Instruct,8,M3 8GB,mac,8,16bit,8192,F16,no,27.09,-19.09,0,,
Llama-3.1-8B-Instruct,8,M3 16GB,mac,16,4bit,8192,F16,tight,14.57,1.43,0,,
Llama-3.1-8B-Instruct,8,M3 16GB,mac,16,8bit,8192,F16,no,18.74,-2.74,0,,
Llama-3.1-8B-Instruct,8,M3 16GB,mac,16,16bit,8192,F16,no,27.09,-11.09,0,,
Llama-3.1-8B-Instruct,8,M3 24GB,mac,24,4bit,8192,F16,yes,14.57,9.43,35377,,
Llama-3.1-8B-Instruct,8,M3 24GB,mac,24,8bit,8192,F16,yes,18.74,5.26,10889,,
Llama-3.1-8B-Instruct,8,M3 24GB,mac,24,16bit,8192,F16,no,27.09,-3.09,0,,
Llama-3.1-8B-Instruct,8,M3 Pro 18GB,mac,18,4bit,8192,F16,tight,14.57,3.43,7205,,
Llama-3.1-8B-Instruct,8,M3 Pro 18GB,mac,18,8bit,8192,F16,no,18.74,-0.74,0,,
Llama-3.1-8B-Instruct,8,M3 Pro 18GB,mac,18,16bit,8192,F16,no,27.09,-9.09,0,,
Llama-3.1-8B-Instruct,8,M3 Pro 36GB,mac,36,4bit,8192,F16,yes,14.07,21.93,94656,,
Llama-3.1-8B-Instruct,8,M3 Pro 36GB,mac,36,8bit,8192,F16,yes,18.24,17.76,70168,,
Llama-3.1-8B-Instruct,8,M3 Pro 36GB,mac,36,16bit,8192,F16,yes,26.59,9.41,21191,,
Llama-3.1-8B-Instruct,8,M3 Max 36GB,mac,36,4bit,8192,F16,yes,14.07,21.93,94656,,
Llama-3.1-8B-Instruct,8,M3 Max 36GB,mac,36,8bit,8192,F16,yes,18.24,17.76,70168,,
Llama-3.1-8B-Instruct,8,M3 Max 36GB,mac,36,16bit,8192,F16,yes,26.59,9.41,21191,,
Llama-3.1-8B-Instruct,8,M3 Max 48GB,mac,48,4bit,8192,F16,yes,13.57,34.43,131072,,
Llama-3.1-8B-Instruct,8,M3 Max 48GB,mac,48,8bit,8192,F16,yes,17.74,30.26,129447,,
Llama-3.1-8B-Instruct,8,M3 Max 48GB,mac,48,16bit,8192,F16,yes,26.09,21.91,80470,,
Llama-3.1-8B-Instruct,8,M3 Max 64GB,mac,64,4bit,8192,F16,yes,13.57,50.43,131072,,
Llama-3.1-8B-Instruct,8,M3 Max 64GB,mac,64,8bit,8192,F16,yes,17.74,46.26,131072,,
Llama-3.1-8B-Instruct,8,M3 Max 64GB,mac,64,16bit,8192,F16,yes,26.09,37.91,131072,,
Llama-3.1-8B-Instruct,8,M3 Max 96GB,mac,96,4bit,8192,F16,yes,13.57,82.43,131072,,
Llama-3.1-8B-Instruct,8,M3 Max 96GB,mac,96,8bit,8192,F16,yes,17.74,78.26,131072,,
Llama-3.1-8B-Instruct,8,M3 Max 96GB,mac,96,16bit,8192,F16,yes,26.09,69.91,131072,,
Llama-3.1-8B-Instruct,8,M3 Max 128GB,mac,128,4bit,8192,F16,yes,13.57,114.43,131072,,
Llama-3.1-8B-Instruct,8,M3 Max 128GB,mac,128,8bit,8192,F16,yes,17.74,110.26,131072,,
Llama-3.1-8B-Instruct,8,M3 Max 128GB,mac,128,16bit,8192,F16,yes,26.09,101.91,131072,,
Llama-3.1-8B-Instruct,8,M3 Ultra 96GB,mac,96,4bit,8192,F16,yes,13.57,82.43,131072,,
Llama-3.1-8B-Instruct,8,M3 Ultra 96GB,mac,96,8bit,8192,F16,yes,17.74,78.26,131072,,
Llama-3.1-8B-Instruct,8,M3 Ultra 96GB,mac,96,16bit,8192,F16,yes,26.09,69.91,131072,,
Llama-3.1-8B-Instruct,8,M3 Ultra 256GB,mac,256,4bit,8192,F16,yes,13.57,242.43,131072,,
Llama-3.1-8B-Instruct,8,M3 Ultra 256GB,mac,256,8bit,8192,F16,yes,17.74,238.26,131072,,
Llama-3.1-8B-Instruct,8,M3 Ultra 256GB,mac,256,16bit,8192,F16,yes,26.09,229.91,131072,,
Llama-3.1-8B-Instruct,8,M3 Ultra 512GB,mac,512,4bit,8192,F16,yes,13.57,498.43,131072,,
Llama-3.1-8B-Instruct,8,M3 Ultra 512GB,mac,512,8bit,8192,F16,yes,17.74,494.26,131072,,
Llama-3.1-8B-Instruct,8,M3 Ultra 512GB,mac,512,16bit,8192,F16,yes,26.09,485.91,131072,,
Llama-3.1-8B-Instruct,8,M2 8GB,mac,8,4bit,8192,F16,no,14.57,-6.57,0,,
Llama-3.1-8B-Instruct,8,M2 8GB,mac,8,8bit,8192,F16,no,18.74,-10.74,0,,
Llama-3.1-8B-Instruct,8,M2 8GB,mac,8,16bit,8192,F16,no,27.09,-19.09,0,,
Llama-3.1-8B-Instruct,8,M2 16GB,mac,16,4bit,8192,F16,tight,14.57,1.43,0,,
Llama-3.1-8B-Instruct,8,M2 16GB,mac,16,8bit,8192,F16,no,18.74,-2.74,0,,
Llama-3.1-8B-Instruct,8,M2 16GB,mac,16,16bit,8192,F16,no,27.09,-11.09,0,,
Llama-3.1-8B-Instruct,8,M2 24GB,mac,24,4bit,8192,F16,yes,14.57,9.43,35377,,
Llama-3.1-8B-Instruct,8,M2 24GB,mac,24,8bit,8192,F16,yes,18.74,5.26,10889,,
Llama-3.1-8B-Instruct,8,M2 24GB,mac,24,16bit,8192,F16,no,27.09,-3.09,0,,
Llama-3.1-8B-Instruct,8,M2 Pro 16GB,mac,16,4bit,8192,F16,tight,14.57,1.43,0,,
Llama-3.1-8B-Instruct,8,M2 Pro 16GB,mac,16,8bit,8192,F16,no,18.74,-2.74,0,,
Llama-3.1-8B-Instruct,8,M2 Pro 16GB,mac,16,16bit,8192,F16,no,27.09,-11.09,0,,
Llama-3.1-8B-Instruct,8,M2 Pro 32GB,mac,32,4bit,8192,F16,yes,14.07,17.93,75875,,
Llama-3.1-8B-Instruct,8,M2 Pro 32GB,mac,32,8bit,8192,F16,yes,18.24,13.76,51386,,
Llama-3.1-8B-Instruct,8,M2 Pro 32GB,mac,32,16bit,8192,F16,tight,26.59,5.41,2410,,
Llama-3.1-8B-Instruct,8,M2 Max 32GB,mac,32,4bit,8192,F16,yes,14.07,17.93,75875,,
Llama-3.1-8B-Instruct,8,M2 Max 32GB,mac,32,8bit,8192,F16,yes,18.24,13.76,51386,,
Llama-3.1-8B-Instruct,8,M2 Max 32GB,mac,32,16bit,8192,F16,tight,26.59,5.41,2410,,
Llama-3.1-8B-Instruct,8,M2 Max 64GB,mac,64,4bit,8192,F16,yes,13.57,50.43,131072,,
Llama-3.1-8B-Instruct,8,M2 Max 64GB,mac,64,8bit,8192,F16,yes,17.74,46.26,131072,,
Llama-3.1-8B-Instruct,8,M2 Max 64GB,mac,64,16bit,8192,F16,yes,26.09,37.91,131072,,
Llama-3.1-8B-Instruct,8,M2 Max 96GB,mac,96,4bit,8192,F16,yes,13.57,82.43,131072,,
Llama-3.1-8B-Instruct,8,M2 Max 96GB,mac,96,8bit,8192,F16,yes,17.74,78.26,131072,,
Llama-3.1-8B-Instruct,8,M2 Max 96GB,mac,96,16bit,8192,F16,yes,26.09,69.91,131072,,
Llama-3.1-8B-Instruct,8,M2 Ultra 64GB,mac,64,4bit,8192,F16,yes,13.57,50.43,131072,,
Llama-3.1-8B-Instruct,8,M2 Ultra 64GB,mac,64,8bit,8192,F16,yes,17.74,46.26,131072,,
Llama-3.1-8B-Instruct,8,M2 Ultra 64GB,mac,64,16bit,8192,F16,yes,26.09,37.91,131072,,
Llama-3.1-8B-Instruct,8,M2 Ultra 128GB,mac,128,4bit,8192,F16,yes,13.57,114.43,131072,,
Llama-3.1-8B-Instruct,8,M2 Ultra 128GB,mac,128,8bit,8192,F16,yes,17.74,110.26,131072,,
Llama-3.1-8B-Instruct,8,M2 Ultra 128GB,mac,128,16bit,8192,F16,yes,26.09,101.91,131072,,
Llama-3.1-8B-Instruct,8,M2 Ultra 192GB,mac,192,4bit,8192,F16,yes,13.57,178.43,131072,,
Llama-3.1-8B-Instruct,8,M2 Ultra 192GB,mac,192,8bit,8192,F16,yes,17.74,174.26,131072,,
Llama-3.1-8B-Instruct,8,M2 Ultra 192GB,mac,192,16bit,8192,F16,yes,26.09,165.91,131072,,
Llama-3.1-8B-Instruct,8,M1 8GB,mac,8,4bit,8192,F16,no,14.57,-6.57,0,,
Llama-3.1-8B-Instruct,8,M1 8GB,mac,8,8bit,8192,F16,no,18.74,-10.74,0,,
Llama-3.1-8B-Instruct,8,M1 8GB,mac,8,16bit,8192,F16,no,27.09,-19.09,0,,
Llama-3.1-8B-Instruct,8,M1 16GB,mac,16,4bit,8192,F16,tight,14.57,1.43,0,,
Llama-3.1-8B-Instruct,8,M1 16GB,mac,16,8bit,8192,F16,no,18.74,-2.74,0,,
Llama-3.1-8B-Instruct,8,M1 16GB,mac,16,16bit,8192,F16,no,27.09,-11.09,0,,
Llama-3.1-8B-Instruct,8,M1 Pro 16GB,mac,16,4bit,8192,F16,tight,14.57,1.43,0,,
Llama-3.1-8B-Instruct,8,M1 Pro 16GB,mac,16,8bit,8192,F16,no,18.74,-2.74,0,,
Llama-3.1-8B-Instruct,8,M1 Pro 16GB,mac,16,16bit,8192,F16,no,27.09,-11.09,0,,
Llama-3.1-8B-Instruct,8,M1 Pro 32GB,mac,32,4bit,8192,F16,yes,14.07,17.93,75875,,
Llama-3.1-8B-Instruct,8,M1 Pro 32GB,mac,32,8bit,8192,F16,yes,18.24,13.76,51386,,
Llama-3.1-8B-Instruct,8,M1 Pro 32GB,mac,32,16bit,8192,F16,tight,26.59,5.41,2410,,
Llama-3.1-8B-Instruct,8,M1 Max 32GB,mac,32,4bit,8192,F16,yes,14.07,17.93,75875,,
Llama-3.1-8B-Instruct,8,M1 Max 32GB,mac,32,8bit,8192,F16,yes,18.24,13.76,51386,,
Llama-3.1-8B-Instruct,8,M1 Max 32GB,mac,32,16bit,8192,F16,tight,26.59,5.41,2410,,
Llama-3.1-8B-Instruct,8,M1 Max 64GB,mac,64,4bit,8192,F16,yes,13.57,50.43,131072,,
Llama-3.1-8B-Instruct,8,M1 Max 64GB,mac,64,8bit,8192,F16,yes,17.74,46.26,131072,,
Llama-3.1-8B-Instruct,8,M1 Max 64GB,mac,64,16bit,8192,F16,yes,26.09,37.91,131072,,
Llama-3.1-8B-Instruct,8,M1 Ultra 64GB,mac,64,4bit,8192,F16,yes,13.57,50.43,131072,,
Llama-3.1-8B-Instruct,8,M1 Ultra 64GB,mac,64,8bit,8192,F16,yes,17.74,46.26,131072,,
Llama-3.1-8B-Instruct,8,M1 Ultra 64GB,mac,64,16bit,8192,F16,yes,26.09,37.91,131072,,
Llama-3.1-8B-Instruct,8,M1 Ultra 128GB,mac,128,4bit,8192,F16,yes,13.57,114.43,131072,,
Llama-3.1-8B-Instruct,8,M1 Ultra 128GB,mac,128,8bit,8192,F16,yes,17.74,110.26,131072,,
Llama-3.1-8B-Instruct,8,M1 Ultra 128GB,mac,128,16bit,8192,F16,yes,26.09,101.91,131072,,
